pair,wave,fold,match,logit,xgboost,logit 2-stage,xgboost 2-stage
"(1, 11)",1,1,0,0.10878495466392776,0.044300053268671036,0.11105769854357783,0.1119086891412735
"(1, 12)",1,1,0,0.34784482905276587,0.15411195158958435,0.26660996271417825,0.434927374124527
"(1, 13)",1,1,1,0.15638088540591707,0.12401771545410156,0.16480460053821608,0.2724674940109253
"(1, 14)",1,1,1,0.2923717319447568,0.2891331613063812,0.28075616701103223,0.3923642337322235
"(1, 15)",1,1,1,0.21836301743631728,0.1973341405391693,0.21124862468530237,0.347326397895813
"(1, 16)",1,1,0,0.1465701669129476,0.08865015208721161,0.13516746252705866,0.16296130418777466
"(1, 17)",1,1,0,0.16115737496697818,0.060652993619441986,0.11714929283383407,0.23178400099277496
"(1, 18)",1,1,0,0.12117256112226522,0.043915197253227234,0.09967388977126401,0.1697128266096115
"(1, 19)",1,1,1,0.23378386889625602,0.13788779079914093,0.22211439758742813,0.2628423571586609
"(1, 20)",1,1,0,0.28300974276346225,0.21061106026172638,0.19206525939630636,0.3868112862110138
"(2, 11)",1,1,0,0.19185450710621155,0.11154092103242874,0.20279882741514557,0.1506788581609726
"(2, 12)",1,1,0,0.4540205670506779,0.28078654408454895,0.43319989576497653,0.4841187000274658
"(2, 13)",1,1,0,0.19953098114664974,0.23861509561538696,0.13763043570281025,0.19477756321430206
"(2, 14)",1,1,1,0.40553119679132577,0.41280585527420044,0.4504534879273137,0.3928583264350891
"(2, 15)",1,1,0,0.33233985720865555,0.3599330484867096,0.2689523954741803,0.3015664517879486
"(2, 16)",1,1,0,0.2551489427685696,0.23286451399326324,0.2578882019265789,0.2414168119430542
"(2, 17)",1,1,0,0.26685394125774176,0.15554797649383545,0.20438310893843886,0.22933633625507355
"(2, 18)",1,1,0,0.19066009732224778,0.1526668816804886,0.17272223179534965,0.1909826248884201
"(2, 19)",1,1,1,0.3759196480221021,0.2729276120662689,0.3536781229480464,0.2773733139038086
"(2, 20)",1,1,0,0.4457484966022161,0.25855138897895813,0.35737831336271025,0.36382994055747986
"(3, 11)",1,1,0,0.14430911289151435,0.051024045795202255,0.1499479682049303,0.05400043725967407
"(3, 12)",1,1,0,0.33128721673689737,0.28945475816726685,0.3392424601064767,0.35230356454849243
"(3, 13)",1,1,0,0.13164286166855574,0.12051021307706833,0.08064033557927337,0.061862967908382416
"(3, 14)",1,1,0,0.290105882458929,0.25009381771087646,0.3268237975502623,0.24561640620231628
"(3, 15)",1,1,0,0.21899560278577876,0.14910383522510529,0.16804898281885414,0.14234861731529236
"(3, 16)",1,1,0,0.1911299341389241,0.1609739363193512,0.19787958513389467,0.1135510504245758
"(3, 17)",1,1,0,0.2084602486402543,0.18417350947856903,0.1571508302997021,0.13503187894821167
"(3, 18)",1,1,0,0.16295126795368148,0.13288389146327972,0.1356301884236847,0.14942865073680878
"(3, 19)",1,1,0,0.31258993958285713,0.35013440251350403,0.2879180621072815,0.16721190512180328
"(3, 20)",1,1,0,0.34390705853396397,0.3117493689060211,0.2902234687567663,0.3417488932609558
"(4, 11)",1,1,0,0.11045654714230699,0.04294303432106972,0.16124469482300244,0.06216353178024292
"(4, 12)",1,1,0,0.33330521896573834,0.24073457717895508,0.4316710677198607,0.4246157705783844
"(4, 13)",1,1,0,0.13605212317124388,0.155770942568779,0.12479900170829421,0.15743865072727203
"(4, 14)",1,1,1,0.2885401725330727,0.15892831981182098,0.426952140236713,0.3036477565765381
"(4, 15)",1,1,0,0.22020547259915213,0.30889126658439636,0.24473124601003635,0.26562371850013733
"(4, 16)",1,1,0,0.15414515127065392,0.21624872088432312,0.21232298080686512,0.12152168154716492
"(4, 17)",1,1,0,0.16600372063432897,0.16479191184043884,0.16919418165933456,0.15510351955890656
"(4, 18)",1,1,0,0.12036002986918606,0.1613425314426422,0.13909510600434905,0.12360204756259918
"(4, 19)",1,1,1,0.23539906919008666,0.3278077244758606,0.2982933873264374,0.1881580799818039
"(4, 20)",1,1,0,0.2951983911936917,0.32935410737991333,0.3013318713943379,0.26316431164741516
"(5, 11)",1,1,0,0.15843296415722258,0.1048382893204689,0.19013765466578342,0.07696068286895752
"(5, 12)",1,1,0,0.45876692823602483,0.37336719036102295,0.4176921060048643,0.4170205295085907
"(5, 13)",1,1,0,0.20802729919095383,0.19021517038345337,0.16919296496684283,0.11506327986717224
"(5, 14)",1,1,1,0.3957318576742058,0.47580447793006897,0.43809173897377957,0.387899786233902
"(5, 15)",1,1,0,0.3029399799134395,0.3129243850708008,0.30215236253267114,0.2461296170949936
"(5, 16)",1,1,0,0.22138360474826102,0.26888588070869446,0.22869741215398534,0.13667558133602142
"(5, 17)",1,1,0,0.23297904462589786,0.12179265171289444,0.20294518812725473,0.12438171356916428
"(5, 18)",1,1,0,0.1772208402835731,0.19617198407649994,0.17396330381896255,0.2012416571378708
"(5, 19)",1,1,1,0.33676561017317613,0.46376657485961914,0.34693273421266013,0.1939157396554947
"(5, 20)",1,1,0,0.4028905443170227,0.44985219836235046,0.3079499004120862,0.3940736651420593
"(6, 11)",1,1,0,0.17958306105709398,0.15145941078662872,0.1453036404771363,0.13699766993522644
"(6, 12)",1,1,0,0.46585596620215325,0.27310144901275635,0.3222701578283982,0.4353029727935791
"(6, 13)",1,1,0,0.22377099779090465,0.2788604199886322,0.23995218008817382,0.305298775434494
"(6, 14)",1,1,1,0.4152331410964281,0.41356757283210754,0.3702643082743623,0.41419023275375366
"(6, 15)",1,1,0,0.33946406369644766,0.281881719827652,0.3057979366671926,0.3600749969482422
"(6, 16)",1,1,0,0.23195380964128298,0.3134441673755646,0.16661175559216151,0.1484159380197525
"(6, 17)",1,1,0,0.2548741789138087,0.17222538590431213,0.16898516185674786,0.24987851083278656
"(6, 18)",1,1,0,0.18098303664903104,0.15551789104938507,0.12327307368053163,0.1303739845752716
"(6, 19)",1,1,1,0.35592235512533665,0.2510153353214264,0.30189192868992576,0.24795109033584595
"(6, 20)",1,1,0,0.4297835542334421,0.28893959522247314,0.24073537054724387,0.3636966347694397
"(7, 11)",1,1,0,0.17429458122059246,0.11343841999769211,0.15818994224617675,0.15078353881835938
"(7, 12)",1,1,0,0.4764313663383024,0.3005876839160919,0.3533312802998206,0.4797629117965698
"(7, 13)",1,1,0,0.25931340445826184,0.2805573046207428,0.2719931179953255,0.3668341040611267
"(7, 14)",1,1,1,0.4058008126758297,0.35788071155548096,0.3999748481947119,0.4407956004142761
"(7, 15)",1,1,0,0.3330914458309927,0.34465229511260986,0.3188434841392646,0.4015401601791382
"(7, 16)",1,1,0,0.23828642878198897,0.26895925402641296,0.19086740467522442,0.19661210477352142
"(7, 17)",1,1,0,0.24162317910465922,0.115948885679245,0.16553381564367442,0.23781117796897888
"(7, 18)",1,1,0,0.18780247158994356,0.24884214997291565,0.1401404638064739,0.17867980897426605
"(7, 19)",1,1,1,0.3459080115485719,0.3513161540031433,0.3061957104210815,0.27664414048194885
"(7, 20)",1,1,0,0.4330514011458636,0.3967156410217285,0.271601192968912,0.35478639602661133
"(8, 11)",1,1,0,0.12544462548253218,0.08144552260637283,0.1839265356133989,0.18165387213230133
"(8, 12)",1,1,1,0.2868127119121823,0.2006217986345291,0.3209714192760662,0.5032031536102295
"(8, 13)",1,1,1,0.11826565301313856,0.15745335817337036,0.11838870464746178,0.21001406013965607
"(8, 14)",1,1,1,0.249010982773255,0.2202969193458557,0.3594520469436344,0.36776939034461975
"(8, 15)",1,1,1,0.19931338096406961,0.2210235893726349,0.21712941099209154,0.3350168764591217
"(8, 16)",1,1,1,0.17480293969776498,0.18954360485076904,0.22522580158235586,0.15869475901126862
"(8, 17)",1,1,0,0.20824986463750522,0.1905573010444641,0.23113149283524484,0.2586230933666229
"(8, 18)",1,1,1,0.14241283565614424,0.1689363718032837,0.1665572275880821,0.2277766764163971
"(8, 19)",1,1,1,0.2646933366997652,0.2821418046951294,0.34179486591482316,0.3077446222305298
"(8, 20)",1,1,1,0.3305098341584014,0.33037835359573364,0.3158763710941302,0.41720014810562134
"(9, 11)",1,1,0,0.19265399721505755,0.06363397091627121,0.19985683350775643,0.0951249971985817
"(9, 12)",1,1,1,0.38080843986857554,0.19992949068546295,0.35946689334510723,0.4363984763622284
"(9, 13)",1,1,1,0.18566797883421002,0.10644028335809708,0.16367205842912932,0.17985206842422485
"(9, 14)",1,1,1,0.3375217557463534,0.15020258724689484,0.389856798335111,0.290845662355423
"(9, 15)",1,1,1,0.2838028265727981,0.24709394574165344,0.2877061616340532,0.24045950174331665
"(9, 16)",1,1,1,0.24698950156958205,0.13025207817554474,0.24474271797502054,0.12230145186185837
"(9, 17)",1,1,1,0.29959876591079876,0.1663561463356018,0.2459064960244552,0.24810673296451569
"(9, 18)",1,1,0,0.20371570106754774,0.12572573125362396,0.1755724774037087,0.1270821988582611
"(9, 19)",1,1,1,0.3723819908074782,0.16706006228923798,0.3599308460149303,0.2117253839969635
"(9, 20)",1,1,0,0.4127535046477768,0.27192404866218567,0.33194505068183744,0.2962004542350769
"(10, 11)",1,1,0,0.25760014937342596,0.07669991999864578,0.22392516516280878,0.14117559790611267
"(10, 12)",1,1,0,0.4862011322034576,0.27281150221824646,0.40898130750232986,0.545815646648407
"(10, 13)",1,1,1,0.21060792575324241,0.06494113057851791,0.11157552336872172,0.19265364110469818
"(10, 14)",1,1,0,0.42738821649608083,0.2650581896305084,0.39580025013950654,0.39921653270721436
"(10, 15)",1,1,0,0.3457634431440182,0.1728001832962036,0.2413927792286346,0.26426050066947937
"(10, 16)",1,1,0,0.31391565981451663,0.17138339579105377,0.27152898987514473,0.21276652812957764
"(10, 17)",1,1,0,0.38727638416484267,0.1202777773141861,0.26018114904847417,0.2794784605503082
"(10, 18)",1,1,0,0.25709336963410584,0.12035299837589264,0.18749645860452946,0.16644881665706635
"(10, 19)",1,1,1,0.47919909312655684,0.17120222747325897,0.3773707733941746,0.27597931027412415
"(10, 20)",1,1,0,0.5061671088759803,0.3463438153266907,0.3624852977628376,0.4148188829421997
"(21, 40)",2,2,0,0.04455367404919932,0.027949795126914978,0.04097983502133683,0.11399366706609726
"(21, 41)",2,2,0,0.05043728743358642,0.011614772491157055,0.04687851111537535,0.033791836351156235
"(21, 42)",2,2,0,0.10131508383274222,0.07484989613294601,0.08390736224423877,0.15312273800373077
"(21, 43)",2,2,0,0.08186080271391688,0.028934411704540253,0.038120548227211254,0.06849751621484756
"(21, 44)",2,2,0,0.13394832693922543,0.0782315582036972,0.06384579459981403,0.05764731019735336
"(21, 45)",2,2,0,0.07014209756720358,0.01928948611021042,0.025879087446736834,0.02818736992776394
"(21, 46)",2,2,0,0.07733832432441441,0.01867651753127575,0.04030229674327751,0.04696941003203392
"(21, 47)",2,2,0,0.09602103121166004,0.03418770805001259,0.05073642698902728,0.03161853179335594
"(21, 48)",2,2,0,0.09103165401135803,0.05262068659067154,0.037015935527145105,0.07844989001750946
"(21, 49)",2,2,0,0.13170405028910315,0.07863360643386841,0.1106252638373194,0.1234104186296463
"(21, 50)",2,2,0,0.12194849960141982,0.02090579830110073,0.058379018751362505,0.04282497987151146
"(21, 51)",2,2,0,0.10869885092362591,0.03622141107916832,0.025100099900755866,0.05494759604334831
"(21, 52)",2,2,0,0.120657247924329,0.05976909026503563,0.028710589192033786,0.08918096870183945
"(21, 53)",2,2,0,0.08628350934343895,0.021832212805747986,0.04110487544218145,0.025132780894637108
"(21, 54)",2,2,0,0.10333523267541755,0.031957823783159256,0.041243854072760065,0.030343594029545784
"(21, 55)",2,2,0,0.20702129179821052,0.14767757058143616,0.13822399323164702,0.18666508793830872
"(22, 40)",2,2,0,0.06636088530454455,0.09125200659036636,0.12513424420208355,0.15502238273620605
"(22, 41)",2,2,0,0.10044747947604546,0.044190630316734314,0.1510729095754157,0.07018234580755234
"(22, 42)",2,2,0,0.09658816815372484,0.12198010832071304,0.14482292334007102,0.16375519335269928
"(22, 43)",2,2,0,0.13514959955396033,0.0805530995130539,0.15062070388985702,0.07575266808271408
"(22, 44)",2,2,1,0.2365470987235916,0.2895771861076355,0.24605151678645015,0.2105582058429718
"(22, 45)",2,2,1,0.1351805855016832,0.15800707042217255,0.13643301224136223,0.09118440002202988
"(22, 46)",2,2,0,0.15813280337423521,0.10748863220214844,0.1823895622064572,0.11400160938501358
"(22, 47)",2,2,0,0.22653515963757503,0.1819758415222168,0.2325260738719226,0.19238701462745667
"(22, 48)",2,2,0,0.14173686640488664,0.17450293898582458,0.14561077966473845,0.15671128034591675
"(22, 49)",2,2,0,0.23700152218056847,0.19343601167201996,0.28571669431806346,0.21463339030742645
"(22, 50)",2,2,0,0.2609077661314066,0.19188468158245087,0.30875846349465985,0.2588350176811218
"(22, 51)",2,2,0,0.1327424048532413,0.09677543491125107,0.10356762229349291,0.0535421147942543
"(22, 52)",2,2,0,0.13772735435458772,0.041730135679244995,0.1066590782966134,0.056559015065431595
"(22, 53)",2,2,0,0.21148923591759108,0.21546271443367004,0.21170304377951515,0.16472510993480682
"(22, 54)",2,2,0,0.2491825382933696,0.159833624958992,0.187115792734326,0.1865304857492447
"(22, 55)",2,2,0,0.33350318004628965,0.4506599009037018,0.4400128050668068,0.3397298753261566
"(23, 40)",2,2,0,0.08514608615323545,0.20078547298908234,0.1269795173527418,0.3982407748699188
"(23, 41)",2,2,0,0.09319154021475391,0.19230309128761292,0.13450364374372747,0.1574796438217163
"(23, 42)",2,2,0,0.12530547290871316,0.22866658866405487,0.15693478847140546,0.35203176736831665
"(23, 43)",2,2,1,0.14404392018343415,0.38862550258636475,0.12408621385223341,0.27354493737220764
"(23, 44)",2,2,1,0.3723149882772035,0.5215726494789124,0.29612900314482293,0.40361303091049194
"(23, 45)",2,2,1,0.13341881894366076,0.3348332941532135,0.09065716013727396,0.12122424691915512
"(23, 46)",2,2,0,0.1505375472781692,0.2735535502433777,0.13611430224697763,0.22445832192897797
"(23, 47)",2,2,0,0.2201141751495266,0.14984208345413208,0.18590519374283607,0.18244101107120514
"(23, 48)",2,2,0,0.2030296668245996,0.36677131056785583,0.13765084380952416,0.2586154341697693
"(23, 49)",2,2,0,0.24787513220253735,0.23314599692821503,0.3122291546939307,0.38040614128112793
"(23, 50)",2,2,0,0.23797974172693018,0.1265603005886078,0.19478465437753514,0.21615995466709137
"(23, 51)",2,2,0,0.1752742885982227,0.40281933546066284,0.09067315310018736,0.20750491321086884
"(23, 52)",2,2,0,0.240510475563347,0.23557983338832855,0.11395796004449556,0.18471096456050873
"(23, 53)",2,2,0,0.189017751476707,0.17477379739284515,0.15514058501346964,0.16244441270828247
"(23, 54)",2,2,0,0.24034704374280078,0.12665730714797974,0.156806080733261,0.15724103152751923
"(23, 55)",2,2,0,0.36788681327528,0.4774712920188904,0.3613998030061387,0.5451206564903259
"(24, 40)",2,2,0,0.05393707727012235,0.039778366684913635,0.06928705414080431,0.08159179985523224
"(24, 41)",2,2,0,0.08643272137766876,0.04321305453777313,0.08458544348427245,0.07523893564939499
"(24, 42)",2,2,0,0.07954390323712686,0.06955680251121521,0.0749514328781018,0.13233938813209534
"(24, 43)",2,2,0,0.10531309806580481,0.05082111060619354,0.1124410634915005,0.07331738620996475
"(24, 44)",2,2,0,0.19621434212282327,0.28525951504707336,0.18144716239037265,0.24295641481876373
"(24, 45)",2,2,0,0.10978394463743549,0.10337661951780319,0.0956824810151989,0.10562831163406372
"(24, 46)",2,2,0,0.12667407890127516,0.09593707323074341,0.13435463304991843,0.1442728489637375
"(24, 47)",2,2,0,0.1688633734333499,0.0953880324959755,0.17980044109552729,0.19189731776714325
"(24, 48)",2,2,0,0.09795752459037067,0.0991804450750351,0.10287733155490202,0.15449777245521545
"(24, 49)",2,2,0,0.1747009645363508,0.17887721955776215,0.1762638222299863,0.24316342175006866
"(24, 50)",2,2,0,0.1854541721571019,0.08400487154722214,0.15213493726821928,0.22530600428581238
"(24, 51)",2,2,0,0.11490539541127763,0.05972869694232941,0.07602070711854553,0.08548933267593384
"(24, 52)",2,2,0,0.10298599411366983,0.029573680832982063,0.07607402320292429,0.13020937144756317
"(24, 53)",2,2,0,0.16014090820849983,0.1291767805814743,0.15554131178173453,0.16695183515548706
"(24, 54)",2,2,0,0.1910363230789033,0.08381959795951843,0.1467849884137823,0.21863777935504913
"(24, 55)",2,2,0,0.23491315570466828,0.2879393398761749,0.24505442436210426,0.29308977723121643
"(25, 40)",2,2,0,0.04339002887266375,0.10276521742343903,0.035959602404808104,0.071428082883358
"(25, 41)",2,2,0,0.052281764672800414,0.04103226214647293,0.03768945398390369,0.06040544435381889
"(25, 42)",2,2,0,0.058298213653439554,0.11486666649580002,0.041426085341509,0.09356068819761276
"(25, 43)",2,2,0,0.08354906401064058,0.1953735202550888,0.07251042166973744,0.06658054888248444
"(25, 44)",2,2,0,0.15943715784875184,0.1386568546295166,0.10348224047695219,0.14486350119113922
"(25, 45)",2,2,0,0.0791029840513168,0.20018017292022705,0.04904634982948067,0.08905775099992752
"(25, 46)",2,2,0,0.09520593003835778,0.18842430412769318,0.07920520819609082,0.10954421013593674
"(25, 47)",2,2,0,0.12502613921034722,0.1444074958562851,0.10625442027182734,0.13576874136924744
"(25, 48)",2,2,0,0.09965486854111072,0.1900903433561325,0.0761296672247588,0.1372596025466919
"(25, 49)",2,2,0,0.15250091335501292,0.1268087476491928,0.11644624433123466,0.171034038066864
"(25, 50)",2,2,0,0.1494311587401812,0.06064882501959801,0.08930022768101506,0.14525102078914642
"(25, 51)",2,2,0,0.0959444719926281,0.06789351254701614,0.04584961951162919,0.1155686005949974
"(25, 52)",2,2,0,0.10486911598239701,0.06783793121576309,0.048293523790847545,0.11674614250659943
"(25, 53)",2,2,0,0.1148327027826045,0.09329208731651306,0.08935443391446823,0.150185689330101
"(25, 54)",2,2,0,0.13471103722519853,0.0904344767332077,0.09943213878716714,0.15996317565441132
"(25, 55)",2,2,0,0.22209241164326626,0.3730049431324005,0.1713318186843602,0.247145414352417
"(26, 40)",2,2,0,0.053301101976427755,0.07122728228569031,0.06606639667949403,0.08537573367357254
"(26, 41)",2,2,0,0.07227799076698446,0.06021561101078987,0.0722954129449866,0.06319690495729446
"(26, 42)",2,2,0,0.09295623062466947,0.10806015878915787,0.08343798212775304,0.13829129934310913
"(26, 43)",2,2,0,0.1275678598564244,0.08101458102464676,0.13652340609210067,0.06261856853961945
"(26, 44)",2,2,0,0.24421015501980667,0.254727840423584,0.19485151664262984,0.249334454536438
"(26, 45)",2,2,0,0.10412714456905454,0.1635381579399109,0.09604854426026406,0.10223200917243958
"(26, 46)",2,2,0,0.13912257268991912,0.1540168672800064,0.1470108251634146,0.12689101696014404
"(26, 47)",2,2,0,0.17021137308184994,0.14403653144836426,0.18135172411168082,0.14872993528842926
"(26, 48)",2,2,0,0.1404490291161921,0.18641629815101624,0.14314546388145408,0.15246175229549408
"(26, 49)",2,2,0,0.20663114114201417,0.2106454074382782,0.19458984997559417,0.27143076062202454
"(26, 50)",2,2,0,0.1966458594658312,0.15167823433876038,0.15728857299878005,0.20380015671253204
"(26, 51)",2,2,0,0.14900116400826338,0.22397121787071228,0.09728548415882061,0.11268064379692078
"(26, 52)",2,2,0,0.14648966635868368,0.09301141649484634,0.1041131940228576,0.15483245253562927
"(26, 53)",2,2,0,0.15647059473465486,0.18535727262496948,0.1527549973291199,0.14976081252098083
"(26, 54)",2,2,0,0.18813110120821896,0.12216052412986755,0.1634463553146128,0.16713805496692657
"(26, 55)",2,2,0,0.3161527521200214,0.5216546058654785,0.28429827767788174,0.39206868410110474
"(27, 40)",2,2,0,0.09414942523981529,0.05716438218951225,0.13336896773348395,0.17427727580070496
"(27, 41)",2,2,0,0.12341958604160021,0.04042990505695343,0.14267840796187967,0.09950581192970276
"(27, 42)",2,2,0,0.15624034693426742,0.048158809542655945,0.16632158347818943,0.18640053272247314
"(27, 43)",2,2,0,0.19926542137549905,0.07301650196313858,0.18715954455996378,0.1461658477783203
"(27, 44)",2,2,0,0.44271529938091436,0.3210217356681824,0.3542333647660234,0.3144366145133972
"(27, 45)",2,2,0,0.16303220100054772,0.0510830283164978,0.1372286843453475,0.11634653061628342
"(27, 46)",2,2,1,0.21645337846129878,0.07851535081863403,0.20587201864832239,0.17512530088424683
"(27, 47)",2,2,0,0.25293652014908397,0.10838931053876877,0.2425286415509948,0.2099577635526657
"(27, 48)",2,2,0,0.21944661469894855,0.08253186196088791,0.18923866226626945,0.22917228937149048
"(27, 49)",2,2,0,0.322587757101627,0.07814395427703857,0.31464190962877725,0.289963036775589
"(27, 50)",2,2,1,0.2913706440958234,0.08282723277807236,0.2614833725187857,0.30256587266921997
"(27, 51)",2,2,0,0.2344026821386767,0.0667223334312439,0.13650230820397044,0.16950692236423492
"(27, 52)",2,2,0,0.2359793080294035,0.05267450958490372,0.14639421864006297,0.15875613689422607
"(27, 53)",2,2,0,0.23616815228622423,0.09275234490633011,0.21445085182333415,0.1749710887670517
"(27, 54)",2,2,0,0.28103580880394047,0.09564100950956345,0.20779747240595653,0.1830453723669052
"(27, 55)",2,2,0,0.449402795378617,0.46345409750938416,0.42455256425413257,0.45994991064071655
"(28, 40)",2,2,0,0.11053126571927284,0.15577788650989532,0.1608048570802515,0.18032658100128174
"(28, 41)",2,2,0,0.1471317828795669,0.10763654857873917,0.1524470481606612,0.10839627683162689
"(28, 42)",2,2,0,0.13496508582883995,0.12148019671440125,0.16444301814909856,0.15033914148807526
"(28, 43)",2,2,0,0.19462740389444796,0.3042740821838379,0.2791115608874759,0.14852550625801086
"(28, 44)",2,2,0,0.41153165545593223,0.43069133162498474,0.3965964127578663,0.2806895971298218
"(28, 45)",2,2,0,0.17864852425334726,0.27702534198760986,0.2160661803347229,0.1472211480140686
"(28, 46)",2,2,1,0.21931510720217418,0.24154387414455414,0.29491023895726703,0.19501973688602448
"(28, 47)",2,2,0,0.28253484062577566,0.27208516001701355,0.3660442397822775,0.24726231396198273
"(28, 48)",2,2,0,0.17893830512297146,0.2347385138273239,0.27331976526645,0.21389220654964447
"(28, 49)",2,2,0,0.30178056813021115,0.23599523305892944,0.3486016958957427,0.2182336002588272
"(28, 50)",2,2,0,0.2957582197812702,0.19979412853717804,0.3012636585511392,0.22565916180610657
"(28, 51)",2,2,0,0.1981611179204636,0.2828768789768219,0.20563711757995526,0.10546913743019104
"(28, 52)",2,2,0,0.19475471435113859,0.15931884944438934,0.21793893282681792,0.18247759342193604
"(28, 53)",2,2,0,0.2492618162040118,0.2735789120197296,0.3062636395190024,0.2064877152442932
"(28, 54)",2,2,0,0.3098054053476522,0.2551816999912262,0.35269164946682635,0.2477015107870102
"(28, 55)",2,2,0,0.3965961513997782,0.4556281566619873,0.4062376138589036,0.3277352750301361
"(29, 40)",2,2,0,0.0467636198474779,0.0589221753180027,0.05529034321333096,0.09284965693950653
"(29, 41)",2,2,0,0.05406839421345276,0.07082848250865936,0.05712709779074688,0.0861046314239502
"(29, 42)",2,2,0,0.07538989997325446,0.056835588067770004,0.06738150516867854,0.12438733875751495
"(29, 43)",2,2,0,0.1059639400213416,0.08314652740955353,0.12070667216305936,0.07900702208280563
"(29, 44)",2,2,1,0.20556576960070447,0.14619967341423035,0.15992919290298982,0.22983960807323456
"(29, 45)",2,2,1,0.08856814964496253,0.0815899595618248,0.07931476361587986,0.09502790123224258
"(29, 46)",2,2,0,0.11050359682637934,0.06321881711483002,0.12359988479806548,0.12586495280265808
"(29, 47)",2,2,0,0.152606099519724,0.10102543979883194,0.16056914527672228,0.16130730509757996
"(29, 48)",2,2,0,0.12434369056917054,0.08882546424865723,0.12261557234893657,0.17770251631736755
"(29, 49)",2,2,0,0.17180687518320564,0.08717554807662964,0.1641586536843903,0.2541305422782898
"(29, 50)",2,2,0,0.17113159329973915,0.08838742226362228,0.13391627267232994,0.21560128033161163
"(29, 51)",2,2,0,0.12460420324616292,0.0932445228099823,0.07801361066703406,0.12221190333366394
"(29, 52)",2,2,0,0.15224369114878208,0.07981981337070465,0.09502353103948923,0.18531496822834015
"(29, 53)",2,2,0,0.12608102168991173,0.06717000156641006,0.13011361279625938,0.12685000896453857
"(29, 54)",2,2,0,0.1624956831387984,0.08073420822620392,0.1483846479373771,0.14589500427246094
"(29, 55)",2,2,0,0.2763097453129806,0.3584657609462738,0.244010259559161,0.3556917607784271
"(30, 40)",2,2,0,0.05789283543155501,0.06258902698755264,0.07210610097529721,0.07694674283266068
"(30, 41)",2,2,0,0.09941267204793809,0.07133226841688156,0.09935998104120561,0.06670481711626053
"(30, 42)",2,2,0,0.09906922571158204,0.08518041670322418,0.09082574756107131,0.11186209321022034
"(30, 43)",2,2,0,0.13298378193881116,0.08729934692382812,0.154300499656371,0.05998826399445534
"(30, 44)",2,2,0,0.23254394428697137,0.3656378984451294,0.18686699036087606,0.28837376832962036
"(30, 45)",2,2,0,0.1022421539963002,0.12457022815942764,0.1000724011157237,0.08250539004802704
"(30, 46)",2,2,0,0.13822332305085236,0.1228884905576706,0.153486138076153,0.14159177243709564
"(30, 47)",2,2,0,0.17547712612927893,0.18026567995548248,0.19498281696003422,0.1613015979528427
"(30, 48)",2,2,0,0.14437705957154787,0.1259882152080536,0.15579944257614725,0.17138318717479706
"(30, 49)",2,2,1,0.2128906130036962,0.26831549406051636,0.20114195296094292,0.2687084674835205
"(30, 50)",2,2,0,0.2730259876885858,0.1493176966905594,0.22416998376340097,0.3404763638973236
"(30, 51)",2,2,0,0.20007275796815507,0.10917434096336365,0.1507847607227245,0.147414430975914
"(30, 52)",2,2,0,0.2037440791242221,0.220174640417099,0.1587781023006769,0.29136717319488525
"(30, 53)",2,2,0,0.16051081566716807,0.2081543356180191,0.16793746347954214,0.1644142121076584
"(30, 54)",2,2,0,0.19225749825480215,0.15780439972877502,0.18933590344187892,0.20336106419563293
"(30, 55)",2,2,1,0.41974208835706095,0.5584127306938171,0.35414810862428553,0.3858538568019867
"(31, 40)",2,2,0,0.06850291342770252,0.08351979404687881,0.0644088324743456,0.11958513408899307
"(31, 41)",2,2,0,0.11449899517009676,0.07913295924663544,0.08377904720151448,0.06344518065452576
"(31, 42)",2,2,0,0.10787888811691095,0.0749281719326973,0.07564198945443107,0.10624280571937561
"(31, 43)",2,2,0,0.1419927998180638,0.08033055067062378,0.15332712993181802,0.06963642686605453
"(31, 44)",2,2,0,0.2506659023590174,0.2030211091041565,0.1609742780895029,0.22164373099803925
"(31, 45)",2,2,0,0.12509050940481944,0.07862353324890137,0.09704144589706518,0.06630159914493561
"(31, 46)",2,2,0,0.13952329412337197,0.07247588038444519,0.1410377823191242,0.10886497795581818
"(31, 47)",2,2,0,0.17651129740986615,0.13177813589572906,0.19394465048264012,0.13513438403606415
"(31, 48)",2,2,1,0.1461433302780649,0.16877701878547668,0.15886513350161618,0.15480293333530426
"(31, 49)",2,2,1,0.2066048296949152,0.1876247227191925,0.17964055384269106,0.2425668090581894
"(31, 50)",2,2,1,0.27805398186059904,0.14754819869995117,0.2146029139146086,0.2544705271720886
"(31, 51)",2,2,0,0.22541728212887227,0.1859843134880066,0.14691686785790348,0.11442616581916809
"(31, 52)",2,2,0,0.21075647817639784,0.14245568215847015,0.15410990507681932,0.19966472685337067
"(31, 53)",2,2,0,0.17105262634938037,0.09503581374883652,0.15980878306006094,0.11636199057102203
"(31, 54)",2,2,0,0.20086820531163874,0.10549194365739822,0.21220872841685803,0.14952796697616577
"(31, 55)",2,2,1,0.3868638379149765,0.2948873043060303,0.3034028630061971,0.30288419127464294
"(32, 40)",2,2,0,0.09570078694277809,0.05996854975819588,0.16865185761969056,0.21910874545574188
"(32, 41)",2,2,0,0.14937281205613184,0.09316425025463104,0.18355260176189495,0.1192193478345871
"(32, 42)",2,2,0,0.14352612358426328,0.06564982235431671,0.18876713660949665,0.23114696145057678
"(32, 43)",2,2,0,0.18882969113569784,0.0891382172703743,0.1891931499545783,0.11399068683385849
"(32, 44)",2,2,0,0.4031753954457912,0.20477063953876495,0.33732099262225945,0.2414660006761551
"(32, 45)",2,2,0,0.18534706307587295,0.11935973912477493,0.15445346434594984,0.1199432983994484
"(32, 46)",2,2,0,0.2181468640420842,0.09962617605924606,0.2137227226773785,0.14097066223621368
"(32, 47)",2,2,0,0.29790946695749376,0.09652333706617355,0.27424201543041443,0.21525445580482483
"(32, 48)",2,2,0,0.19299020877168974,0.11313675343990326,0.18493500204336094,0.15348343551158905
"(32, 49)",2,2,0,0.3271335491785198,0.07210078835487366,0.3954395626765262,0.2999231219291687
"(32, 50)",2,2,0,0.33435570414780763,0.06172619014978409,0.29036940910605463,0.2684083580970764
"(32, 51)",2,2,0,0.18718666704812173,0.11333829909563065,0.13187113270474965,0.07874110341072083
"(32, 52)",2,2,0,0.1943071060829719,0.10537198185920715,0.14242371976382207,0.20843763649463654
"(32, 53)",2,2,0,0.2847106540122253,0.10182419419288635,0.24362471884894293,0.18570809066295624
"(32, 54)",2,2,0,0.3294358919078535,0.07660794258117676,0.2529560086937984,0.21059806644916534
"(32, 55)",2,2,0,0.42038763211710417,0.2231563776731491,0.4134539028994979,0.3243395984172821
"(33, 40)",2,2,0,0.05778545069146686,0.026329662650823593,0.04254598575819601,0.10906479507684708
"(33, 41)",2,2,0,0.11500895878183283,0.09653125703334808,0.06000828394329427,0.09837354719638824
"(33, 42)",2,2,0,0.08811329525517211,0.06688214838504791,0.05148514322717549,0.09657514095306396
"(33, 43)",2,2,0,0.12008610554279461,0.045672304928302765,0.0929499418500259,0.08014892786741257
"(33, 44)",2,2,0,0.31433836924225045,0.15258605778217316,0.1881760441141373,0.15846337378025055
"(33, 45)",2,2,0,0.1360637152930891,0.09067774564027786,0.0763183427526405,0.05739236995577812
"(33, 46)",2,2,0,0.14087951120648792,0.10124035179615021,0.10484212222903773,0.11165319383144379
"(33, 47)",2,2,0,0.2624942469388993,0.10779903829097748,0.18176688684973527,0.1964384764432907
"(33, 48)",2,2,0,0.12429519633539671,0.05752483382821083,0.09586269691541532,0.12057207524776459
"(33, 49)",2,2,0,0.2047818024823443,0.07102981209754944,0.13863595818921132,0.1386786848306656
"(33, 50)",2,2,0,0.22131713656037347,0.04920661821961403,0.1171976018859352,0.13000623881816864
"(33, 51)",2,2,0,0.14291393362818225,0.13727545738220215,0.0595817245887355,0.0707356259226799
"(33, 52)",2,2,0,0.14619056807314038,0.0343245267868042,0.06635368191314768,0.08692071586847305
"(33, 53)",2,2,0,0.19094095816735202,0.0783483237028122,0.13155576167944308,0.124696746468544
"(33, 54)",2,2,0,0.24448632326086384,0.11046998202800751,0.15533202179648253,0.13544942438602448
"(33, 55)",2,2,0,0.27603281524283835,0.20220622420310974,0.17903646815209454,0.17233231663703918
"(34, 40)",2,2,0,0.07054739091497889,0.08211886137723923,0.10729007017585743,0.18635313212871552
"(34, 41)",2,2,0,0.09196949024780564,0.08573740720748901,0.10357755899548637,0.08202315866947174
"(34, 42)",2,2,0,0.12039568402342189,0.1273297518491745,0.1280823999794193,0.21864503622055054
"(34, 43)",2,2,0,0.20406947259636776,0.10557638853788376,0.19515890922795912,0.06937959045171738
"(34, 44)",2,2,0,0.26291400695970696,0.15250995755195618,0.16397236321057038,0.21706850826740265
"(34, 45)",2,2,0,0.16654473484384058,0.14559625089168549,0.1331288737905012,0.12084885686635971
"(34, 46)",2,2,1,0.21356689188292358,0.153540700674057,0.1969910253607079,0.1179424524307251
"(34, 47)",2,2,0,0.2696505646168578,0.1225220263004303,0.2521937093402349,0.17356635630130768
"(34, 48)",2,2,0,0.1808690131881092,0.14016787707805634,0.15529529733724637,0.1356441080570221
"(34, 49)",2,2,1,0.32965240065292745,0.217538982629776,0.3447046304049428,0.3389326333999634
"(34, 50)",2,2,0,0.24189434852375608,0.19530978798866272,0.1940881927834752,0.22326678037643433
"(34, 51)",2,2,0,0.16765656661448625,0.1830718070268631,0.09473165286064317,0.09664043039083481
"(34, 52)",2,2,0,0.20083259191677277,0.12801846861839294,0.11170940051479442,0.13410978019237518
"(34, 53)",2,2,0,0.18669263832723373,0.1486036777496338,0.15102036886977832,0.11519429832696915
"(34, 54)",2,2,0,0.29022069996461874,0.12783779203891754,0.24294972881560917,0.18300054967403412
"(34, 55)",2,2,0,0.3823183144320406,0.5377941727638245,0.30406620452207195,0.40393272042274475
"(35, 40)",2,2,0,0.06289837882104983,0.12611567974090576,0.05537840972703629,0.09105205535888672
"(35, 41)",2,2,0,0.070057553320267,0.07956022769212723,0.05176390950428089,0.03702167421579361
"(35, 42)",2,2,0,0.08158222520308832,0.10405769944190979,0.059542460204880625,0.0620373897254467
"(35, 43)",2,2,0,0.12049607378814145,0.11665400117635727,0.12014944424179631,0.07869536429643631
"(35, 44)",2,2,0,0.20109412286347086,0.3034142553806305,0.13925591911732813,0.18985433876514435
"(35, 45)",2,2,1,0.11439681220121951,0.2604667544364929,0.0828929013291206,0.07874462008476257
"(35, 46)",2,2,1,0.12305567464372258,0.1507139503955841,0.11898584222307815,0.12576891481876373
"(35, 47)",2,2,0,0.1519951924094935,0.1742352843284607,0.15935396963721946,0.1593008190393448
"(35, 48)",2,2,0,0.12481741935272174,0.2907230257987976,0.12052650714248477,0.16097210347652435
"(35, 49)",2,2,1,0.19102437528308175,0.16793787479400635,0.14903796442225686,0.15283511579036713
"(35, 50)",2,2,1,0.18604580460366202,0.09051426500082016,0.13643343107723582,0.1333542913198471
"(35, 51)",2,2,0,0.1388320396683386,0.20176532864570618,0.07404984450281778,0.07864238321781158
"(35, 52)",2,2,0,0.1376731141637154,0.16550834476947784,0.07663834003466444,0.13927045464515686
"(35, 53)",2,2,1,0.1379154094330482,0.11464011669158936,0.13896947174505794,0.10742069035768509
"(35, 54)",2,2,0,0.16376220230628508,0.20097211003303528,0.16363975286772206,0.16405124962329865
"(35, 55)",2,2,0,0.26260347306127246,0.3394547402858734,0.20197277173423897,0.19657742977142334
"(36, 40)",2,2,0,0.05578168092872431,0.09286360442638397,0.06404106432563693,0.11355774104595184
"(36, 41)",2,2,0,0.0678335723673109,0.04137924313545227,0.07105239652143285,0.03467906266450882
"(36, 42)",2,2,0,0.0744755987683125,0.09798435121774673,0.07570199443965585,0.09187601506710052
"(36, 43)",2,2,0,0.10690242704546907,0.06534773856401443,0.14127951911905898,0.0730200856924057
"(36, 44)",2,2,0,0.21147452530526412,0.1981154829263687,0.18214124020057829,0.1870168149471283
"(36, 45)",2,2,0,0.11164941801378436,0.11538873612880707,0.10047015501781081,0.09646985679864883
"(36, 46)",2,2,0,0.13664509351101822,0.13298262655735016,0.15391352557168944,0.11054641008377075
"(36, 47)",2,2,0,0.16957702094762403,0.0984901562333107,0.201099039354523,0.1575317680835724
"(36, 48)",2,2,0,0.11807370569939402,0.14648987352848053,0.14270712871482927,0.15536603331565857
"(36, 49)",2,2,1,0.18753310680268953,0.10666126012802124,0.20093564910057218,0.20174674689769745
"(36, 50)",2,2,0,0.19411616151676322,0.0927337259054184,0.16381263314824435,0.17453087866306305
"(36, 51)",2,2,1,0.1205148781229179,0.1142139583826065,0.09481137146176241,0.05171911418437958
"(36, 52)",2,2,0,0.12657960056740372,0.10302890092134476,0.09999155853817844,0.14560122787952423
"(36, 53)",2,2,0,0.1633941324012585,0.12065870314836502,0.16431588120035961,0.12462390214204788
"(36, 54)",2,2,0,0.19583522301912698,0.03177779167890549,0.1962415072734507,0.1365862339735031
"(36, 55)",2,2,0,0.25205468707447565,0.32048749923706055,0.25512423698834924,0.25482475757598877
"(37, 40)",2,2,0,0.09139303804408745,0.08882928639650345,0.08528199100791284,0.13497890532016754
"(37, 41)",2,2,0,0.12458009459249138,0.06139203906059265,0.10399591381119415,0.07126069068908691
"(37, 42)",2,2,0,0.11979136887829954,0.11709360033273697,0.09383867047490528,0.12920211255550385
"(37, 43)",2,2,0,0.1708257685010552,0.16657966375350952,0.14269504135334612,0.1353147029876709
"(37, 44)",2,2,1,0.3989455647241332,0.36769554018974304,0.3112253923923045,0.28844889998435974
"(37, 45)",2,2,0,0.1905706971773677,0.19428294897079468,0.12617275280530757,0.14395199716091156
"(37, 46)",2,2,0,0.21162515104795007,0.18391810357570648,0.17214949470678104,0.16900180280208588
"(37, 47)",2,2,0,0.2834311461272309,0.20830656588077545,0.23078695546540334,0.21133194863796234
"(37, 48)",2,2,0,0.18769053604326927,0.23740562796592712,0.1417039457099531,0.19693835079669952
"(37, 49)",2,2,0,0.28574872063029494,0.13991674780845642,0.22131229791812954,0.24463428556919098
"(37, 50)",2,2,0,0.31500253390853056,0.1874561905860901,0.193708865058138,0.23048777878284454
"(37, 51)",2,2,0,0.1921759349022296,0.1882745772600174,0.10076421166692104,0.058626189827919006
"(37, 52)",2,2,1,0.1964739835470949,0.08788379281759262,0.10416456034276253,0.09321922808885574
"(37, 53)",2,2,0,0.26376920436431134,0.19689759612083435,0.19715772112228397,0.1822740137577057
"(37, 54)",2,2,0,0.3127846030666666,0.11341574788093567,0.19318310077865583,0.18588821589946747
"(37, 55)",2,2,0,0.3649298988781626,0.5066084265708923,0.29185923673664804,0.3542070686817169
"(38, 40)",2,2,0,0.07369080570793952,0.08658214658498764,0.12520183958008804,0.34704717993736267
"(38, 41)",2,2,0,0.12365545758433015,0.07377356290817261,0.15669408807691512,0.17114107310771942
"(38, 42)",2,2,0,0.11205766060652841,0.06533771008253098,0.1447887691009417,0.2776799499988556
"(38, 43)",2,2,0,0.14218961589852738,0.17558328807353973,0.19223372508841272,0.1932458132505417
"(38, 44)",2,2,0,0.2454170202996946,0.13854995369911194,0.2292462609349141,0.37444400787353516
"(38, 45)",2,2,0,0.12645518375048553,0.10228336602449417,0.1324069001847499,0.2286788672208786
"(38, 46)",2,2,0,0.1386141005662732,0.07906799018383026,0.18692523864452987,0.2384381741285324
"(38, 47)",2,2,0,0.1793008003424384,0.11531593650579453,0.25012887382704035,0.27904269099235535
"(38, 48)",2,2,0,0.16680667941988953,0.19241315126419067,0.20671413128203117,0.2665815055370331
"(38, 49)",2,2,1,0.21620116588447721,0.05278092250227928,0.2974015804430415,0.36057862639427185
"(38, 50)",2,2,1,0.3016635881038649,0.29427310824394226,0.39672358809677194,0.5147294998168945
"(38, 51)",2,2,0,0.23231950245810576,0.12380065768957138,0.19948062398565652,0.23287062346935272
"(38, 52)",2,2,0,0.23274353084981644,0.07756426185369492,0.2064153772486704,0.3774344027042389
"(38, 53)",2,2,0,0.16870438012450514,0.12188615649938583,0.21438082638062775,0.2652249038219452
"(38, 54)",2,2,0,0.20090193785946703,0.1009204313158989,0.25094920117349406,0.315173476934433
"(38, 55)",2,2,1,0.4456803106287215,0.280193030834198,0.5300176541346957,0.5459082126617432
"(39, 40)",2,2,0,0.06655056321841522,0.1102336049079895,0.06520232875320502,0.1316412091255188
"(39, 41)",2,2,0,0.10698991418238411,0.076814204454422,0.08775275025068976,0.06517283618450165
"(39, 42)",2,2,0,0.09891970122952766,0.1663908064365387,0.07453173150753242,0.18210025131702423
"(39, 43)",2,2,0,0.11954324036197475,0.09586397558450699,0.09596910551228054,0.07552067935466766
"(39, 44)",2,2,0,0.21049436152586626,0.1949959248304367,0.12829361563713032,0.17909416556358337
"(39, 45)",2,2,0,0.10681899783300623,0.1626655012369156,0.06278926137103034,0.07847004383802414
"(39, 46)",2,2,0,0.1163985327529128,0.14589665830135345,0.09158423088708087,0.13200654089450836
"(39, 47)",2,2,1,0.15164622533186314,0.1403447389602661,0.13287050380694895,0.13372460007667542
"(39, 48)",2,2,0,0.12412667520009495,0.14664891362190247,0.09736037048140639,0.13915060460567474
"(39, 49)",2,2,0,0.1823573629895559,0.07186484336853027,0.16436003663801646,0.20227643847465515
"(39, 50)",2,2,0,0.24384286936440353,0.0878957211971283,0.1936845435915556,0.24991850554943085
"(39, 51)",2,2,0,0.18121891064801235,0.12717480957508087,0.09146589199916694,0.09677677601575851
"(39, 52)",2,2,0,0.17314711780962352,0.08746611326932907,0.09135255323241465,0.18057839572429657
"(39, 53)",2,2,0,0.14603062211283585,0.12212512642145157,0.11722681236513487,0.14258494973182678
"(39, 54)",2,2,0,0.17159421200013303,0.1140352115035057,0.1270267146708657,0.17123426496982574
"(39, 55)",2,2,0,0.35054937105043343,0.3987683653831482,0.29730403619114526,0.3372349143028259
"(56, 66)",3,2,0,0.06796957598839208,0.054323479533195496,0.048226020323289334,0.05351467430591583
"(56, 67)",3,2,0,0.13549706131020747,0.08353807777166367,0.11141457070737414,0.11687170714139938
"(56, 68)",3,2,0,0.12652486653489264,0.12590856850147247,0.11156875361166615,0.3332456052303314
"(56, 69)",3,2,1,0.1000403103579989,0.08268043398857117,0.0595833556192436,0.10614576190710068
"(56, 70)",3,2,1,0.16524975124720612,0.08266761153936386,0.14375144542322807,0.21954339742660522
"(56, 71)",3,2,0,0.09969825309161777,0.12808498740196228,0.061639797890190175,0.11595014482736588
"(56, 72)",3,2,0,0.11579782144219006,0.11053916066884995,0.06660481422340321,0.11357138305902481
"(56, 73)",3,2,0,0.12047053447041835,0.050574034452438354,0.07694267600755375,0.1330460160970688
"(56, 74)",3,2,0,0.12812305016465464,0.21263261139392853,0.09499394530425183,0.14349597692489624
"(56, 75)",3,2,0,0.13871510581079957,0.07716716080904007,0.09845196813783584,0.11377649754285812
"(57, 66)",3,2,0,0.03952022243686369,0.03986583650112152,0.06952039305059388,0.033488329499959946
"(57, 67)",3,2,0,0.08982361441331342,0.1432158201932907,0.13717272745107986,0.10186879336833954
"(57, 68)",3,2,0,0.07785137984933434,0.08335769921541214,0.16297382596312293,0.19652117788791656
"(57, 69)",3,2,0,0.05189748620217759,0.05360773205757141,0.04559922409004616,0.060372062027454376
"(57, 70)",3,2,0,0.09082739663114589,0.05381537601351738,0.10888948321287893,0.16072358191013336
"(57, 71)",3,2,1,0.06437589231229986,0.08153165131807327,0.06758837683625118,0.07379782199859619
"(57, 72)",3,2,0,0.06623594257682641,0.06140666827559471,0.07000409287173005,0.06448166817426682
"(57, 73)",3,2,0,0.0759028562349501,0.1285087764263153,0.06003416128301267,0.1270810067653656
"(57, 74)",3,2,0,0.08032704557345086,0.09715867787599564,0.11781831439939913,0.10815779119729996
"(57, 75)",3,2,0,0.08225536996404184,0.05022350698709488,0.10696116358703968,0.058568280190229416
"(58, 66)",3,2,0,0.1981869432997746,0.21745546162128448,0.21184715053308378,0.15418055653572083
"(58, 67)",3,2,0,0.2852317550309496,0.3030253052711487,0.3516438813969686,0.21619446575641632
"(58, 68)",3,2,0,0.293864329997592,0.4605340361595154,0.35527108605158836,0.4344039857387543
"(58, 69)",3,2,0,0.2272226708532208,0.24331159889698029,0.2174995228722851,0.21530397236347198
"(58, 70)",3,2,0,0.31028674809033585,0.25686565041542053,0.35773190043562875,0.33825579285621643
"(58, 71)",3,2,1,0.19479524774781432,0.2520703077316284,0.20076710860161978,0.20339518785476685
"(58, 72)",3,2,0,0.19304229981964866,0.14508651196956635,0.19441151313358385,0.14705365896224976
"(58, 73)",3,2,0,0.22719064336157596,0.3259693384170532,0.23900618026512443,0.23286722600460052
"(58, 74)",3,2,1,0.2626266339657956,0.30588498711586,0.269623787179949,0.2647746503353119
"(58, 75)",3,2,0,0.2757467577486979,0.25965526700019836,0.3190671969898522,0.22388193011283875
"(59, 66)",3,2,0,0.1981869432997746,0.21745546162128448,0.21184715053308378,0.15418055653572083
"(59, 67)",3,2,0,0.2852317550309496,0.3030253052711487,0.3516438813969686,0.21619446575641632
"(59, 68)",3,2,0,0.293864329997592,0.4605340361595154,0.35527108605158836,0.4344039857387543
"(59, 69)",3,2,0,0.2272226708532208,0.24331159889698029,0.2174995228722851,0.21530397236347198
"(59, 70)",3,2,0,0.31028674809033585,0.25686565041542053,0.35773190043562875,0.33825579285621643
"(59, 71)",3,2,0,0.19479524774781432,0.2520703077316284,0.20076710860161978,0.20339518785476685
"(59, 72)",3,2,0,0.19304229981964866,0.14508651196956635,0.19441151313358385,0.14705365896224976
"(59, 73)",3,2,0,0.22719064336157596,0.3259693384170532,0.23900618026512443,0.23286722600460052
"(59, 74)",3,2,0,0.2626266339657956,0.30588498711586,0.269623787179949,0.2647746503353119
"(59, 75)",3,2,0,0.2757467577486979,0.25965526700019836,0.3190671969898522,0.22388193011283875
"(60, 66)",3,2,1,0.20258506578552302,0.17536750435829163,0.2086227050502207,0.12315825372934341
"(60, 67)",3,2,0,0.25555391413781886,0.1685640960931778,0.2592980679818582,0.11877799034118652
"(60, 68)",3,2,0,0.29510420007669413,0.38462018966674805,0.319793852921153,0.3243553340435028
"(60, 69)",3,2,0,0.23896705838873222,0.1687355786561966,0.07308935194506291,0.11548095941543579
"(60, 70)",3,2,0,0.31502348428268556,0.17600710690021515,0.13946628483853069,0.22648422420024872
"(60, 71)",3,2,0,0.17080195575030624,0.06324033439159393,0.09136526474670152,0.038341306149959564
"(60, 72)",3,2,0,0.17230090149367974,0.06605104357004166,0.1009114686698859,0.0675564631819725
"(60, 73)",3,2,0,0.20270113744998564,0.06632339209318161,0.06802503585577231,0.07099661976099014
"(60, 74)",3,2,0,0.2679451322648656,0.3226548731327057,0.15513105173803335,0.14418263733386993
"(60, 75)",3,2,0,0.27230863813000256,0.17991186678409576,0.23640135914801078,0.12113570421934128
"(61, 66)",3,2,0,0.14083869899852072,0.15053614974021912,0.12800923459280883,0.12516741454601288
"(61, 67)",3,2,0,0.18317380214138015,0.19017253816127777,0.20165473884704158,0.10388509184122086
"(61, 68)",3,2,0,0.23430171530598393,0.12696689367294312,0.25425143162514946,0.3068072497844696
"(61, 69)",3,2,0,0.17558729734490494,0.1342843621969223,0.11822216571644535,0.12712781131267548
"(61, 70)",3,2,0,0.23393779647562896,0.0964522734284401,0.22292275755016527,0.20708926022052765
"(61, 71)",3,2,1,0.11971507327918536,0.07915718108415604,0.10854931212120336,0.058865249156951904
"(61, 72)",3,2,0,0.12281526702185241,0.05489465221762657,0.11245548853091702,0.06405089795589447
"(61, 73)",3,2,0,0.14265122772557512,0.07259834557771683,0.1124398805995182,0.060775838792324066
"(61, 74)",3,2,0,0.20383697916385426,0.25462785363197327,0.2028288741102513,0.1381755769252777
"(61, 75)",3,2,1,0.1910983283802665,0.1215975433588028,0.17469579250013895,0.129149928689003
"(62, 66)",3,2,0,0.14691122830493109,0.14779214560985565,0.18362143023586502,0.13082905113697052
"(62, 67)",3,2,1,0.2919527552256824,0.2338012456893921,0.3364305202646894,0.22238372266292572
"(62, 68)",3,2,0,0.24085887474773596,0.2948925495147705,0.2793548207082549,0.333644837141037
"(62, 69)",3,2,1,0.1788812976316808,0.16652418673038483,0.12275243323014111,0.11587045341730118
"(62, 70)",3,2,0,0.2687751696366664,0.21655002236366272,0.24092345428913067,0.25371772050857544
"(62, 71)",3,2,0,0.19071656673058307,0.11727197468280792,0.17766623550295257,0.1511327624320984
"(62, 72)",3,2,0,0.1398665070409292,0.06317286938428879,0.12653874314640703,0.06596949696540833
"(62, 73)",3,2,0,0.17087126642951136,0.12127332389354706,0.1290299674507832,0.08492612838745117
"(62, 74)",3,2,1,0.22388106299701283,0.22924590110778809,0.20470831729698907,0.13611401617527008
"(62, 75)",3,2,0,0.2894832718769742,0.24661153554916382,0.301386094310754,0.23909634351730347
"(63, 66)",3,2,0,0.10505821652336317,0.14209750294685364,0.20607089235625775,0.14489765465259552
"(63, 67)",3,2,1,0.2566571334076554,0.25753626227378845,0.4157787683817774,0.2741142809391022
"(63, 68)",3,2,0,0.1903027003527192,0.34325429797172546,0.3706528854102442,0.34735751152038574
"(63, 69)",3,2,0,0.14614790192813193,0.16094201803207397,0.15925593317130576,0.17694468796253204
"(63, 70)",3,2,0,0.23304609958553707,0.3123687207698822,0.2983697825720413,0.28364813327789307
"(63, 71)",3,2,0,0.16479300461792737,0.12385309487581253,0.23344703144811335,0.18735991418361664
"(63, 72)",3,2,0,0.13317175409473628,0.12400179356336594,0.173565826109079,0.12447988986968994
"(63, 73)",3,2,0,0.14853706445461873,0.2172171026468277,0.16850803767252262,0.14466044306755066
"(63, 74)",3,2,0,0.19186111649409612,0.20254503190517426,0.26800678832213454,0.20422886312007904
"(63, 75)",3,2,0,0.26258703307083825,0.32571035623550415,0.39024742293299347,0.26676109433174133
"(64, 66)",3,2,0,0.08656112355007836,0.08916077017784119,0.07521448364694219,0.10279668122529984
"(64, 67)",3,2,0,0.1124587741418636,0.06372193247079849,0.09829898874558558,0.10330253094434738
"(64, 68)",3,2,0,0.1434047626603449,0.18711814284324646,0.1598514386591027,0.29239776730537415
"(64, 69)",3,2,0,0.09276276955167176,0.12800158560276031,0.028760172578313443,0.09236282855272293
"(64, 70)",3,2,0,0.1485553524300496,0.0963168516755104,0.06696292192263928,0.15087652206420898
"(64, 71)",3,2,0,0.07338512053705679,0.046774398535490036,0.03362265551971818,0.048113368451595306
"(64, 72)",3,2,0,0.07114765819140226,0.037894148379564285,0.034895584777437164,0.051866915076971054
"(64, 73)",3,2,0,0.09176840687441531,0.05275094881653786,0.028563443521977934,0.04602763429284096
"(64, 74)",3,2,0,0.11606819339926702,0.19559568166732788,0.0727078127540082,0.10056323558092117
"(64, 75)",3,2,1,0.122660025720085,0.09398213773965836,0.08551010964381255,0.07633852958679199
"(65, 66)",3,2,0,0.12003722850465831,0.08557526767253876,0.1407651267389572,0.06601975858211517
"(65, 67)",3,2,0,0.20560641562433568,0.05757679417729378,0.2574226804532609,0.11607775092124939
"(65, 68)",3,2,0,0.21314854081203521,0.12928785383701324,0.28246986415188996,0.265411376953125
"(65, 69)",3,2,0,0.13309915411737763,0.1004491001367569,0.057677890590872,0.06812934577465057
"(65, 70)",3,2,0,0.21661224019282466,0.06979277729988098,0.1266001575056069,0.15755975246429443
"(65, 71)",3,2,0,0.14121383772116836,0.06862985342741013,0.08513559767042662,0.07059592008590698
"(65, 72)",3,2,0,0.14723745214382525,0.08254630863666534,0.09249062625375554,0.068320631980896
"(65, 73)",3,2,0,0.16838068615287713,0.07625935226678848,0.0676033324090608,0.08486028760671616
"(65, 74)",3,2,0,0.19494014711482724,0.2879888117313385,0.1535407519566451,0.13156484067440033
"(65, 75)",3,2,0,0.23717508238741977,0.11829932779073715,0.23680307302638012,0.1218208447098732
"(76, 94)",4,4,1,0.08846681678494864,0.08715494722127914,0.06954307541881495,0.09290403127670288
"(76, 95)",4,4,0,0.09987676774390314,0.06344013661146164,0.12394569901388912,0.10235316306352615
"(76, 96)",4,4,0,0.09885325120535159,0.08004200458526611,0.06891809312036913,0.07121095061302185
"(76, 97)",4,4,0,0.16538221159765967,0.04109710082411766,0.10137909143613294,0.07562481611967087
"(76, 98)",4,4,0,0.14127471995688154,0.053695861250162125,0.08589040426027086,0.06168362870812416
"(76, 99)",4,4,0,0.14771022127969524,0.051011569797992706,0.1583104304743314,0.11353565007448196
"(76, 100)",4,4,0,0.12426495753349094,0.06340257823467255,0.1007950686083961,0.12470503896474838
"(76, 101)",4,4,0,0.1029213670275303,0.02400088682770729,0.10140166203101562,0.07038873434066772
"(76, 102)",4,4,0,0.15020991378817863,0.046967051923274994,0.10846104792363974,0.06584674119949341
"(76, 103)",4,4,0,0.14061741425349433,0.04431166499853134,0.10567709684104913,0.07979818433523178
"(76, 104)",4,4,0,0.11812348295837685,0.08657889813184738,0.1049552207485146,0.12649381160736084
"(76, 105)",4,4,1,0.10939413005372323,0.037029676139354706,0.09370777132058807,0.0649920105934143
"(76, 106)",4,4,0,0.055880594659652456,0.0134076327085495,0.054082632276501626,0.0665646344423294
"(76, 107)",4,4,1,0.08377873937098997,0.05831588804721832,0.11277025273018983,0.1343328356742859
"(76, 108)",4,4,0,0.06083216989135178,0.03107588365674019,0.054609773743417266,0.0953921228647232
"(76, 109)",4,4,1,0.09749143794086274,0.10504269599914551,0.07429528120026842,0.1230287030339241
"(76, 110)",4,4,1,0.09215579521841907,0.07761184871196747,0.08767373856567937,0.11133867502212524
"(76, 111)",4,4,0,0.0939904727541702,0.055071476846933365,0.10204420505321586,0.10507967323064804
"(77, 94)",4,4,1,0.09199059753948031,0.1093156561255455,0.11494130869354563,0.11810565739870071
"(77, 95)",4,4,0,0.12364829193434278,0.17286713421344757,0.21594902268283758,0.3172167241573334
"(77, 96)",4,4,0,0.11903970429711278,0.0742587223649025,0.12241044455921714,0.13479924201965332
"(77, 97)",4,4,1,0.1510467117695141,0.2517682611942291,0.18325024213020955,0.15961426496505737
"(77, 98)",4,4,1,0.12527749421733508,0.05454377457499504,0.14915519015049847,0.17478521168231964
"(77, 99)",4,4,1,0.1612137205031896,0.1622576117515564,0.2677612344401405,0.32028618454933167
"(77, 100)",4,4,0,0.10028401204141409,0.05033259466290474,0.1230548129858737,0.12550492584705353
"(77, 101)",4,4,0,0.1861825446117396,0.11160451918840408,0.2563304681389615,0.19093197584152222
"(77, 102)",4,4,0,0.10945545240990702,0.04181729629635811,0.13485490187313198,0.09763991832733154
"(77, 103)",4,4,0,0.1765157808854882,0.16598041355609894,0.21411079192890287,0.18644684553146362
"(77, 104)",4,4,0,0.12885855058830498,0.13125164806842804,0.193947871350162,0.24629077315330505
"(77, 105)",4,4,1,0.152855810990932,0.13390931487083435,0.21533574670655883,0.221176415681839
"(77, 106)",4,4,0,0.10606529516812892,0.02098281867802143,0.14464706203848873,0.1273152232170105
"(77, 107)",4,4,1,0.14944142994765516,0.13220453262329102,0.28383485801622715,0.34666773676872253
"(77, 108)",4,4,0,0.09503608032246515,0.017980441451072693,0.12400564472824561,0.10164382308721542
"(77, 109)",4,4,0,0.1387202312988138,0.14081516861915588,0.1530474610048497,0.18411067128181458
"(77, 110)",4,4,0,0.10022575337147101,0.0512620285153389,0.15955402238202165,0.15862274169921875
"(77, 111)",4,4,0,0.10676150270912013,0.11370964348316193,0.17463399272849825,0.13970278203487396
"(78, 94)",4,4,0,0.08305206853676037,0.06646786630153656,0.1181027933953939,0.15931600332260132
"(78, 95)",4,4,0,0.09825173390375891,0.07878438383340836,0.15240367050684983,0.11540018022060394
"(78, 96)",4,4,0,0.09448766132079836,0.10772351175546646,0.1424468108304713,0.1376059353351593
"(78, 97)",4,4,0,0.12238816828521942,0.11167916655540466,0.09529601616868184,0.058047663420438766
"(78, 98)",4,4,0,0.10005948627290749,0.029376208782196045,0.10427087122486092,0.0730707123875618
"(78, 99)",4,4,0,0.1281631957659369,0.0956839919090271,0.1807168691106642,0.19892023503780365
"(78, 100)",4,4,0,0.08034531110678252,0.03298746049404144,0.11842059176151383,0.09887492656707764
"(78, 101)",4,4,0,0.15439009837072423,0.21795399487018585,0.22219875746376017,0.14444969594478607
"(78, 102)",4,4,0,0.09768509550213018,0.03505609557032585,0.10729011177056638,0.07636602967977524
"(78, 103)",4,4,0,0.1402162788875926,0.10211808979511261,0.12355773897161762,0.10809634625911713
"(78, 104)",4,4,0,0.11227037590101903,0.13591808080673218,0.13027746575876092,0.15234610438346863
"(78, 105)",4,4,0,0.12611053091731164,0.15157940983772278,0.16232042205307817,0.10683852434158325
"(78, 106)",4,4,1,0.08931007787707843,0.02518138661980629,0.18209269588912277,0.17119139432907104
"(78, 107)",4,4,1,0.11145537182442336,0.12619036436080933,0.17995977928740933,0.20933236181735992
"(78, 108)",4,4,0,0.08862050048809314,0.03047129511833191,0.12249142695188356,0.18182867765426636
"(78, 109)",4,4,1,0.11114005382927439,0.2123100906610489,0.14763332084042594,0.21675987541675568
"(78, 110)",4,4,0,0.07706113577205911,0.06317895650863647,0.10356122670584265,0.15161757171154022
"(78, 111)",4,4,0,0.0844989506404655,0.05742776021361351,0.1605223476481168,0.11841776967048645
"(79, 94)",4,4,0,0.09031583918377893,0.05715314298868179,0.09532377359917231,0.09097413718700409
"(79, 95)",4,4,0,0.1252654155043922,0.06363240629434586,0.13698345905950143,0.09838981181383133
"(79, 96)",4,4,0,0.1781915136533607,0.054114293307065964,0.14167968947077608,0.14099793136119843
"(79, 97)",4,4,0,0.1434438748160391,0.08012639731168747,0.08150103280665642,0.046242691576480865
"(79, 98)",4,4,0,0.07933185535900446,0.011454474180936813,0.04819200253385342,0.038838453590869904
"(79, 99)",4,4,0,0.14991776401365497,0.06752461940050125,0.14720098021304606,0.12563255429267883
"(79, 100)",4,4,0,0.1034876417723006,0.046602487564086914,0.10094702104690344,0.06052848696708679
"(79, 101)",4,4,0,0.12450821190625373,0.04897294566035271,0.15197518379869163,0.09632942080497742
"(79, 102)",4,4,0,0.1000003049995889,0.025760510936379433,0.07007585768877929,0.05146621912717819
"(79, 103)",4,4,0,0.19965874866979716,0.08643896877765656,0.14085603505818994,0.09841299802064896
"(79, 104)",4,4,1,0.12496941329585358,0.08055861294269562,0.10539127003005673,0.17686377465724945
"(79, 105)",4,4,0,0.1479710926323647,0.06331263482570648,0.13473196802645812,0.09805711358785629
"(79, 106)",4,4,0,0.06835282260363558,0.027255216613411903,0.07075369583989308,0.04913954436779022
"(79, 107)",4,4,1,0.10880658293371884,0.07541122287511826,0.13505476772501376,0.10858233273029327
"(79, 108)",4,4,1,0.11327862686609906,0.032306209206581116,0.08647746171576715,0.05337953940033913
"(79, 109)",4,4,0,0.13421566719162728,0.06877031177282333,0.13381725543824796,0.15519893169403076
"(79, 110)",4,4,0,0.10681430781676839,0.05428163707256317,0.09575555805564981,0.1253325641155243
"(79, 111)",4,4,0,0.12154944212069982,0.05280239135026932,0.16892873456380553,0.13624149560928345
"(80, 94)",4,4,0,0.1164116589248821,0.18984390795230865,0.18895926376684227,0.22036093473434448
"(80, 95)",4,4,0,0.12720933561564565,0.2255215048789978,0.19346540581729008,0.18119902908802032
"(80, 96)",4,4,0,0.1222410996145014,0.08218590170145035,0.12933467725086067,0.22048376500606537
"(80, 97)",4,4,0,0.24953715524075337,0.1491057425737381,0.21621376900173975,0.15226951241493225
"(80, 98)",4,4,0,0.1013474647613843,0.04488508403301239,0.10604977320693396,0.10250698775053024
"(80, 99)",4,4,0,0.16621586212132608,0.18812717497348785,0.23268760447267475,0.2778627276420593
"(80, 100)",4,4,0,0.12175456015807759,0.08183248341083527,0.15749389472322387,0.16556917130947113
"(80, 101)",4,4,0,0.14989713350025805,0.10810348391532898,0.27047605904638394,0.2248961627483368
"(80, 102)",4,4,1,0.22653149159531202,0.1610718071460724,0.228508522376567,0.16785158216953278
"(80, 103)",4,4,0,0.17690794991056122,0.2523598074913025,0.1739852678765482,0.16753879189491272
"(80, 104)",4,4,0,0.22642623002987466,0.3303816020488739,0.25070622628810624,0.3199532628059387
"(80, 105)",4,4,1,0.1456688938103638,0.19924364984035492,0.21839776805168987,0.2592458426952362
"(80, 106)",4,4,0,0.08568508573094719,0.05109340697526932,0.15346061724163404,0.19551938772201538
"(80, 107)",4,4,0,0.10969253770806542,0.11141549050807953,0.188156032501342,0.19899766147136688
"(80, 108)",4,4,0,0.0930174381002889,0.05408572778105736,0.12894759828600466,0.17824508249759674
"(80, 109)",4,4,1,0.12218773641517836,0.18242789804935455,0.17881050703410536,0.2704686224460602
"(80, 110)",4,4,0,0.10686951670455529,0.1152968630194664,0.14475961349628372,0.2585824429988861
"(80, 111)",4,4,0,0.11378372079541893,0.11654675006866455,0.2304707482115367,0.22074690461158752
"(81, 94)",4,4,0,0.09677233790482222,0.161776602268219,0.09132783797309414,0.11447592824697495
"(81, 95)",4,4,0,0.10768661821268216,0.23025044798851013,0.1591346400560268,0.1899278461933136
"(81, 96)",4,4,0,0.09680648757161044,0.059525202959775925,0.0762032327354713,0.10223768651485443
"(81, 97)",4,4,0,0.15305935334340923,0.09916514158248901,0.14462511060156172,0.16806279122829437
"(81, 98)",4,4,0,0.08392511142527301,0.040287815034389496,0.06816470050112945,0.0842045396566391
"(81, 99)",4,4,1,0.153978920308529,0.2118011862039566,0.18712585208795204,0.27766063809394836
"(81, 100)",4,4,0,0.10685907772079314,0.09655106067657471,0.10866536124732495,0.13122732937335968
"(81, 101)",4,4,0,0.10896586125233951,0.05748455971479416,0.12468906529923247,0.12966753542423248
"(81, 102)",4,4,0,0.10706764204772139,0.04998583719134331,0.10414272219897139,0.08800406754016876
"(81, 103)",4,4,0,0.15107827900406365,0.207456573843956,0.15734094855613018,0.20019741356372833
"(81, 104)",4,4,1,0.11936515223019298,0.2625478208065033,0.14412692513323536,0.2761912941932678
"(81, 105)",4,4,0,0.11730212670782554,0.10476069897413254,0.13100454564124148,0.12779760360717773
"(81, 106)",4,4,0,0.060181554242596615,0.026361292228102684,0.06131800774286847,0.05415143445134163
"(81, 107)",4,4,0,0.08314332433542956,0.11640611290931702,0.14620234031437895,0.16803483664989471
"(81, 108)",4,4,1,0.06548780205932948,0.029898911714553833,0.06640197693950092,0.06044074892997742
"(81, 109)",4,4,0,0.1086765618598845,0.23737286031246185,0.08522459850201251,0.15731550753116608
"(81, 110)",4,4,0,0.10417944263163521,0.11081678420305252,0.11459411850168194,0.13638968765735626
"(81, 111)",4,4,0,0.10004376402663026,0.0670294463634491,0.10922619745341831,0.14142273366451263
"(82, 94)",4,4,1,0.12125320964892927,0.31260621547698975,0.17035937013881908,0.15441061556339264
"(82, 95)",4,4,0,0.16119360691972734,0.3638484477996826,0.24926431661406376,0.24152807891368866
"(82, 96)",4,4,0,0.16720295207119243,0.10216199606657028,0.1856395111802884,0.22782497107982635
"(82, 97)",4,4,0,0.20663561595300864,0.473162442445755,0.20032405582176316,0.14953552186489105
"(82, 98)",4,4,0,0.12085595624085985,0.09070561081171036,0.12294181808290548,0.11785294860601425
"(82, 99)",4,4,1,0.20746526150198605,0.2882586419582367,0.29531704211006954,0.20946267247200012
"(82, 100)",4,4,0,0.14027792667617608,0.2055707722902298,0.21277925474814344,0.15565034747123718
"(82, 101)",4,4,0,0.19043662398859731,0.20563015341758728,0.2849395266460808,0.20653057098388672
"(82, 102)",4,4,0,0.15057342603321897,0.1430385261774063,0.16257659147912068,0.11595626175403595
"(82, 103)",4,4,0,0.22597469706966333,0.39099377393722534,0.24967592059655289,0.20063473284244537
"(82, 104)",4,4,0,0.17582637194611758,0.44854500889778137,0.23022367299491456,0.27917423844337463
"(82, 105)",4,4,1,0.19964113712377649,0.3847728371620178,0.27798970025605935,0.2357202172279358
"(82, 106)",4,4,0,0.10873336215873551,0.040682531893253326,0.17157026821117952,0.14390577375888824
"(82, 107)",4,4,1,0.1585858207960128,0.3019052743911743,0.26424457593868816,0.2808919847011566
"(82, 108)",4,4,0,0.1147256508098077,0.05395766347646713,0.13638933839339387,0.11314233392477036
"(82, 109)",4,4,1,0.18210908129594502,0.2103080153465271,0.21024704642258848,0.21474577486515045
"(82, 110)",4,4,0,0.13003485036041898,0.13714520633220673,0.18906763400084806,0.21122965216636658
"(82, 111)",4,4,0,0.1418000515615818,0.1954541802406311,0.2367987898326685,0.1478336900472641
"(83, 94)",4,4,0,0.18317456254289252,0.17847946286201477,0.19729832056479812,0.18543212115764618
"(83, 95)",4,4,0,0.20406484237729006,0.15728603303432465,0.27673709992706436,0.19093264639377594
"(83, 96)",4,4,0,0.14407897661740185,0.1473081111907959,0.18214315062026978,0.1833081990480423
"(83, 97)",4,4,0,0.21456998668796545,0.14946088194847107,0.17429774813745152,0.10475818067789078
"(83, 98)",4,4,0,0.21008082841445255,0.15099658071994781,0.17451778637232943,0.16354084014892578
"(83, 99)",4,4,1,0.20449410268175364,0.09403253346681595,0.25520546017471524,0.21594998240470886
"(83, 100)",4,4,0,0.2210760888283943,0.16950754821300507,0.2520062891139774,0.2002081573009491
"(83, 101)",4,4,0,0.21379442427385145,0.10388589650392532,0.2753950060110772,0.17625124752521515
"(83, 102)",4,4,0,0.197616140223231,0.2568352222442627,0.18366966547024546,0.17085520923137665
"(83, 103)",4,4,0,0.30445018894621084,0.09206937998533249,0.2669307291684023,0.15863551199436188
"(83, 104)",4,4,0,0.1475398520651997,0.14676018059253693,0.1616192545271828,0.1816207617521286
"(83, 105)",4,4,0,0.1807026006905932,0.16992686688899994,0.23353365484382532,0.15856632590293884
"(83, 106)",4,4,0,0.08523443098750856,0.04746038466691971,0.1545861629035076,0.22002744674682617
"(83, 107)",4,4,1,0.1325192745848602,0.15214592218399048,0.22901696870033236,0.2259708195924759
"(83, 108)",4,4,0,0.09128982817545236,0.0973542258143425,0.10981122599424505,0.20231404900550842
"(83, 109)",4,4,0,0.16044134312042244,0.2725708782672882,0.1872372321488942,0.1856687068939209
"(83, 110)",4,4,0,0.14831547485546095,0.223237544298172,0.18185454512185617,0.2319580763578415
"(83, 111)",4,4,0,0.20973331126133782,0.21669995784759521,0.2832497964385536,0.2048240751028061
"(84, 94)",4,4,0,0.1621732398194399,0.2206769734621048,0.16297197981002146,0.13485883176326752
"(84, 95)",4,4,0,0.1790018342458257,0.19625242054462433,0.227502478954091,0.18125304579734802
"(84, 96)",4,4,0,0.19702264110205844,0.24882455170154572,0.22141310909837478,0.13006818294525146
"(84, 97)",4,4,0,0.360511203223363,0.33089712262153625,0.2646715340101818,0.17850664258003235
"(84, 98)",4,4,0,0.2136316764887943,0.16132745146751404,0.17223545039313012,0.11152705550193787
"(84, 99)",4,4,0,0.2725683808964662,0.16763953864574432,0.31595794927338483,0.1956416815519333
"(84, 100)",4,4,0,0.20355869075550126,0.18818601965904236,0.2057460150025575,0.1595277190208435
"(84, 101)",4,4,0,0.19472512215549762,0.05993817746639252,0.251374307428233,0.15841643512248993
"(84, 102)",4,4,0,0.34030691035351646,0.3407011330127716,0.27428646704084664,0.21846872568130493
"(84, 103)",4,4,0,0.2801764560085387,0.11087334156036377,0.23328308049035917,0.09837782382965088
"(84, 104)",4,4,0,0.27487237654145036,0.31295475363731384,0.26205568432502313,0.25461816787719727
"(84, 105)",4,4,1,0.23248649185094344,0.2040351927280426,0.27034471933900633,0.15923507511615753
"(84, 106)",4,4,0,0.11344834645568659,0.048543334007263184,0.1789442367943757,0.18700288236141205
"(84, 107)",4,4,0,0.17341795246839692,0.19460195302963257,0.26337314426529107,0.19470375776290894
"(84, 108)",4,4,1,0.11966558993425871,0.13095684349536896,0.12981284323424366,0.23842301964759827
"(84, 109)",4,4,0,0.212837069761197,0.310254842042923,0.22907697359262275,0.19538307189941406
"(84, 110)",4,4,0,0.1930045925312131,0.2873208522796631,0.20240677667643056,0.16153699159622192
"(84, 111)",4,4,0,0.19093826721117232,0.30039235949516296,0.26393939280371065,0.18444311618804932
"(85, 94)",4,4,0,0.0769336373992974,0.08101243525743484,0.0789192738399573,0.06433671712875366
"(85, 95)",4,4,0,0.07500745687543608,0.026667701080441475,0.12419559958116018,0.0917108952999115
"(85, 96)",4,4,0,0.07107371549472553,0.053492914885282516,0.06505167514017435,0.07408003509044647
"(85, 97)",4,4,0,0.12406202920027894,0.06746285408735275,0.11164269036109302,0.07695146650075912
"(85, 98)",4,4,0,0.10690547826969339,0.028650499880313873,0.09642679607357343,0.06612324714660645
"(85, 99)",4,4,0,0.11347748654916062,0.09110952168703079,0.1567821439732963,0.14974041283130646
"(85, 100)",4,4,0,0.08919503839837875,0.0799749493598938,0.09470613581638476,0.0512818843126297
"(85, 101)",4,4,0,0.09303813096239924,0.032484810799360275,0.1265999825107601,0.06335246562957764
"(85, 102)",4,4,0,0.12102448137801367,0.07313050329685211,0.12947877435634286,0.07655204087495804
"(85, 103)",4,4,0,0.10968078029580482,0.059285398572683334,0.1099052407992623,0.07385417819023132
"(85, 104)",4,4,0,0.09667603301351493,0.08791326731443405,0.12013769324535234,0.2254900187253952
"(85, 105)",4,4,0,0.08782909305602007,0.07026082277297974,0.10462609725931005,0.1174045279622078
"(85, 106)",4,4,0,0.05097674778234696,0.013479018583893776,0.06904543646833343,0.07110077142715454
"(85, 107)",4,4,1,0.0625202176489252,0.04835760220885277,0.1239722384283091,0.1332729160785675
"(85, 108)",4,4,0,0.054743991788209274,0.018697701394557953,0.0681484050540439,0.04418725147843361
"(85, 109)",4,4,0,0.07595129788560487,0.08218541741371155,0.07513167356267303,0.10844583809375763
"(85, 110)",4,4,0,0.07134971310960486,0.06945105642080307,0.0892113708407738,0.10934876650571823
"(85, 111)",4,4,0,0.06950328827526135,0.04461238905787468,0.09557320657950222,0.06673463433980942
"(86, 94)",4,4,0,0.11706495134565618,0.15319964289665222,0.10698422808846697,0.11718330532312393
"(86, 95)",4,4,0,0.15982756209701013,0.1478148251771927,0.22378338863393102,0.2589435875415802
"(86, 96)",4,4,0,0.1738526562116702,0.1309339553117752,0.13821835032088636,0.1356000006198883
"(86, 97)",4,4,1,0.20256361111128862,0.16623114049434662,0.16874295156736607,0.1612946093082428
"(86, 98)",4,4,0,0.12192617788505038,0.04848634451627731,0.11258168321443719,0.13517093658447266
"(86, 99)",4,4,0,0.19944351657994114,0.1666257530450821,0.25555113251092515,0.15908129513263702
"(86, 100)",4,4,1,0.13905974781893962,0.07089851796627045,0.13606867161368613,0.10903316736221313
"(86, 101)",4,4,0,0.22259346172209163,0.20022419095039368,0.23362558811609516,0.19516237080097198
"(86, 102)",4,4,0,0.14740093618910816,0.07927632331848145,0.1375317915780322,0.1097809448838234
"(86, 103)",4,4,0,0.24241008317093812,0.29758667945861816,0.21327122426262163,0.2089962214231491
"(86, 104)",4,4,1,0.16390644564950727,0.19403456151485443,0.16196510718412077,0.24014700949192047
"(86, 105)",4,4,1,0.22066216872506972,0.44419723749160767,0.23511447977394076,0.2923043668270111
"(86, 106)",4,4,0,0.13853930902424924,0.04250454902648926,0.150926222847228,0.11278442293405533
"(86, 107)",4,4,1,0.2259763002633336,0.3157702684402466,0.3237530228643557,0.3496697247028351
"(86, 108)",4,4,1,0.12623663004317018,0.033766970038414,0.14048289444616152,0.09938944876194
"(86, 109)",4,4,1,0.1969977638363029,0.2308669537305832,0.18435294091023643,0.19567087292671204
"(86, 110)",4,4,1,0.14257127602349182,0.11524854600429535,0.16560594978372448,0.1357671469449997
"(86, 111)",4,4,0,0.14761855436097965,0.15495610237121582,0.18757936583234666,0.17999456822872162
"(87, 94)",4,4,0,0.06198952062745194,0.06098801642656326,0.08429474100379752,0.06666027009487152
"(87, 95)",4,4,0,0.08585091931579338,0.16052411496639252,0.16154480661419793,0.18529456853866577
"(87, 96)",4,4,0,0.07453213790306121,0.025437012314796448,0.07656578300010507,0.08389785140752792
"(87, 97)",4,4,0,0.10029174491426796,0.060957398265600204,0.12099853707864354,0.08245950192213058
"(87, 98)",4,4,0,0.07934409490939177,0.01574515551328659,0.09094117581415051,0.1030464842915535
"(87, 99)",4,4,1,0.09958937765682908,0.08653444796800613,0.1653394797141531,0.14576274156570435
"(87, 100)",4,4,0,0.06940662735212369,0.03354879841208458,0.09363036477687789,0.07335668057203293
"(87, 101)",4,4,0,0.11142121634740018,0.058395352214574814,0.15906192807406178,0.11107257753610611
"(87, 102)",4,4,0,0.06886652978270562,0.02466060034930706,0.08674400861810362,0.049844890832901
"(87, 103)",4,4,0,0.13042029038820246,0.11954715847969055,0.1830357323580513,0.13399602472782135
"(87, 104)",4,4,0,0.08563893525424528,0.14565688371658325,0.1398665730696951,0.29579558968544006
"(87, 105)",4,4,0,0.09926588123636677,0.08696020394563675,0.1412565359049308,0.1157415360212326
"(87, 106)",4,4,0,0.06075866387347405,0.015090519562363625,0.08514644340913281,0.08412553369998932
"(87, 107)",4,4,1,0.08623808274306534,0.0677071288228035,0.1755628977999222,0.19198745489120483
"(87, 108)",4,4,0,0.058610680862028766,0.009764036163687706,0.07269648834723746,0.07499377429485321
"(87, 109)",4,4,0,0.08598720289149055,0.036826033145189285,0.08962667661486776,0.10064105689525604
"(87, 110)",4,4,0,0.06344351343492545,0.025797000154852867,0.10416816168622489,0.10578767955303192
"(87, 111)",4,4,0,0.0716856191331204,0.02179737202823162,0.11690518641675542,0.10327984392642975
"(88, 94)",4,4,0,0.10623400910451208,0.1678810566663742,0.1320831700290704,0.09132815897464752
"(88, 95)",4,4,0,0.13066657875547816,0.25712063908576965,0.21891633593639695,0.24021336436271667
"(88, 96)",4,4,0,0.11120072672845956,0.08946094661951065,0.10568934167733944,0.08989500999450684
"(88, 97)",4,4,0,0.14949489605017713,0.21536242961883545,0.16038311903863428,0.12544743716716766
"(88, 98)",4,4,0,0.11963687730630038,0.0854964554309845,0.12737635276035397,0.18246513605117798
"(88, 99)",4,4,0,0.14850482350391112,0.3041764199733734,0.219559331983309,0.2065485715866089
"(88, 100)",4,4,0,0.10522973755788882,0.09215797483921051,0.12696911687178297,0.1351546347141266
"(88, 101)",4,4,0,0.18627097330834785,0.21628393232822418,0.24035956782407636,0.13942737877368927
"(88, 102)",4,4,0,0.1334521113796374,0.10266820341348648,0.1597460388406429,0.09113236516714096
"(88, 103)",4,4,0,0.18897053608001238,0.34413933753967285,0.2259559577042999,0.19438078999519348
"(88, 104)",4,4,0,0.14416866490174374,0.4349730312824249,0.20651794095389267,0.40664464235305786
"(88, 105)",4,4,0,0.14618099224075143,0.18857596814632416,0.18501896265196138,0.17784126102924347
"(88, 106)",4,4,0,0.10562007680930428,0.07458629459142685,0.13831685012672135,0.11115419864654541
"(88, 107)",4,4,0,0.12787007628220973,0.2913072407245636,0.22397713761223803,0.3870392441749573
"(88, 108)",4,4,0,0.10205845415016308,0.04819900169968605,0.12033150262703707,0.09304588288068771
"(88, 109)",4,4,0,0.1275149839318665,0.15648271143436432,0.1225120751742631,0.1440240889787674
"(88, 110)",4,4,0,0.09650804110725243,0.0852954164147377,0.1443362426605971,0.17599423229694366
"(88, 111)",4,4,0,0.1085477903549526,0.09492547065019608,0.1606842909464997,0.13450101017951965
"(89, 94)",4,4,0,0.2583336195464096,0.10121636092662811,0.16155994025607032,0.17165854573249817
"(89, 95)",4,4,0,0.2751725449363512,0.09225298464298248,0.2665661930192159,0.3497498631477356
"(89, 96)",4,4,0,0.20884164016550577,0.025774583220481873,0.1089518505452864,0.12693464756011963
"(89, 97)",4,4,0,0.2742833640569133,0.10515806823968887,0.2164115430777296,0.15910625457763672
"(89, 98)",4,4,0,0.16353003700749738,0.034198347479104996,0.10102931485914994,0.1187993735074997
"(89, 99)",4,4,1,0.27423667004000757,0.09859862923622131,0.2625224529505784,0.20107236504554749
"(89, 100)",4,4,0,0.2624105718570851,0.06557140499353409,0.15971046636172992,0.15783703327178955
"(89, 101)",4,4,0,0.33100145388152996,0.12225065380334854,0.2855809875981992,0.3238983452320099
"(89, 102)",4,4,0,0.225920112940079,0.04304124787449837,0.1535547859793114,0.15250995755195618
"(89, 103)",4,4,0,0.36578481621341163,0.19278252124786377,0.28140871830013114,0.3432238698005676
"(89, 104)",4,4,1,0.26384190032769683,0.11971907317638397,0.2232673528989146,0.35051292181015015
"(89, 105)",4,4,0,0.22553109414281788,0.09467034041881561,0.19417042101233772,0.23427172005176544
"(89, 106)",4,4,0,0.14336973085051014,0.015081232413649559,0.11093703132986443,0.09169825911521912
"(89, 107)",4,4,0,0.17816151789048695,0.06941559165716171,0.22032816268080135,0.23822547495365143
"(89, 108)",4,4,0,0.14904980635804496,0.01143593154847622,0.10488781980887416,0.042296379804611206
"(89, 109)",4,4,0,0.20631151242624307,0.09686016291379929,0.12295344405286028,0.13661926984786987
"(89, 110)",4,4,0,0.17606950130507049,0.06453686952590942,0.1448818446490024,0.1217510998249054
"(89, 111)",4,4,0,0.2619617562345993,0.07814338803291321,0.20458160532366354,0.17457813024520874
"(90, 94)",4,4,0,0.08864177122374622,0.08594820648431778,0.11228829146164578,0.09464190900325775
"(90, 95)",4,4,0,0.10615160415856643,0.0447172075510025,0.1328354175043324,0.11068448424339294
"(90, 96)",4,4,0,0.09763012310495564,0.0482177734375,0.09015190908474016,0.12822508811950684
"(90, 97)",4,4,0,0.1859273893765736,0.07553137093782425,0.12607213190364347,0.06628502905368805
"(90, 98)",4,4,0,0.07154199850727633,0.01158688310533762,0.05893671757139368,0.061310794204473495
"(90, 99)",4,4,0,0.12770003419203838,0.05119803547859192,0.14788517540607485,0.1691814810037613
"(90, 100)",4,4,0,0.08576987961001536,0.03235485032200813,0.09497693601066629,0.05115393176674843
"(90, 101)",4,4,0,0.16319935366189392,0.057455796748399734,0.22788590154706573,0.1309455931186676
"(90, 102)",4,4,0,0.16674140918939273,0.057525455951690674,0.147907390815908,0.07983682304620743
"(90, 103)",4,4,0,0.14715025227412873,0.06331267952919006,0.10349797756351788,0.06892747431993484
"(90, 104)",4,4,0,0.16947841361503108,0.08587931841611862,0.15355930431596582,0.20188993215560913
"(90, 105)",4,4,0,0.13064212961499935,0.1063813865184784,0.14406568359154384,0.13287010788917542
"(90, 106)",4,4,0,0.09018689133400115,0.01005616970360279,0.11776676092221885,0.14253726601600647
"(90, 107)",4,4,0,0.1081401301874573,0.05938601493835449,0.14472558814479375,0.16923603415489197
"(90, 108)",4,4,0,0.0894912092006804,0.010211805813014507,0.09526829196613737,0.14418359100818634
"(90, 109)",4,4,1,0.11220478006053293,0.13368259370326996,0.13810287750721723,0.188945472240448
"(90, 110)",4,4,0,0.08228380997415113,0.057223331183195114,0.08342850717114947,0.1116538941860199
"(90, 111)",4,4,0,0.09017645690445632,0.03451372683048248,0.16102560054410303,0.138526052236557
"(91, 94)",4,4,0,0.09820377523993488,0.048753369599580765,0.1448921694979216,0.08437927067279816
"(91, 95)",4,4,0,0.13340092556165367,0.11182472854852676,0.21532658514593314,0.17774923145771027
"(91, 96)",4,4,0,0.11715858510170063,0.016673527657985687,0.13295935866474598,0.13380025327205658
"(91, 97)",4,4,1,0.15714171446849348,0.12845373153686523,0.15835968874671608,0.08110327273607254
"(91, 98)",4,4,0,0.08635154293332646,0.0158641766756773,0.09053115681202158,0.053013429045677185
"(91, 99)",4,4,1,0.23002969529435174,0.2523302137851715,0.29864705223760135,0.2482617199420929
"(91, 100)",4,4,0,0.10986904870539159,0.0371679812669754,0.18758219903505025,0.08394021540880203
"(91, 101)",4,4,0,0.1413698371118135,0.019668178632855415,0.21154020241599425,0.10081253200769424
"(91, 102)",4,4,0,0.1086330497274524,0.020532002672553062,0.12228590316789584,0.0397607684135437
"(91, 103)",4,4,1,0.18277199484336965,0.0856388658285141,0.20312985512053136,0.10613361746072769
"(91, 104)",4,4,0,0.13028936710705136,0.13673780858516693,0.17851611236769072,0.16643716394901276
"(91, 105)",4,4,1,0.2267698959397515,0.06129128858447075,0.29192555035594786,0.11948709934949875
"(91, 106)",4,4,1,0.1238212020226887,0.04015505686402321,0.18155479520458215,0.07789847254753113
"(91, 107)",4,4,1,0.11321213118140738,0.04186342656612396,0.20244533894245037,0.17342711985111237
"(91, 108)",4,4,0,0.08858768639069194,0.013603594154119492,0.10857035585076688,0.07291929423809052
"(91, 109)",4,4,1,0.13421492782075323,0.04545766860246658,0.15321073008853195,0.13948805630207062
"(91, 110)",4,4,1,0.10041625744311224,0.03584376350045204,0.14692082629827724,0.10595764964818954
"(91, 111)",4,4,0,0.11087831149711912,0.09692206978797913,0.1894923154156848,0.08329948037862778
"(92, 94)",4,4,0,0.11631981323958412,0.15157049894332886,0.08885448722954256,0.07775766402482986
"(92, 95)",4,4,0,0.12912354913987373,0.1439889669418335,0.16517329860153518,0.24379386007785797
"(92, 96)",4,4,0,0.13612367956441634,0.0882166177034378,0.10107460960128659,0.09131433814764023
"(92, 97)",4,4,1,0.19184483677938474,0.15831953287124634,0.175115085249894,0.20927438139915466
"(92, 98)",4,4,1,0.11335517104654913,0.054769162088632584,0.08843616613494214,0.17238277196884155
"(92, 99)",4,4,1,0.19164248448358412,0.19937030971050262,0.22642778721097567,0.29098209738731384
"(92, 100)",4,4,0,0.12779361241594803,0.12274239212274551,0.10353821258340679,0.13082349300384521
"(92, 101)",4,4,0,0.14303400470363978,0.09005750715732574,0.15515879092643872,0.13197846710681915
"(92, 102)",4,4,0,0.13909199021027427,0.06798815727233887,0.11891012788736433,0.1510833501815796
"(92, 103)",4,4,0,0.21176692063452532,0.3159233331680298,0.19591576533844637,0.26545968651771545
"(92, 104)",4,4,0,0.139424591071566,0.1706748604774475,0.1511011590006267,0.2867155373096466
"(92, 105)",4,4,1,0.16082987453119788,0.19588766992092133,0.17438857081099768,0.17932645976543427
"(92, 106)",4,4,0,0.0749009575315338,0.02043822593986988,0.07141485947279604,0.06112319976091385
"(92, 107)",4,4,1,0.1203025794091891,0.14820514619350433,0.20923100835412187,0.27784761786460876
"(92, 108)",4,4,0,0.07919441674108778,0.019424565136432648,0.07471267005053794,0.030725395306944847
"(92, 109)",4,4,1,0.1460840427079514,0.20025679469108582,0.11908234260608014,0.1553095281124115
"(92, 110)",4,4,1,0.13314166478180775,0.09852682054042816,0.14085079523751243,0.14276975393295288
"(92, 111)",4,4,0,0.14007753373835155,0.1012127697467804,0.14093663666592424,0.16419601440429688
"(93, 94)",4,4,0,0.13628063935341966,0.18201543390750885,0.10599413444720827,0.18274299800395966
"(93, 95)",4,4,1,0.15090632491863365,0.1038258746266365,0.1744991107679689,0.246433824300766
"(93, 96)",4,4,0,0.24141044267193126,0.10299599170684814,0.15858484094376998,0.22825977206230164
"(93, 97)",4,4,1,0.24739143132377583,0.12035894393920898,0.1843628676584388,0.1138654351234436
"(93, 98)",4,4,0,0.1478458678134978,0.051682379096746445,0.10466877241055157,0.10179752111434937
"(93, 99)",4,4,0,0.2251404635961643,0.14196978509426117,0.24163936291251636,0.2479337602853775
"(93, 100)",4,4,1,0.17288075941555045,0.09707596898078918,0.1276601376752047,0.15104497969150543
"(93, 101)",4,4,0,0.1626196057443256,0.03958761692047119,0.1676534699366413,0.20361459255218506
"(93, 102)",4,4,0,0.18505404205340964,0.08898774534463882,0.13620316962872303,0.12688280642032623
"(93, 103)",4,4,0,0.23814864524220888,0.13684716820716858,0.19866111649950738,0.1984887570142746
"(93, 104)",4,4,1,0.17882146371251956,0.21260249614715576,0.16473423945506002,0.2567617893218994
"(93, 105)",4,4,0,0.19718257896046637,0.10192177444696426,0.19723812321959344,0.19137082993984222
"(93, 106)",4,4,0,0.09274670256621623,0.019727766513824463,0.09073638823309195,0.132189080119133
"(93, 107)",4,4,0,0.15457878412274642,0.08207479119300842,0.2138932035789388,0.1945730298757553
"(93, 108)",4,4,0,0.14390712140514447,0.011389057151973248,0.12650065440475305,0.07772307842969894
"(93, 109)",4,4,0,0.1712038003200981,0.11552473902702332,0.12639333887684967,0.2840825021266937
"(93, 110)",4,4,0,0.1631480083475086,0.1536283791065216,0.1621616694099172,0.28966769576072693
"(93, 111)",4,4,0,0.15933357493455805,0.11308278888463974,0.1673699204039152,0.19237928092479706
"(112, 122)",5,4,1,0.21730204053717625,0.22907091677188873,0.3541358533227519,0.29888078570365906
"(112, 123)",5,4,0,0.18460664085670103,0.19205474853515625,0.20697757689820853,0.2723337709903717
"(112, 124)",5,4,0,0.24326079467895145,0.2665668725967407,0.373106809095699,0.36704933643341064
"(112, 125)",5,4,1,0.2129791641327771,0.14233581721782684,0.31405504627843206,0.30553168058395386
"(112, 126)",5,4,1,0.08702336241831699,0.043129049241542816,0.22137024908632305,0.13519923388957977
"(112, 127)",5,4,1,0.18840799735068364,0.09000302851200104,0.1750404193806344,0.16966451704502106
"(112, 128)",5,4,1,0.19403652512815284,0.11922755092382431,0.23178621024838555,0.30643928050994873
"(112, 129)",5,4,1,0.17069449081617302,0.29279303550720215,0.30452312175430135,0.20049205422401428
"(112, 130)",5,4,0,0.14436848895004678,0.06360848993062973,0.18971694709631673,0.16174791753292084
"(112, 131)",5,4,0,0.11210494448061094,0.08320175111293793,0.14949252060099275,0.15380491316318512
"(113, 122)",5,4,0,0.31488984330186,0.4027814567089081,0.28149005239353864,0.4139554798603058
"(113, 123)",5,4,0,0.2555107576275573,0.3116268813610077,0.2081586913775434,0.2871485948562622
"(113, 124)",5,4,0,0.4443307492529743,0.4569862484931946,0.4138024801339044,0.6271299719810486
"(113, 125)",5,4,1,0.3180790455962323,0.17580726742744446,0.374285195987723,0.3958660960197449
"(113, 126)",5,4,1,0.1411116982311049,0.05659225210547447,0.26305579444076277,0.2707497179508209
"(113, 127)",5,4,0,0.2716919659333761,0.08775495737791061,0.2183633394843374,0.2663751542568207
"(113, 128)",5,4,1,0.28410309465175737,0.16271759569644928,0.26208634211779497,0.34116241335868835
"(113, 129)",5,4,0,0.32439399766422855,0.4017443358898163,0.37002258778234365,0.37892457842826843
"(113, 130)",5,4,0,0.21815680981100935,0.14836041629314423,0.16568085448351577,0.24971656501293182
"(113, 131)",5,4,0,0.1727320098754069,0.14321309328079224,0.12835266429400183,0.1945357620716095
"(114, 122)",5,4,0,0.35395979173369835,0.3439333736896515,0.34772766729606563,0.2650262713432312
"(114, 123)",5,4,0,0.31313769880540304,0.17384159564971924,0.23462220614207274,0.22340025007724762
"(114, 124)",5,4,0,0.46945103701028806,0.3161347806453705,0.4332752789661244,0.5422369241714478
"(114, 125)",5,4,0,0.3359198179660926,0.18704752624034882,0.3335187664779155,0.3172138035297394
"(114, 126)",5,4,0,0.19981884290518012,0.05187995731830597,0.30873471589965085,0.2616746425628662
"(114, 127)",5,4,0,0.31099058877016755,0.07836204767227173,0.19583948186901737,0.15075019001960754
"(114, 128)",5,4,1,0.34927412113892076,0.1831105649471283,0.28790347919408144,0.19619813561439514
"(114, 129)",5,4,0,0.44996028166046226,0.3350716829299927,0.4755924794222574,0.33689624071121216
"(114, 130)",5,4,0,0.282304989412613,0.21962563693523407,0.24550041458459318,0.15840978920459747
"(114, 131)",5,4,0,0.25416089345502785,0.10541118681430817,0.2049140775996656,0.12129105627536774
"(115, 122)",5,4,0,0.1792480925963616,0.40510085225105286,0.13737983454838584,0.20117919147014618
"(115, 123)",5,4,0,0.14754475956142268,0.2443343997001648,0.09462251757707428,0.21512845158576965
"(115, 124)",5,4,0,0.19944598737036162,0.40458521246910095,0.17237567681838928,0.3575245440006256
"(115, 125)",5,4,1,0.17922726552501167,0.2389628142118454,0.18281819053850087,0.30684953927993774
"(115, 126)",5,4,0,0.07591007528397797,0.1046406626701355,0.12387978894489289,0.20519940555095673
"(115, 127)",5,4,1,0.1563692267036725,0.07367752492427826,0.09235883298991339,0.1721644103527069
"(115, 128)",5,4,1,0.16064891363348244,0.15127895772457123,0.11787712532676652,0.1408211588859558
"(115, 129)",5,4,0,0.13701939665400165,0.23573650419712067,0.15874629556524916,0.20997893810272217
"(115, 130)",5,4,0,0.11631031369997773,0.15830834209918976,0.07488829277778146,0.11913610249757767
"(115, 131)",5,4,0,0.08966015447894365,0.11838658154010773,0.055569561820970614,0.11018253117799759
"(116, 122)",5,4,1,0.296488033709847,0.6727965474128723,0.2924885442562816,0.49042320251464844
"(116, 123)",5,4,0,0.23666711147980307,0.35829517245292664,0.19236745867465138,0.32712820172309875
"(116, 124)",5,4,0,0.32794285199539613,0.5731246471405029,0.3536997989510569,0.5417972207069397
"(116, 125)",5,4,1,0.2995723565287248,0.44276103377342224,0.3739131892273277,0.4937911033630371
"(116, 126)",5,4,0,0.13152743562277036,0.11307713389396667,0.2548658648901428,0.2732292413711548
"(116, 127)",5,4,1,0.2548754485467014,0.19404925405979156,0.21151988860520507,0.3120926022529602
"(116, 128)",5,4,0,0.26389824641136356,0.2380346655845642,0.25679550768736437,0.3390398919582367
"(116, 129)",5,4,1,0.22401229267844663,0.28440210223197937,0.30516185504322085,0.3442900776863098
"(116, 130)",5,4,0,0.2045861327635167,0.2438502013683319,0.17076119952758828,0.2993021607398987
"(116, 131)",5,4,0,0.16140369388886555,0.36067822575569153,0.13238063301835404,0.32063600420951843
"(117, 122)",5,4,0,0.2617323174148073,0.578494131565094,0.2507084445504166,0.3028066158294678
"(117, 123)",5,4,0,0.21680085782017514,0.31560537219047546,0.18936248771067454,0.2697594165802002
"(117, 124)",5,4,0,0.3744904094932366,0.5602630376815796,0.36785182223173846,0.5470069646835327
"(117, 125)",5,4,1,0.2588392615580967,0.31620433926582336,0.3201246307466095,0.32827702164649963
"(117, 126)",5,4,0,0.1192124143503483,0.09867265075445175,0.24137889735291762,0.20146846771240234
"(117, 127)",5,4,0,0.2286563931398812,0.11908717453479767,0.19026264092659761,0.21475529670715332
"(117, 128)",5,4,0,0.23170461676010853,0.22233349084854126,0.22108443737659816,0.23024675250053406
"(117, 129)",5,4,0,0.2908265960344944,0.4880966246128082,0.3516470541316759,0.35193732380867004
"(117, 130)",5,4,0,0.17176816889367405,0.1714068353176117,0.1462108155486938,0.2386201024055481
"(117, 131)",5,4,0,0.13434274861136,0.1573740690946579,0.11220453775613672,0.1890527456998825
"(119, 122)",5,4,0,0.22990084585439027,0.07184389233589172,0.2708724074728157,0.18147744238376617
"(119, 123)",5,4,0,0.2065283873370008,0.05498635396361351,0.21147295107292832,0.10830891132354736
"(119, 124)",5,4,0,0.25972225335342586,0.0717335045337677,0.3354216320955474,0.2381931096315384
"(119, 125)",5,4,1,0.22246126150464576,0.056797806173563004,0.31728118082514456,0.16857673227787018
"(119, 126)",5,4,0,0.09496123227570703,0.022824013605713844,0.218796692575891,0.09405474364757538
"(119, 127)",5,4,1,0.1907641169772503,0.032557159662246704,0.17865464569431033,0.06922583281993866
"(119, 128)",5,4,1,0.19576671703723889,0.025473030284047127,0.2144181229609286,0.12518662214279175
"(119, 129)",5,4,1,0.17569181299084283,0.059746816754341125,0.2663711631555685,0.13580255210399628
"(119, 130)",5,4,1,0.1520640774149501,0.023365845903754234,0.1657443015903568,0.06979271024465561
"(119, 131)",5,4,0,0.1273420595918407,0.02521870657801628,0.1330248945311432,0.08079132437705994
"(120, 122)",5,4,1,0.22450680648454224,0.2571238577365875,0.20564435280191737,0.3302925229072571
"(120, 123)",5,4,0,0.18870260263070934,0.10175950080156326,0.1367052451008672,0.22487200796604156
"(120, 124)",5,4,0,0.24274791106908097,0.28751203417778015,0.23384008407204074,0.41304683685302734
"(120, 125)",5,4,1,0.21251219607522417,0.19966739416122437,0.2213698595984867,0.3390151560306549
"(120, 126)",5,4,0,0.11602433406857607,0.0896153673529625,0.1856940683654822,0.23937749862670898
"(120, 127)",5,4,0,0.2016272685633762,0.05904277041554451,0.11776945603033603,0.16523230075836182
"(120, 128)",5,4,1,0.2174960060934127,0.1202855035662651,0.17212276656526176,0.253420889377594
"(120, 129)",5,4,0,0.2234063966008933,0.2547045648097992,0.2474434331813987,0.36110150814056396
"(120, 130)",5,4,1,0.16922303076971898,0.11656605452299118,0.1319465261488115,0.15071624517440796
"(120, 131)",5,4,0,0.14999637074321204,0.11746557801961899,0.11072291103145403,0.22944989800453186
"(121, 122)",5,4,0,0.2000227260837858,0.10569854825735092,0.18862830041827264,0.14151819050312042
"(121, 123)",5,4,0,0.1553667620562025,0.05752699077129364,0.1051101488904887,0.04714396968483925
"(121, 124)",5,4,0,0.21683072926792502,0.16085949540138245,0.21392425055886033,0.1717717945575714
"(121, 125)",5,4,0,0.19527953458446634,0.15438374876976013,0.2355053056450262,0.16562309861183167
"(121, 126)",5,4,0,0.08480002409155123,0.024420347064733505,0.15184928725951252,0.11905934661626816
"(121, 127)",5,4,0,0.1666253790137172,0.041735902428627014,0.11319390153722418,0.15135136246681213
"(121, 128)",5,4,0,0.1753928082015025,0.043047741055488586,0.1571669461521145,0.12192225456237793
"(121, 129)",5,4,0,0.1443779091727283,0.09285304695367813,0.18641904076339252,0.11964911967515945
"(121, 130)",5,4,0,0.12432623543217881,0.0362115353345871,0.09720554762657442,0.06493926048278809
"(121, 131)",5,4,0,0.09475454028214154,0.03706878796219826,0.06687817126683779,0.054144781082868576
"(132, 137)",6,3,0,0.19465211250197065,0.05375690013170242,0.1722023217434938,0.17140288650989532
"(132, 138)",6,3,0,0.1496004846473881,0.027376392856240273,0.14125306303128857,0.1606869250535965
"(132, 139)",6,3,0,0.038973950088629104,0.013663253746926785,0.03784788059254851,0.038872815668582916
"(132, 140)",6,3,1,0.2026367902527178,0.06925854831933975,0.1607305481388235,0.1979210376739502
"(132, 141)",6,3,0,0.17527421708432545,0.09295132011175156,0.1371867671660273,0.17064523696899414
"(133, 137)",6,3,0,0.13731817380510739,0.08728312700986862,0.13179135576828702,0.17814680933952332
"(133, 138)",6,3,0,0.07923570145893506,0.006592291407287121,0.046955391746557995,0.04625521972775459
"(133, 139)",6,3,0,0.05512882010518929,0.01616836152970791,0.062172078571783064,0.08922714740037918
"(133, 140)",6,3,0,0.11244494649952992,0.03958128020167351,0.058871120597610516,0.06942903250455856
"(133, 141)",6,3,0,0.10645948526481405,0.048788413405418396,0.06354255632119896,0.08679372817277908
"(134, 137)",6,3,1,0.15944238869972066,0.04148394986987114,0.16307708588403297,0.11408035457134247
"(134, 138)",6,3,0,0.10980854667109097,0.013774905353784561,0.1200606565129888,0.09712903201580048
"(134, 139)",6,3,0,0.0441924670034303,0.014716274105012417,0.051385545525664975,0.03099803440272808
"(134, 140)",6,3,0,0.15271731454818316,0.03688211739063263,0.14084509062344827,0.10414913296699524
"(134, 141)",6,3,0,0.13134383585514037,0.04472995921969414,0.1166178209420616,0.07788164168596268
"(135, 137)",6,3,0,0.20021128198650362,0.22662962973117828,0.14263458589263467,0.10519399493932724
"(135, 138)",6,3,0,0.13897508933867764,0.0943111851811409,0.10258432690443986,0.10226443409919739
"(135, 139)",6,3,0,0.053424620349852306,0.0425763837993145,0.04099593462992255,0.043715950101614
"(135, 140)",6,3,1,0.18985982942490887,0.2961686849594116,0.12112470342399208,0.14851829409599304
"(135, 141)",6,3,1,0.16761481949246476,0.27608442306518555,0.1010950521454155,0.12670941650867462
"(136, 137)",6,3,0,0.19028043045225337,0.28003352880477905,0.21061712901079271,0.203029602766037
"(136, 138)",6,3,1,0.15476426598029258,0.07450040429830551,0.1535186368793254,0.15644513070583344
"(136, 139)",6,3,0,0.08326940410064472,0.10503079742193222,0.09710513950140134,0.07426102459430695
"(136, 140)",6,3,0,0.18774584118633406,0.22027163207530975,0.16283320996363246,0.1917964220046997
"(136, 141)",6,3,0,0.1679207340330107,0.1539686769247055,0.16639659602293164,0.1920117437839508
"(142, 158)",7,3,0,0.2981090939321389,0.296352744102478,0.25413800217601024,0.2671123445034027
"(142, 159)",7,3,1,0.1954027576513856,0.21727775037288666,0.1582943455512299,0.15847671031951904
"(142, 160)",7,3,0,0.19902333153347274,0.3130122423171997,0.2105509072821076,0.35277214646339417
"(142, 161)",7,3,0,0.3335309977248099,0.6284719109535217,0.2756657104952142,0.44427815079689026
"(142, 162)",7,3,0,0.17964380795921678,0.13218766450881958,0.13931730564984504,0.2685015797615051
"(142, 163)",7,3,0,0.277049074959454,0.16693168878555298,0.23613958694128587,0.3493939936161041
"(142, 164)",7,3,0,0.1798327780629817,0.15633074939250946,0.20083859764930817,0.17894326150417328
"(142, 165)",7,3,0,0.16810825940200363,0.08901882916688919,0.22343625509400988,0.20747429132461548
"(142, 166)",7,3,0,0.21423254104693812,0.26331207156181335,0.2438966703684548,0.42154163122177124
"(142, 167)",7,3,1,0.29920415738123773,0.4986751675605774,0.2492129101735872,0.2524915337562561
"(142, 168)",7,3,1,0.21057092663649737,0.10999423265457153,0.2013758365971765,0.1235661506652832
"(142, 169)",7,3,1,0.2254766379061835,0.227492555975914,0.19754230333582729,0.18364927172660828
"(142, 170)",7,3,0,0.13961455322455954,0.07787901163101196,0.1211736180592253,0.137795090675354
"(142, 171)",7,3,1,0.27636186053824335,0.5698303580284119,0.2302045375314796,0.4324656128883362
"(142, 172)",7,3,1,0.2742357034930971,0.5196462869644165,0.22130857628453265,0.3286932706832886
"(142, 173)",7,3,1,0.3006283841410151,0.4328426420688629,0.22766293766943355,0.371295690536499
"(143, 158)",7,3,0,0.1426857151146084,0.11919393390417099,0.12037282528974814,0.08938166499137878
"(143, 159)",7,3,0,0.13083141255749928,0.0735212191939354,0.09838668530295507,0.08791930973529816
"(143, 160)",7,3,0,0.13832262636121959,0.09431499242782593,0.12278025861280067,0.138295978307724
"(143, 161)",7,3,0,0.16155178567864498,0.1526639312505722,0.12238984025250638,0.14926676452159882
"(143, 162)",7,3,0,0.1074707412410545,0.0917055755853653,0.07401765425505402,0.0920877680182457
"(143, 163)",7,3,0,0.17391164976244736,0.20292554795742035,0.15108690548909337,0.1640641689300537
"(143, 164)",7,3,0,0.10945141038675453,0.1342601329088211,0.10904283580865029,0.12173480540513992
"(143, 165)",7,3,0,0.1000267258463079,0.05668257921934128,0.10128617675314985,0.11476295441389084
"(143, 166)",7,3,0,0.11728830025165347,0.06616824120283127,0.11816187127741644,0.09190374612808228
"(143, 167)",7,3,0,0.14794114520159138,0.11132838577032089,0.1009738556187716,0.080681212246418
"(143, 168)",7,3,0,0.09838598613566617,0.048623353242874146,0.08999326353527354,0.043070364743471146
"(143, 169)",7,3,0,0.15100929979609462,0.1214989498257637,0.10121144000386888,0.09107290208339691
"(143, 170)",7,3,0,0.0976120077181019,0.06292542815208435,0.08410955131563508,0.06235838308930397
"(143, 171)",7,3,0,0.20171489022323075,0.1528978794813156,0.1510187002449307,0.12615478038787842
"(143, 172)",7,3,0,0.16523367943016115,0.17527413368225098,0.12337654542206863,0.12829701602458954
"(143, 173)",7,3,0,0.1445069872502877,0.15113875269889832,0.09818108160361745,0.10137111693620682
"(144, 158)",7,3,0,0.30687022471617764,0.2362973988056183,0.30719311225693,0.21265695989131927
"(144, 159)",7,3,0,0.19856995890684567,0.08320336788892746,0.19267668092978985,0.13063985109329224
"(144, 160)",7,3,0,0.14534149314035535,0.08792443573474884,0.1836110937856698,0.16699224710464478
"(144, 161)",7,3,0,0.3556641971963567,0.47757115960121155,0.3336785014369283,0.3470812141895294
"(144, 162)",7,3,1,0.1800804369505042,0.11828489601612091,0.17433116233553464,0.19058704376220703
"(144, 163)",7,3,0,0.20590562087672093,0.09747260808944702,0.21754874547652844,0.16829553246498108
"(144, 164)",7,3,0,0.1312449684714318,0.11142680048942566,0.17016659379600607,0.151762455701828
"(144, 165)",7,3,0,0.08387868182129261,0.03469434380531311,0.13195447701752147,0.12953053414821625
"(144, 166)",7,3,0,0.1573875442041549,0.16787156462669373,0.20595335610091323,0.15553541481494904
"(144, 167)",7,3,0,0.327381404763664,0.47019320726394653,0.29875440622812793,0.29613232612609863
"(144, 168)",7,3,0,0.22965375865804954,0.0680031031370163,0.24749165849711227,0.11227630078792572
"(144, 169)",7,3,0,0.23188592780058834,0.22998598217964172,0.2323168349823393,0.1810840368270874
"(144, 170)",7,3,0,0.13825853552026912,0.06653540581464767,0.15266783704368223,0.08714664727449417
"(144, 171)",7,3,0,0.20693531248304892,0.17815881967544556,0.2009766961634062,0.2398659586906433
"(144, 172)",7,3,0,0.20253094226894114,0.31320714950561523,0.18705634165696552,0.16256900131702423
"(144, 173)",7,3,0,0.2464001398336978,0.4029482901096344,0.2027591513850205,0.2204551100730896
"(145, 158)",7,3,0,0.3092584655273083,0.3934928774833679,0.2671808896106574,0.24988211691379547
"(145, 159)",7,3,0,0.21322435705135584,0.2991592586040497,0.17795334374233712,0.23772355914115906
"(145, 160)",7,3,0,0.1478004107562509,0.10074286162853241,0.14928695954055676,0.21416376531124115
"(145, 161)",7,3,0,0.3396571384155681,0.4333450198173523,0.2657491870004219,0.3712225556373596
"(145, 162)",7,3,0,0.19048662945263237,0.2940573990345001,0.1464057056839203,0.261187881231308
"(145, 163)",7,3,0,0.21938863989644458,0.23741061985492706,0.19667941976008732,0.23225350677967072
"(145, 164)",7,3,0,0.1387922710190055,0.15105092525482178,0.14698176766683907,0.1711709052324295
"(145, 165)",7,3,0,0.09281390957016106,0.0832642987370491,0.11653010481166182,0.23476815223693848
"(145, 166)",7,3,0,0.1626002745292632,0.16318368911743164,0.1811973976742065,0.21233104169368744
"(145, 167)",7,3,0,0.3142302325320818,0.522271454334259,0.22574418783778202,0.27264463901519775
"(145, 168)",7,3,0,0.22405652214996324,0.17212866246700287,0.207704703094103,0.093919537961483
"(145, 169)",7,3,0,0.23797528445676344,0.278119295835495,0.18496100326992962,0.22322502732276917
"(145, 170)",7,3,0,0.15107522648481433,0.2165481448173523,0.14646331497467224,0.1283055543899536
"(145, 171)",7,3,0,0.2165384377149243,0.3128582537174225,0.17741286609961845,0.27082863450050354
"(145, 172)",7,3,0,0.22176550893052596,0.3754512369632721,0.18417536915028704,0.20629771053791046
"(145, 173)",7,3,0,0.24523029736380442,0.40538308024406433,0.17996219022857293,0.16704028844833374
"(146, 158)",7,3,0,0.12664858808461757,0.07553311437368393,0.16231380108208748,0.13303954899311066
"(146, 159)",7,3,0,0.11639162060737793,0.08695778250694275,0.13865925653653993,0.11611011624336243
"(146, 160)",7,3,0,0.1233215228093509,0.13443247973918915,0.184141784456644,0.21923378109931946
"(146, 161)",7,3,0,0.14499967181800197,0.1908816397190094,0.1808992260655743,0.2514182925224304
"(146, 162)",7,3,0,0.09401111885545646,0.11806171387434006,0.11089051581279802,0.16984979808330536
"(146, 163)",7,3,0,0.14437808588186263,0.14453302323818207,0.18045577098691098,0.24608081579208374
"(146, 164)",7,3,1,0.09649328564433926,0.10220974683761597,0.15317442908054218,0.2041240930557251
"(146, 165)",7,3,0,0.08338170640633635,0.03204348683357239,0.14801761441714253,0.16927941143512726
"(146, 166)",7,3,0,0.10444779389829119,0.11594023555517197,0.1776989163033645,0.1844300925731659
"(146, 167)",7,3,0,0.13148452724617732,0.10829444229602814,0.15309217100579614,0.16542766988277435
"(146, 168)",7,3,0,0.08628560028756663,0.02840898558497429,0.12829021752347558,0.0993308275938034
"(146, 169)",7,3,0,0.1331345727144741,0.12436956912279129,0.15374927708941166,0.14140254259109497
"(146, 170)",7,3,0,0.08012891336973615,0.0799943283200264,0.11209401056137913,0.08992688357830048
"(146, 171)",7,3,0,0.183669375478389,0.45918765664100647,0.205240030445312,0.24398981034755707
"(146, 172)",7,3,0,0.15696111936842222,0.24861614406108856,0.18978912173381207,0.21672563254833221
"(146, 173)",7,3,0,0.13803410128176843,0.2622334957122803,0.15690394643841146,0.21809178590774536
"(147, 158)",7,3,0,0.2201709526753295,0.15633657574653625,0.1804143594476926,0.11496345698833466
"(147, 159)",7,3,0,0.17553844922546083,0.12706173956394196,0.13127733851008233,0.08343907445669174
"(147, 160)",7,3,1,0.253388345538812,0.1128658875823021,0.27190572472956337,0.24120773375034332
"(147, 161)",7,3,0,0.25517624580239606,0.1877690553665161,0.2002986231956215,0.1622554063796997
"(147, 162)",7,3,0,0.17957212237011252,0.17868560552597046,0.1723607783658256,0.1402432769536972
"(147, 163)",7,3,0,0.2500222652385592,0.18248765170574188,0.19848081852357133,0.1997981071472168
"(147, 164)",7,3,0,0.16204262981116727,0.12746669352054596,0.15826680388554237,0.16132313013076782
"(147, 165)",7,3,1,0.10687720204536189,0.06355413794517517,0.11953639467002539,0.12571901082992554
"(147, 166)",7,3,1,0.2717834001976659,0.2485225349664688,0.2869341738943644,0.2160251885652542
"(147, 167)",7,3,0,0.23376903204532717,0.2824079990386963,0.17196440095902885,0.1420959234237671
"(147, 168)",7,3,0,0.18310775733777274,0.046304333955049515,0.2174905177882195,0.07816501706838608
"(147, 169)",7,3,1,0.20267503083392777,0.22031036019325256,0.150686028449009,0.11707146465778351
"(147, 170)",7,3,0,0.14178795725861884,0.13222230970859528,0.163774767009348,0.08808300644159317
"(147, 171)",7,3,0,0.32998844386266696,0.22206400334835052,0.25838103568496473,0.3000829815864563
"(147, 172)",7,3,1,0.33564905341194107,0.35822972655296326,0.25435772161950193,0.27747416496276855
"(147, 173)",7,3,0,0.24396484586557654,0.2119290977716446,0.16749691163498073,0.14477133750915527
"(148, 158)",7,3,0,0.19463719742221475,0.12798811495304108,0.16223969820771647,0.10237228870391846
"(148, 159)",7,3,0,0.1675077098453501,0.15532377362251282,0.12291768449240491,0.09984458237886429
"(148, 160)",7,3,0,0.2377018953223505,0.35462719202041626,0.25780889816348657,0.23923468589782715
"(148, 161)",7,3,0,0.22161825400515897,0.25328880548477173,0.17287261022727327,0.212293803691864
"(148, 162)",7,3,0,0.17007442991663574,0.17948998510837555,0.16445125348482598,0.16806341707706451
"(148, 163)",7,3,0,0.2206479653199064,0.2308461219072342,0.18031961978827474,0.18846414983272552
"(148, 164)",7,3,0,0.15197824622249492,0.14061495661735535,0.1462856080193131,0.14173032343387604
"(148, 165)",7,3,0,0.10086030531628007,0.05673794448375702,0.1112191467474143,0.1694570630788803
"(148, 166)",7,3,0,0.23949286729883706,0.26922428607940674,0.2577451908345126,0.2660488486289978
"(148, 167)",7,3,0,0.20361118597524347,0.2047642022371292,0.14666045604678438,0.13493609428405762
"(148, 168)",7,3,0,0.15952463596977812,0.07610493153333664,0.19213082119369349,0.09495174139738083
"(148, 169)",7,3,1,0.1899739129168725,0.1906632035970688,0.1375217250765754,0.1107616201043129
"(148, 170)",7,3,0,0.13572504246920716,0.09249792993068695,0.15625218614689632,0.10999719798564911
"(148, 171)",7,3,0,0.31393743852073214,0.4422025978565216,0.23869822959706383,0.37490764260292053
"(148, 172)",7,3,0,0.3182055865714534,0.42922893166542053,0.2402921087669497,0.27517595887184143
"(148, 173)",7,3,0,0.21173074123237554,0.24902291595935822,0.14357873748314012,0.1837453991174698
"(149, 158)",7,3,0,0.19986412048153054,0.19743579626083374,0.17855318598507225,0.12699738144874573
"(149, 159)",7,3,0,0.1864758083310101,0.30471059679985046,0.13945532156056886,0.14317263662815094
"(149, 160)",7,3,1,0.1806719178475788,0.1799720823764801,0.18309255255685314,0.20772112905979156
"(149, 161)",7,3,0,0.2268022236494847,0.33226603269577026,0.2002562346855144,0.2290221005678177
"(149, 162)",7,3,0,0.15520884424567277,0.2355489879846573,0.11330960492709719,0.14890903234481812
"(149, 163)",7,3,0,0.22464054338359504,0.15980689227581024,0.18797240098298654,0.19600525498390198
"(149, 164)",7,3,0,0.15618121714387848,0.13907308876514435,0.1643859986338864,0.1902725100517273
"(149, 165)",7,3,0,0.1544999939243808,0.079966701567173,0.19432797048036735,0.23794347047805786
"(149, 166)",7,3,1,0.16735967516986652,0.16784971952438354,0.19055515792587724,0.15456362068653107
"(149, 167)",7,3,0,0.20921965419060518,0.2702578604221344,0.18076749226485572,0.18035665154457092
"(149, 168)",7,3,0,0.14048242603175898,0.041523102670907974,0.13677622753378518,0.0752343013882637
"(149, 169)",7,3,0,0.2136626016169839,0.3302820920944214,0.17484230396878342,0.14772121608257294
"(149, 170)",7,3,0,0.1288347458479375,0.12017948925495148,0.10580320536127939,0.07878519594669342
"(149, 171)",7,3,1,0.25980517225878885,0.41846609115600586,0.205183783545419,0.30255889892578125
"(149, 172)",7,3,1,0.23094180287670116,0.3831827938556671,0.18258950602732532,0.22407761216163635
"(149, 173)",7,3,1,0.2057593856101952,0.21125976741313934,0.15655635555082464,0.15915831923484802
"(150, 158)",7,3,0,0.21352432671765997,0.11421903967857361,0.23523169569079044,0.12970878183841705
"(150, 159)",7,3,0,0.19464080381493137,0.09524000436067581,0.20502913527256691,0.13765552639961243
"(150, 160)",7,3,0,0.20901150600199694,0.15943637490272522,0.26352157063030235,0.26415443420410156
"(150, 161)",7,3,0,0.24338285850878652,0.27922290563583374,0.25562380078461266,0.19443340599536896
"(150, 162)",7,3,0,0.1633660031184659,0.16818034648895264,0.17350543660084594,0.17445780336856842
"(150, 163)",7,3,0,0.23702799421398588,0.11904078722000122,0.2634228919647827,0.20508675277233124
"(150, 164)",7,3,0,0.23045296701380077,0.20004555583000183,0.2971354054364865,0.2442874312400818
"(150, 165)",7,3,1,0.14033250615509285,0.0808953121304512,0.20375470517146294,0.2097228467464447
"(150, 166)",7,3,0,0.1802122133380389,0.136000856757164,0.24090330780734423,0.17171697318553925
"(150, 167)",7,3,1,0.22333085895663177,0.1537148356437683,0.22018352436807553,0.14827992022037506
"(150, 168)",7,3,0,0.1513825870887081,0.05797548219561577,0.19438957801139375,0.0980614721775055
"(150, 169)",7,3,0,0.2253135858338127,0.17425093054771423,0.22451002448030163,0.17555247247219086
"(150, 170)",7,3,0,0.13632198852581434,0.08348166197538376,0.170674784542376,0.10296421498060226
"(150, 171)",7,3,0,0.29440902344188746,0.3455401062965393,0.28571980404067593,0.2925960421562195
"(150, 172)",7,3,0,0.24685914273548074,0.31201648712158203,0.24872061702320727,0.2246728241443634
"(150, 173)",7,3,0,0.2199829894994656,0.22267265617847443,0.20698955744712877,0.1624639630317688
"(151, 158)",7,3,0,0.18459030291404752,0.12439531832933426,0.23562216006492473,0.16807858645915985
"(151, 159)",7,3,0,0.17058515216666736,0.14118753373622894,0.2018820613116964,0.17459213733673096
"(151, 160)",7,3,0,0.16695071213063303,0.11804629862308502,0.23936196314239871,0.2522161900997162
"(151, 161)",7,3,0,0.2079930079510474,0.24327684938907623,0.2588979379080881,0.33501216769218445
"(151, 162)",7,3,1,0.14069901290635425,0.12974673509597778,0.1598354375073227,0.15914557874202728
"(151, 163)",7,3,0,0.20897918734325135,0.3025192320346832,0.2543216672859199,0.2537105977535248
"(151, 164)",7,3,0,0.1441477062097483,0.15929925441741943,0.22481317586971736,0.25338757038116455
"(151, 165)",7,3,0,0.14472287770809913,0.1560908406972885,0.2361160043340513,0.29239386320114136
"(151, 166)",7,3,0,0.15604449900796666,0.18452118337154388,0.2440235625889068,0.29888561367988586
"(151, 167)",7,3,0,0.19268753802443972,0.27603933215141296,0.22967164421083053,0.21804948151111603
"(151, 168)",7,3,0,0.1302991884974513,0.061307843774557114,0.1916709646225481,0.12020166963338852
"(151, 169)",7,3,0,0.1972670011672207,0.21865347027778625,0.2259497019103393,0.21538275480270386
"(151, 170)",7,3,0,0.11968690748510534,0.13315381109714508,0.15973489008346411,0.15690484642982483
"(151, 171)",7,3,0,0.23917476523244588,0.3257172107696533,0.27675194130567604,0.3563070297241211
"(151, 172)",7,3,0,0.22906209095326518,0.5011282563209534,0.2581490737696266,0.35988733172416687
"(151, 173)",7,3,1,0.202964857232312,0.3256789445877075,0.2218362280966762,0.3147430121898651
"(152, 158)",7,3,0,0.19335120846422377,0.10450920462608337,0.16576674764449806,0.11965043842792511
"(152, 159)",7,3,0,0.16252578476962137,0.0859403908252716,0.12084034252095932,0.08687785267829895
"(152, 160)",7,3,0,0.16973961756466185,0.10231318324804306,0.1948616043304816,0.16019903123378754
"(152, 161)",7,3,0,0.2147654837642591,0.215559720993042,0.16919664434246595,0.1926901638507843
"(152, 162)",7,3,0,0.16968090953545598,0.17620889842510223,0.18308655968758536,0.20241525769233704
"(152, 163)",7,3,0,0.23133065549535956,0.23291689157485962,0.2056187939583354,0.24003322422504425
"(152, 164)",7,3,1,0.14784604966428538,0.09534374624490738,0.13275627383367525,0.1241721659898758
"(152, 165)",7,3,1,0.14911582521671018,0.15423235297203064,0.15787755703551382,0.237062007188797
"(152, 166)",7,3,0,0.17171060275488617,0.1250888556241989,0.19222091815348194,0.17828571796417236
"(152, 167)",7,3,1,0.19614581250725394,0.2517875134944916,0.13795000844298638,0.11523319780826569
"(152, 168)",7,3,0,0.1547355500557056,0.04975944384932518,0.1768638841350841,0.07267700135707855
"(152, 169)",7,3,0,0.18542868498857223,0.16472332179546356,0.13626082063321496,0.10730433464050293
"(152, 170)",7,3,0,0.14248513407993402,0.09114842116832733,0.17139356778037357,0.11421389132738113
"(152, 171)",7,3,0,0.23004370563394427,0.22712646424770355,0.1619688470949825,0.2060592621564865
"(152, 172)",7,3,0,0.2203528764454913,0.21915064752101898,0.1532882071764838,0.17152109742164612
"(152, 173)",7,3,0,0.19355669986726265,0.16408593952655792,0.12092883210870849,0.17845052480697632
"(153, 158)",7,3,0,0.23256039975681553,0.22286392748355865,0.19353275814445942,0.1385887861251831
"(153, 159)",7,3,1,0.21519827314346027,0.18262219429016113,0.1592564860647299,0.11420507729053497
"(153, 160)",7,3,0,0.22757929898978455,0.11543101072311401,0.2277829953005272,0.17793218791484833
"(153, 161)",7,3,0,0.26465385926628837,0.21362806856632233,0.19357830926703765,0.14529044926166534
"(153, 162)",7,3,0,0.2050083009895501,0.18017268180847168,0.1962888296057625,0.16614817082881927
"(153, 163)",7,3,1,0.2773661217013676,0.2780982553958893,0.23361160916072268,0.213263601064682
"(153, 164)",7,3,0,0.2490644972296026,0.19162334501743317,0.2401172170419956,0.2120428830385208
"(153, 165)",7,3,0,0.14235261632173793,0.1282443106174469,0.14546599964490542,0.18354271352291107
"(153, 166)",7,3,0,0.2119583642885799,0.1936837136745453,0.23008036815421853,0.17659060657024384
"(153, 167)",7,3,0,0.2406198862592802,0.1630341112613678,0.16400773392998413,0.11192657798528671
"(153, 168)",7,3,0,0.1904642418294206,0.1046735867857933,0.2288670311870723,0.08552251011133194
"(153, 169)",7,3,0,0.24460027043820415,0.19794131815433502,0.16294612759112445,0.13507194817066193
"(153, 170)",7,3,0,0.18876827606553948,0.2038150429725647,0.21470637215292981,0.10506854206323624
"(153, 171)",7,3,1,0.30053195406242705,0.24890808761119843,0.2216635162568859,0.177144393324852
"(153, 172)",7,3,0,0.26969276848541296,0.31760454177856445,0.1934962394307565,0.178044393658638
"(153, 173)",7,3,0,0.2381306052424876,0.2227870225906372,0.1582182058340824,0.12534581124782562
"(154, 158)",7,3,0,0.1712948332147707,0.08476833999156952,0.24075802488502102,0.09968426823616028
"(154, 159)",7,3,0,0.14736300583111805,0.08983646333217621,0.1894408729430986,0.11263153702020645
"(154, 160)",7,3,0,0.20527301849988627,0.22053614258766174,0.30581523920623715,0.23045876622200012
"(154, 161)",7,3,1,0.20406436448935752,0.17931054532527924,0.2621864291455857,0.21177509427070618
"(154, 162)",7,3,0,0.13031970177246957,0.10506486892700195,0.16143189447968095,0.12009936571121216
"(154, 163)",7,3,1,0.1961740000176875,0.11912714689970016,0.2567417154803606,0.1582237035036087
"(154, 164)",7,3,0,0.13684553980959868,0.16726355254650116,0.22751728311594197,0.15459318459033966
"(154, 165)",7,3,0,0.08780200174090638,0.050017714500427246,0.17555235502253264,0.14797990024089813
"(154, 166)",7,3,1,0.20472735207385404,0.23224130272865295,0.3232843391879526,0.21160626411437988
"(154, 167)",7,3,0,0.18640231018878442,0.1588285118341446,0.2291505550242861,0.14085397124290466
"(154, 168)",7,3,0,0.12359172784543036,0.07235649228096008,0.19431758969438936,0.059529490768909454
"(154, 169)",7,3,1,0.17322657770699004,0.21784858405590057,0.2165609931001866,0.11157258599996567
"(154, 170)",7,3,0,0.10136374470868577,0.07530807703733444,0.15122606972430325,0.05767206475138664
"(154, 171)",7,3,1,0.2855161599501536,0.3554433584213257,0.34394623407764136,0.32772162556648254
"(154, 172)",7,3,1,0.29498174293465845,0.2831372320652008,0.3394164177304093,0.27425405383110046
"(154, 173)",7,3,1,0.1960310543687232,0.20754867792129517,0.22521698006605545,0.18305693566799164
"(155, 158)",7,3,0,0.18543278208016636,0.1678314507007599,0.19399944561500973,0.16365928947925568
"(155, 159)",7,3,0,0.15745187420668788,0.12366090714931488,0.15286575305340547,0.17366570234298706
"(155, 160)",7,3,0,0.21300633720493217,0.2079564332962036,0.23856086184774833,0.2834492027759552
"(155, 161)",7,3,1,0.20998220621785557,0.2321784347295761,0.20740450402657595,0.2708245813846588
"(155, 162)",7,3,0,0.14012650591280842,0.20616905391216278,0.11977057718082552,0.15821833908557892
"(155, 163)",7,3,0,0.20883780378461386,0.17242790758609772,0.20897045744356196,0.2597770392894745
"(155, 164)",7,3,0,0.14422314506287773,0.18066035211086273,0.19277094498367195,0.20967885851860046
"(155, 165)",7,3,0,0.0949318654869608,0.05160561203956604,0.144011512978033,0.20135514438152313
"(155, 166)",7,3,0,0.21562101374450562,0.1955268234014511,0.27587912500281636,0.24897047877311707
"(155, 167)",7,3,0,0.19271924296211035,0.25196343660354614,0.18629941111142603,0.21023330092430115
"(155, 168)",7,3,0,0.12987793077658136,0.07464103400707245,0.16203075126207755,0.08516480028629303
"(155, 169)",7,3,0,0.18090933792296254,0.23369871079921722,0.1664932232351432,0.1898348480463028
"(155, 170)",7,3,0,0.110928949995772,0.09318473190069199,0.11924369989678757,0.09647123515605927
"(155, 171)",7,3,0,0.3002558059741172,0.3511333465576172,0.2970626247577679,0.31659939885139465
"(155, 172)",7,3,0,0.3063316936176104,0.32298415899276733,0.2885892330484915,0.3080313801765442
"(155, 173)",7,3,0,0.2020759750451523,0.25842079520225525,0.1872705616266315,0.2358853816986084
"(156, 158)",7,3,0,0.1486867455688558,0.10871679335832596,0.21277818792039074,0.24806827306747437
"(156, 159)",7,3,0,0.13442440497811756,0.07415454834699631,0.18118243653267366,0.21964527666568756
"(156, 160)",7,3,1,0.22803010256502265,0.10946343839168549,0.3943141376980236,0.4138048589229584
"(156, 161)",7,3,0,0.16794783443766614,0.21959610283374786,0.2154911464622352,0.42445096373558044
"(156, 162)",7,3,0,0.1195437528494002,0.07240109145641327,0.18037003269315682,0.23458188772201538
"(156, 163)",7,3,1,0.17728972396665452,0.10382010787725449,0.2578240868781219,0.37641167640686035
"(156, 164)",7,3,0,0.1113651665465259,0.07566986232995987,0.19191508621611522,0.2995723783969879
"(156, 165)",7,3,0,0.10452964872449601,0.06562293320894241,0.1815554711390858,0.3216926157474518
"(156, 166)",7,3,0,0.18392513040970931,0.12372423708438873,0.32500543233480905,0.4110407829284668
"(156, 167)",7,3,0,0.15234179449058063,0.1692655384540558,0.18148148059610544,0.24675068259239197
"(156, 168)",7,3,0,0.10872477702124701,0.04083279147744179,0.20301980800210603,0.14615020155906677
"(156, 169)",7,3,0,0.15448452530737572,0.14487607777118683,0.18263986574925886,0.2714065611362457
"(156, 170)",7,3,0,0.11020287356075688,0.07396435737609863,0.20065962309271695,0.19051186740398407
"(156, 171)",7,3,0,0.28109753772341856,0.23501989245414734,0.332035342004553,0.5699651837348938
"(156, 172)",7,3,1,0.2344969703962793,0.19855621457099915,0.28405769624310384,0.4458845555782318
"(156, 173)",7,3,1,0.14930237141583624,0.19630543887615204,0.17539923798258186,0.3451266288757324
"(157, 158)",7,3,0,0.15904964444935693,0.17267130315303802,0.14127038827121952,0.13937368988990784
"(157, 159)",7,3,0,0.14612180414612153,0.11125508695840836,0.1062421910342438,0.11329182237386703
"(157, 160)",7,3,0,0.21933703320129647,0.18097445368766785,0.24646148798101683,0.324298620223999
"(157, 161)",7,3,0,0.18861188017814037,0.22811990976333618,0.15801988375546502,0.275589257478714
"(157, 162)",7,3,0,0.14009642681819728,0.17788298428058624,0.14342473629407515,0.19506120681762695
"(157, 163)",7,3,0,0.1800364804146658,0.15531446039676666,0.15509025271899649,0.22046446800231934
"(157, 164)",7,3,0,0.12542679744926624,0.14272260665893555,0.12598549209912704,0.23454339802265167
"(157, 165)",7,3,0,0.08601931424848437,0.06586278975009918,0.10397553679896818,0.22810117900371552
"(157, 166)",7,3,0,0.2019509707058448,0.22925035655498505,0.24877554202271684,0.3221602737903595
"(157, 167)",7,3,0,0.17185239363216118,0.22224779427051544,0.13601687703224186,0.22777877748012543
"(157, 168)",7,3,0,0.1309172093636668,0.04686048999428749,0.16666507595458693,0.12043355405330658
"(157, 169)",7,3,1,0.1741939116160594,0.2414957582950592,0.1347298219783486,0.18764229118824005
"(157, 170)",7,3,0,0.11647313090762232,0.11062346398830414,0.13258645990757506,0.10416832566261292
"(157, 171)",7,3,0,0.2865981839176275,0.3084235191345215,0.2226533056008399,0.4066869616508484
"(157, 172)",7,3,0,0.27717739864940233,0.4798985719680786,0.20844827353109555,0.33338168263435364
"(157, 173)",7,3,0,0.1814021182686794,0.36157742142677307,0.12591904816951874,0.23325614631175995
"(174, 184)",8,3,1,0.18458338559634277,0.1210593581199646,0.2689583740124879,0.2050856202840805
"(174, 185)",8,3,0,0.08978032017275274,0.08646869659423828,0.19009125632826115,0.1573505401611328
"(174, 186)",8,3,0,0.06912474357034537,0.06019197404384613,0.15288184048011344,0.11476817727088928
"(174, 187)",8,3,1,0.18056401668069477,0.07375074177980423,0.22271264049719197,0.21105998754501343
"(174, 188)",8,3,0,0.20252840881557616,0.09689677506685257,0.19471756119628317,0.22020135819911957
"(174, 189)",8,3,0,0.1454745664547924,0.11651507019996643,0.20975370669961552,0.16047416627407074
"(174, 190)",8,3,0,0.13145911613000097,0.05714407190680504,0.18496388461278895,0.11966406553983688
"(174, 191)",8,3,0,0.18233234668501785,0.13149145245552063,0.2195839449755595,0.20359157025814056
"(174, 192)",8,3,0,0.2418773117588963,0.12158136069774628,0.24049144254197863,0.18052060902118683
"(174, 193)",8,3,0,0.10442557137521366,0.056651391088962555,0.1892657556732003,0.1279875487089157
"(175, 184)",8,3,0,0.12721162589392299,0.04509492963552475,0.16778882896776867,0.15693962574005127
"(175, 185)",8,3,0,0.10659286560118247,0.07065407931804657,0.17063514543095376,0.15689195692539215
"(175, 186)",8,3,0,0.09029174896178643,0.03401541709899902,0.14081305669149,0.1037214919924736
"(175, 187)",8,3,0,0.171797257753351,0.12995487451553345,0.1760894109318335,0.17675362527370453
"(175, 188)",8,3,1,0.3277176421971979,0.3978913426399231,0.23146295453861182,0.3656063973903656
"(175, 189)",8,3,0,0.17768617527307204,0.15157949924468994,0.25394871314690515,0.15500587224960327
"(175, 190)",8,3,1,0.2260352113629251,0.24038124084472656,0.2543225027432056,0.2197713553905487
"(175, 191)",8,3,0,0.13956346276770118,0.2116781324148178,0.15870381092284053,0.215049609541893
"(175, 192)",8,3,0,0.2544684500011489,0.21405473351478577,0.22697483159241472,0.15130223333835602
"(175, 193)",8,3,1,0.13318119750042637,0.12343762814998627,0.17021439015068068,0.11937893182039261
"(176, 184)",8,3,1,0.19911515645643335,0.09626276046037674,0.165488930479401,0.1541130542755127
"(176, 185)",8,3,0,0.10500349744103053,0.07560063898563385,0.1241092500156953,0.11793167889118195
"(176, 186)",8,3,1,0.08245254955906973,0.1119968369603157,0.09672287163698763,0.1203327551484108
"(176, 187)",8,3,0,0.20819669651016814,0.11218035221099854,0.13917434468364004,0.15675416588783264
"(176, 188)",8,3,0,0.2342791894927462,0.1460314691066742,0.12065122000969927,0.1847049742937088
"(176, 189)",8,3,0,0.16858003915018596,0.10560208559036255,0.13714932015439954,0.09809990227222443
"(176, 190)",8,3,0,0.15085819271761416,0.060285404324531555,0.11021249796739649,0.0783393606543541
"(176, 191)",8,3,1,0.21185428191211475,0.16010570526123047,0.14746096207378945,0.18257921934127808
"(176, 192)",8,3,0,0.27333278753642337,0.20792104303836823,0.15966941738604828,0.141678124666214
"(176, 193)",8,3,0,0.12357770350566886,0.12726475298404694,0.12390422019719116,0.12912309169769287
"(177, 184)",8,3,0,0.10481070266905092,0.03670762851834297,0.1268561600721381,0.08278890699148178
"(177, 185)",8,3,0,0.0814611498362826,0.045213956385850906,0.10092193703037214,0.06886819005012512
"(177, 186)",8,3,0,0.0674738742845137,0.02134820632636547,0.07879506837523653,0.034212253987789154
"(177, 187)",8,3,0,0.13258176779279637,0.05400877818465233,0.12376448016204884,0.1049133762717247
"(177, 188)",8,3,0,0.28212679327724444,0.1778874546289444,0.17076426359940433,0.20746949315071106
"(177, 189)",8,3,0,0.1298726572467989,0.20290951430797577,0.12608544003513789,0.07447419315576553
"(177, 190)",8,3,0,0.19244795269238169,0.1516588032245636,0.20356323027750212,0.11308231949806213
"(177, 191)",8,3,0,0.1145631590512277,0.12047994881868362,0.1261137595391262,0.10856594890356064
"(177, 192)",8,3,0,0.21824514423396082,0.17056287825107574,0.171207172211715,0.09101498126983643
"(177, 193)",8,3,0,0.1042984843201313,0.06951042264699936,0.09911527653750478,0.04865718260407448
"(178, 184)",8,3,0,0.15561354372724104,0.23708704113960266,0.15777950655664194,0.14609120786190033
"(178, 185)",8,3,0,0.061125372843149,0.054160378873348236,0.11086119203271785,0.10541670024394989
"(178, 186)",8,3,1,0.0469526141131521,0.014688084833323956,0.08445641134672167,0.08140750974416733
"(178, 187)",8,3,0,0.09578937769490849,0.05179416760802269,0.09008508301149036,0.10700555890798569
"(178, 188)",8,3,0,0.1554180059480277,0.09114149212837219,0.1108581234523296,0.20277170836925507
"(178, 189)",8,3,0,0.10873445968072937,0.10018108040094376,0.12388582387654365,0.12249543517827988
"(178, 190)",8,3,0,0.0904140468619314,0.05381913483142853,0.09237799156869936,0.09053082019090652
"(178, 191)",8,3,0,0.09905311332700294,0.20091889798641205,0.08919169313154404,0.16635249555110931
"(178, 192)",8,3,0,0.13367060136468453,0.09565259516239166,0.10423064114178386,0.07080549746751785
"(178, 193)",8,3,0,0.07738681147858092,0.07364420592784882,0.11496141399929703,0.1135910153388977
"(179, 184)",8,3,0,0.11398143005291392,0.05974605306982994,0.13793432153028812,0.09585823863744736
"(179, 185)",8,3,0,0.0649162007032945,0.06827245652675629,0.09006443932425247,0.08077310770750046
"(179, 186)",8,3,0,0.0491630738515672,0.051457468420267105,0.06539184138805865,0.055546894669532776
"(179, 187)",8,3,0,0.10062171931726972,0.03261561319231987,0.09956702407359826,0.11899155378341675
"(179, 188)",8,3,0,0.1618933621709536,0.10624261945486069,0.1182416251931993,0.15540923178195953
"(179, 189)",8,3,0,0.11462016351502453,0.0807797834277153,0.1266807449452357,0.10088646411895752
"(179, 190)",8,3,1,0.103678587272868,0.05751238763332367,0.11771712210716374,0.07514611631631851
"(179, 191)",8,3,0,0.10337931913925735,0.08526287227869034,0.10459120903195292,0.11019200086593628
"(179, 192)",8,3,0,0.14035869442149507,0.06133630871772766,0.10441905452085151,0.09055497497320175
"(179, 193)",8,3,0,0.0757253224128549,0.04358986020088196,0.08588218375525426,0.07716000825166702
"(180, 184)",8,3,1,0.1211239475269167,0.11330956220626831,0.2335419980085567,0.21961350739002228
"(180, 185)",8,3,0,0.07532082938220813,0.10730735957622528,0.1946642027803164,0.1703755259513855
"(180, 186)",8,3,0,0.06395617479669176,0.02707839570939541,0.16485880807381023,0.15771791338920593
"(180, 187)",8,3,0,0.14757234932485064,0.10955397039651871,0.22157767565318534,0.18288394808769226
"(180, 188)",8,3,0,0.20078758578011843,0.16945260763168335,0.21414284313927281,0.2952245771884918
"(180, 189)",8,3,0,0.11096058618158655,0.12442092597484589,0.19720222494644626,0.1896040141582489
"(180, 190)",8,3,0,0.11243085447500796,0.08891499787569046,0.18482468779379768,0.15263046324253082
"(180, 191)",8,3,0,0.13043113636837736,0.2265806943178177,0.20043741723863687,0.2668707072734833
"(180, 192)",8,3,1,0.24399967386351884,0.2930578291416168,0.266862575793669,0.31919094920158386
"(180, 193)",8,3,0,0.09542176713394987,0.11885921657085419,0.2014605408880546,0.19857384264469147
"(181, 184)",8,3,0,0.10075842666387719,0.033151980489492416,0.13819322761433125,0.08943338692188263
"(181, 185)",8,3,1,0.09912473207328194,0.06461980193853378,0.14139151440069886,0.07937540858983994
"(181, 186)",8,3,1,0.07634744102738485,0.05695435777306557,0.1042005998618517,0.046928539872169495
"(181, 187)",8,3,0,0.12685771147931646,0.06489449739456177,0.13859441218505228,0.07843614369630814
"(181, 188)",8,3,0,0.2739449186878898,0.1895788609981537,0.19506888748833517,0.1970672458410263
"(181, 189)",8,3,0,0.13043330778955167,0.090727798640728,0.15175038985328174,0.09056589752435684
"(181, 190)",8,3,1,0.14024192452107856,0.07650049030780792,0.16170442138399213,0.07024069875478745
"(181, 191)",8,3,1,0.10804591620704536,0.058473896235227585,0.11823362419155725,0.08155910670757294
"(181, 192)",8,3,0,0.20451987636113794,0.11225742846727371,0.16541056380845945,0.11879730224609375
"(181, 193)",8,3,1,0.10609645470401433,0.06246881186962128,0.12624620225181585,0.08852114528417587
"(182, 184)",8,3,0,0.10822239536278355,0.032892320305109024,0.19565020676565578,0.16993065178394318
"(182, 185)",8,3,0,0.10092200720855961,0.05537709966301918,0.18477324880520535,0.1405506730079651
"(182, 186)",8,3,0,0.08563655054032841,0.07970915734767914,0.1585562036687781,0.10285520553588867
"(182, 187)",8,3,0,0.1387615221760397,0.072691410779953,0.1934872894627114,0.19676750898361206
"(182, 188)",8,3,0,0.2955174933272092,0.1641514003276825,0.2766183958159242,0.33498433232307434
"(182, 189)",8,3,0,0.14473633779844108,0.13805092871189117,0.21715919672587672,0.1394323855638504
"(182, 190)",8,3,0,0.15668705428350035,0.08802741020917892,0.22342897390593205,0.13425710797309875
"(182, 191)",8,3,0,0.11878448225597633,0.06812109053134918,0.16617465531568015,0.17117923498153687
"(182, 192)",8,3,0,0.2301344374745131,0.13913466036319733,0.22577328690931323,0.141357421875
"(182, 193)",8,3,0,0.11779162689690106,0.052773114293813705,0.1810279774843649,0.12368182092905045
"(183, 184)",8,3,1,0.09995004467209685,0.05887312442064285,0.15161439285291634,0.16692225635051727
"(183, 185)",8,3,0,0.08208979409073677,0.09483286738395691,0.11295429329403371,0.1915222555398941
"(183, 186)",8,3,0,0.06967140222723328,0.08983144164085388,0.08645132386571226,0.13269884884357452
"(183, 187)",8,3,0,0.1235582863438976,0.14153693616390228,0.14502109054017565,0.17771580815315247
"(183, 188)",8,3,0,0.23194450055219656,0.20588690042495728,0.18581653548498836,0.2596278488636017
"(183, 189)",8,3,0,0.12179983142630674,0.11965726315975189,0.132977881446684,0.1634671539068222
"(183, 190)",8,3,0,0.141954848090909,0.0979260578751564,0.1782616853786857,0.19139650464057922
"(183, 191)",8,3,0,0.10830754482924629,0.09404993057250977,0.13392205664426662,0.15622833371162415
"(183, 192)",8,3,0,0.20818934219442267,0.23633193969726562,0.16928774309194466,0.1951904594898224
"(183, 193)",8,3,0,0.09359509814819454,0.05734506621956825,0.10724825999700172,0.12632325291633606
"(194, 214)",9,3,0,0.26752675041956553,0.11805398017168045,0.200985291595812,0.19881735742092133
"(194, 215)",9,3,0,0.17424727490757552,0.08524896204471588,0.2078171231567968,0.18394111096858978
"(194, 216)",9,3,0,0.15088554268433704,0.06044623255729675,0.17273344999315998,0.15546007454395294
"(194, 217)",9,3,0,0.18329281432882008,0.054338712245225906,0.15112576912741235,0.10894775390625
"(194, 218)",9,3,0,0.15720878198574983,0.08511966466903687,0.15808803047449535,0.11004123091697693
"(194, 219)",9,3,0,0.2097265759435328,0.19630014896392822,0.26106844083157477,0.22273984551429749
"(194, 220)",9,3,0,0.2443683694957052,0.2574298679828644,0.2443393061880691,0.24165673553943634
"(194, 221)",9,3,1,0.08049761011572558,0.05877590924501419,0.12265241346752202,0.09630514681339264
"(194, 222)",9,3,0,0.10373511159179746,0.029918409883975983,0.15498648056198855,0.13095320761203766
"(194, 223)",9,3,0,0.1493651434235812,0.06628622114658356,0.20825026942974253,0.1260412633419037
"(194, 224)",9,3,0,0.12588153900125848,0.10028901696205139,0.1670758491145012,0.13022340834140778
"(194, 225)",9,3,0,0.11659129990140685,0.14654728770256042,0.13854226213545287,0.1352589875459671
"(194, 226)",9,3,0,0.3415472795698631,0.34961286187171936,0.228827659818853,0.3605424761772156
"(194, 227)",9,3,0,0.140191926727737,0.17955654859542847,0.15721298802551617,0.1509457379579544
"(194, 228)",9,3,0,0.11582280574284681,0.058946747332811356,0.1462755213165664,0.11281310766935349
"(194, 229)",9,3,0,0.11453342098209089,0.053112808614969254,0.11401582342733425,0.06899002194404602
"(194, 230)",9,3,0,0.028860994119497396,0.043721772730350494,0.06233254730476645,0.16318438947200775
"(194, 231)",9,3,0,0.11432382373693058,0.11298651993274689,0.1461118075554239,0.09240689128637314
"(194, 232)",9,3,0,0.09645239234864246,0.030639346688985825,0.12058132229174273,0.13327887654304504
"(194, 233)",9,3,0,0.13591826240642801,0.08899681270122528,0.17274518076777576,0.1536855548620224
"(195, 214)",9,3,0,0.3332936678456413,0.24392539262771606,0.30015625025008624,0.2588001489639282
"(195, 215)",9,3,1,0.19915994867150144,0.12377972155809402,0.2644388383602583,0.2909940481185913
"(195, 216)",9,3,0,0.17451523126314125,0.11606118083000183,0.23991195568949386,0.1856965869665146
"(195, 217)",9,3,1,0.27129933269515055,0.19165602326393127,0.2720398700556756,0.17530915141105652
"(195, 218)",9,3,0,0.20005382645902015,0.2050662636756897,0.23832733219058622,0.15675751864910126
"(195, 219)",9,3,0,0.22623198418162574,0.14941416680812836,0.3135205766639787,0.22180676460266113
"(195, 220)",9,3,0,0.2502874820277612,0.18762481212615967,0.28161365936352645,0.24357683956623077
"(195, 221)",9,3,0,0.09310210349061979,0.09490635246038437,0.17499011147017238,0.1301107406616211
"(195, 222)",9,3,0,0.12503052374833465,0.07265005260705948,0.2164080080008849,0.18644936382770538
"(195, 223)",9,3,0,0.17505608970542197,0.11560098826885223,0.28384229835061986,0.17377400398254395
"(195, 224)",9,3,0,0.10648149846310224,0.12296321988105774,0.17086780675448268,0.12479390949010849
"(195, 225)",9,3,1,0.13758237776222693,0.12089501321315765,0.1895291807890377,0.15691909193992615
"(195, 226)",9,3,0,0.33754681217489924,0.3093756139278412,0.2841512326322336,0.3312334418296814
"(195, 227)",9,3,0,0.14705090262362588,0.22237184643745422,0.20855621367667257,0.1544283926486969
"(195, 228)",9,3,0,0.1499760582943527,0.07029074430465698,0.245043069597593,0.16080017387866974
"(195, 229)",9,3,1,0.18878286735889002,0.1888568252325058,0.2166325113839024,0.09635654836893082
"(195, 230)",9,3,0,0.03405504936500829,0.03691668435931206,0.09658740450960208,0.18424323201179504
"(195, 231)",9,3,0,0.1386597675374971,0.08491706848144531,0.20084072100917855,0.21565356850624084
"(195, 232)",9,3,0,0.11850952738315276,0.06224167346954346,0.1804598698676876,0.13674765825271606
"(195, 233)",9,3,1,0.15565901534520601,0.08031327277421951,0.226862544562674,0.1640458106994629
"(196, 214)",9,3,1,0.2656020463213128,0.25192856788635254,0.21157735607538083,0.23546625673770905
"(196, 215)",9,3,0,0.21822980744776993,0.2827676832675934,0.3440059633741671,0.37430116534233093
"(196, 216)",9,3,0,0.16070655405590756,0.15417639911174774,0.2106239425259757,0.1658829152584076
"(196, 217)",9,3,0,0.20264130144106154,0.18186689913272858,0.19100992961104066,0.1261005699634552
"(196, 218)",9,3,0,0.1567357939963695,0.1901698112487793,0.17548822833651043,0.13638810813426971
"(196, 219)",9,3,1,0.22517310004774893,0.24469506740570068,0.2974248169645675,0.286894291639328
"(196, 220)",9,3,0,0.2744092562193631,0.2163563221693039,0.3291375577756337,0.2913987934589386
"(196, 221)",9,3,0,0.09953947809560079,0.2303052693605423,0.2338545603356587,0.15071335434913635
"(196, 222)",9,3,0,0.11507403765374771,0.10845023393630981,0.19298850175896765,0.22081206738948822
"(196, 223)",9,3,0,0.2163971366809488,0.3271055817604065,0.3247833273124934,0.27683666348457336
"(196, 224)",9,3,0,0.09431443886246149,0.06816152483224869,0.14988984046324372,0.1286056935787201
"(196, 225)",9,3,0,0.13623696359367224,0.17592278122901917,0.194277894736132,0.1873413324356079
"(196, 226)",9,3,0,0.35552757573303795,0.3924143314361572,0.2703300759267728,0.43215110898017883
"(196, 227)",9,3,0,0.14555816702165844,0.28780195116996765,0.1902838920151722,0.1303359419107437
"(196, 228)",9,3,0,0.1349849216400719,0.1994478702545166,0.2694865543197168,0.16230028867721558
"(196, 229)",9,3,0,0.11866263517025079,0.09735167771577835,0.13321554577372724,0.07495211064815521
"(196, 230)",9,3,0,0.03210495390029185,0.015233663842082024,0.08116361705510293,0.253101646900177
"(196, 231)",9,3,0,0.13662211344439965,0.12233687192201614,0.21417432381432885,0.24543532729148865
"(196, 232)",9,3,0,0.10730506769902007,0.05451061576604843,0.14958740934475664,0.13427583873271942
"(196, 233)",9,3,0,0.1670316544351687,0.15478315949440002,0.29280513200209374,0.24411307275295258
"(197, 214)",9,3,0,0.29791151344659383,0.23509375751018524,0.1764909539626496,0.1577240377664566
"(197, 215)",9,3,0,0.2052900689962351,0.21818725764751434,0.235776942444522,0.2572844326496124
"(197, 216)",9,3,0,0.18530389308241266,0.11583180725574493,0.18002304263232075,0.17780686914920807
"(197, 217)",9,3,1,0.21131499887218372,0.06495486944913864,0.15372200921729343,0.1062493547797203
"(197, 218)",9,3,0,0.180933582114608,0.12178725749254227,0.14269092166106936,0.12864921987056732
"(197, 219)",9,3,0,0.23924181686761933,0.21297642588615417,0.24871198929566596,0.20655755698680878
"(197, 220)",9,3,0,0.39862804888188613,0.2735164165496826,0.40771556289935745,0.37394070625305176
"(197, 221)",9,3,0,0.10549932813195621,0.14200499653816223,0.1605373250883136,0.11711949110031128
"(197, 222)",9,3,0,0.1321388165768021,0.07494594156742096,0.16194770117187995,0.17897598445415497
"(197, 223)",9,3,0,0.16828006084767352,0.1265735924243927,0.19715775402412614,0.13880379498004913
"(197, 224)",9,3,0,0.10894992069870842,0.02901323325932026,0.11990308688200357,0.08414888381958008
"(197, 225)",9,3,0,0.14360099185858954,0.0937882736325264,0.15210675124624778,0.15001095831394196
"(197, 226)",9,3,0,0.37391440024474204,0.2629028260707855,0.22851029356035674,0.3086421489715576
"(197, 227)",9,3,0,0.16937069306816352,0.19306962192058563,0.1535387429353094,0.14135192334651947
"(197, 228)",9,3,0,0.15616495288961643,0.18811647593975067,0.19221824083717118,0.18322031199932098
"(197, 229)",9,3,0,0.13763968514657812,0.0867479145526886,0.111993107855028,0.06536108255386353
"(197, 230)",9,3,0,0.05346067660720301,0.05573404207825661,0.10154474210789803,0.1487869769334793
"(197, 231)",9,3,1,0.21397403201647905,0.12284181267023087,0.2523237418335948,0.18974880874156952
"(197, 232)",9,3,1,0.17023434129595863,0.039522502571344376,0.1703798497202434,0.13343067467212677
"(197, 233)",9,3,0,0.22606196135603368,0.17150868475437164,0.269750848618495,0.21046115458011627
"(198, 214)",9,3,0,0.26513864966591955,0.2955848276615143,0.13365370732073936,0.13946641981601715
"(198, 215)",9,3,0,0.17151197889099842,0.13271169364452362,0.2146901988310766,0.30656424164772034
"(198, 216)",9,3,0,0.14206084025329271,0.13877010345458984,0.11302339602380049,0.12101835757493973
"(198, 217)",9,3,0,0.16763535867671228,0.06285064667463303,0.10323160961966016,0.08003384619951248
"(198, 218)",9,3,0,0.14165560190079296,0.13473233580589294,0.10750463553297757,0.09980855137109756
"(198, 219)",9,3,0,0.18851187749614134,0.15482673048973083,0.1842321935493297,0.19150382280349731
"(198, 220)",9,3,0,0.31343192694368277,0.18537606298923492,0.28982973185813965,0.27255937457084656
"(198, 221)",9,3,0,0.08874365730743372,0.11751589179039001,0.1306937769091797,0.1358991414308548
"(198, 222)",9,3,0,0.1020476261247246,0.06889304518699646,0.10443996817822782,0.11523988842964172
"(198, 223)",9,3,0,0.12972124270834035,0.10437050461769104,0.12738723696856155,0.07484397292137146
"(198, 224)",9,3,0,0.08289102169865085,0.0356052964925766,0.07900626448295729,0.054783597588539124
"(198, 225)",9,3,0,0.11385082074314413,0.09072427451610565,0.10780698405938775,0.1159747913479805
"(198, 226)",9,3,0,0.3341208366163071,0.1975463479757309,0.15048868287564157,0.1864119917154312
"(198, 227)",9,3,0,0.13044800399816667,0.18345825374126434,0.09837120464885149,0.09961943328380585
"(198, 228)",9,3,0,0.1296497611803118,0.044817131012678146,0.17990974142348165,0.16183900833129883
"(198, 229)",9,3,0,0.1057958910379077,0.08986758440732956,0.07461905461057022,0.04869043827056885
"(198, 230)",9,3,0,0.04161538386882364,0.03863470256328583,0.05722895111318057,0.17903199791908264
"(198, 231)",9,3,0,0.1708067307342224,0.24477332830429077,0.18031168680392015,0.2027662843465805
"(198, 232)",9,3,0,0.13545152100967053,0.0574115552008152,0.106813056728388,0.08889651298522949
"(198, 233)",9,3,0,0.1974873772150369,0.15963895618915558,0.250133667911533,0.25068747997283936
"(199, 214)",9,3,0,0.21338813235005077,0.18370284140110016,0.16907405066233194,0.06943270564079285
"(199, 215)",9,3,1,0.15468746930040894,0.19346581399440765,0.20932393185215004,0.14233219623565674
"(199, 216)",9,3,0,0.15865802978465351,0.10988298803567886,0.19371056086977823,0.15574146807193756
"(199, 217)",9,3,1,0.16935963312378738,0.06477721780538559,0.1552560501413039,0.08996427804231644
"(199, 218)",9,3,0,0.12256211092844878,0.11010400205850601,0.1349866101319836,0.07395234704017639
"(199, 219)",9,3,1,0.19396924570928772,0.18685685098171234,0.2643338326864922,0.1352403461933136
"(199, 220)",9,3,0,0.2083182642223232,0.17694136500358582,0.234971762672571,0.1490931510925293
"(199, 221)",9,3,1,0.08482085046285993,0.21992634236812592,0.13888567822579287,0.07597026228904724
"(199, 222)",9,3,0,0.11271703066513969,0.08753460645675659,0.17249222311244322,0.1599118709564209
"(199, 223)",9,3,0,0.21861757782621424,0.15946073830127716,0.2961090985719637,0.18605493009090424
"(199, 224)",9,3,0,0.12342210214506925,0.08166571706533432,0.15751458620057027,0.087055504322052
"(199, 225)",9,3,0,0.12553507964931904,0.14659656584262848,0.14572441990917803,0.1434621661901474
"(199, 226)",9,3,1,0.27697121467714164,0.14817821979522705,0.2068492134545237,0.15623323619365692
"(199, 227)",9,3,0,0.13621005428189073,0.1701851338148117,0.15545288326594164,0.08318768441677094
"(199, 228)",9,3,0,0.09397569130977688,0.07522822171449661,0.13901565721731798,0.10083279013633728
"(199, 229)",9,3,0,0.13131089425021586,0.11621850728988647,0.13926299554489643,0.06685145199298859
"(199, 230)",9,3,0,0.041147231398346217,0.03328395634889603,0.09118131997843996,0.10826530307531357
"(199, 231)",9,3,0,0.16045481998322594,0.1219763308763504,0.20014765727440298,0.17090924084186554
"(199, 232)",9,3,0,0.13753064195448936,0.06273185461759567,0.1574211420527311,0.11695080995559692
"(199, 233)",9,3,0,0.1547400948185114,0.09924116730690002,0.2076108359598985,0.14368799328804016
"(200, 214)",9,3,0,0.2518502165180008,0.293182373046875,0.1550794044642741,0.14932875335216522
"(200, 215)",9,3,0,0.22720721244116496,0.20419423282146454,0.2170093095889065,0.22743074595928192
"(200, 216)",9,3,0,0.20400398545340867,0.12247008085250854,0.18990934510276097,0.20042727887630463
"(200, 217)",9,3,1,0.18800514934980023,0.19353905320167542,0.12374192247496592,0.11719568818807602
"(200, 218)",9,3,0,0.14701277966831075,0.2016710489988327,0.10517915884140287,0.12297017127275467
"(200, 219)",9,3,0,0.28580044002449717,0.23760569095611572,0.27160070525954255,0.2300359457731247
"(200, 220)",9,3,0,0.24595936499305543,0.2678810656070709,0.18192184873566955,0.22040937840938568
"(200, 221)",9,3,0,0.11038948245674944,0.15192490816116333,0.13492213584180898,0.12471165508031845
"(200, 222)",9,3,0,0.10639398965786728,0.0772956982254982,0.1223445112239383,0.14835739135742188
"(200, 223)",9,3,0,0.14577299416147615,0.11792410910129547,0.17021412647029494,0.11701313406229019
"(200, 224)",9,3,1,0.08743156117765884,0.05138508602976799,0.09274744629385226,0.08550046384334564
"(200, 225)",9,3,0,0.16504561988394456,0.13626889884471893,0.1553882798930305,0.2572968602180481
"(200, 226)",9,3,0,0.4105216800185832,0.4552021026611328,0.27793942173684716,0.3393084406852722
"(200, 227)",9,3,0,0.18697617036119304,0.25651806592941284,0.17216862256055218,0.19360120594501495
"(200, 228)",9,3,0,0.10698474544192328,0.19911888241767883,0.10602791007212553,0.10506230592727661
"(200, 229)",9,3,1,0.11180566760476417,0.0698731318116188,0.08848213452051717,0.056025248020887375
"(200, 230)",9,3,0,0.028338637628327504,0.013090753927826881,0.0577591456708492,0.11211555451154709
"(200, 231)",9,3,0,0.11764492101221122,0.05088942497968674,0.1259109558971028,0.09262055158615112
"(200, 232)",9,3,0,0.09952418723042579,0.03049837239086628,0.10241711222809223,0.10690374672412872
"(200, 233)",9,3,0,0.13190244426607506,0.12364113330841064,0.13645586483572808,0.1092996820807457
"(201, 214)",9,3,0,0.22698759390351242,0.11837828159332275,0.14580288121830226,0.11208812892436981
"(201, 215)",9,3,0,0.2112684423872691,0.22765076160430908,0.20083190740397175,0.23233920335769653
"(201, 216)",9,3,0,0.18167866880694455,0.10243815183639526,0.17653023463020415,0.14729061722755432
"(201, 217)",9,3,0,0.16305226940045645,0.054783035069704056,0.10933997413591151,0.06028607860207558
"(201, 218)",9,3,0,0.12765199335483635,0.10115920752286911,0.10003345572425007,0.08599356561899185
"(201, 219)",9,3,0,0.25404618752601393,0.28891703486442566,0.2557401698382585,0.2218441367149353
"(201, 220)",9,3,0,0.22229498242017467,0.0987037643790245,0.17094008484775466,0.1245328038930893
"(201, 221)",9,3,0,0.09859938430986873,0.16211938858032227,0.12320489955129751,0.07361866533756256
"(201, 222)",9,3,0,0.09075292926489373,0.013347246684134007,0.1108184735446231,0.05132369324564934
"(201, 223)",9,3,0,0.13027291240847294,0.10786949843168259,0.16026077321069707,0.10104142129421234
"(201, 224)",9,3,0,0.07721811805397273,0.02411564439535141,0.08319274859738576,0.05756237730383873
"(201, 225)",9,3,0,0.14545524210719676,0.08717391639947891,0.14435402315519077,0.14990395307540894
"(201, 226)",9,3,0,0.3800338981224922,0.30502623319625854,0.24897503644996652,0.24204455316066742
"(201, 227)",9,3,0,0.17061263183483705,0.22474080324172974,0.16459161792864477,0.1606656163930893
"(201, 228)",9,3,0,0.09195146369256513,0.04188438132405281,0.1008380301642295,0.04039673134684563
"(201, 229)",9,3,0,0.10137165331904271,0.06105199083685875,0.07708822437464023,0.04314114525914192
"(201, 230)",9,3,1,0.024238842834366427,0.004952046554535627,0.04528705714431117,0.04672873392701149
"(201, 231)",9,3,0,0.10065111831067278,0.03616161644458771,0.10423846094200463,0.04351168870925903
"(201, 232)",9,3,0,0.08596774193734126,0.02353508584201336,0.09343052446530652,0.05743272602558136
"(201, 233)",9,3,0,0.12099312561054025,0.05469769239425659,0.12102263513099641,0.08623909205198288
"(202, 214)",9,3,0,0.31015120587893985,0.18387043476104736,0.1656101263978147,0.10065559297800064
"(202, 215)",9,3,0,0.18446572689922855,0.08087559789419174,0.15353717948340007,0.09753727912902832
"(202, 216)",9,3,0,0.1603504166105806,0.048481229692697525,0.11806160504109087,0.09280907362699509
"(202, 217)",9,3,1,0.2001855579337893,0.06354410946369171,0.10884124513087656,0.08934137970209122
"(202, 218)",9,3,0,0.16928339595130748,0.11296410858631134,0.1125072424426907,0.08200138807296753
"(202, 219)",9,3,0,0.22644966800298608,0.07998248934745789,0.19935453341820436,0.09909789264202118
"(202, 220)",9,3,0,0.26131140970960104,0.1128305047750473,0.17861209929609098,0.14166417717933655
"(202, 221)",9,3,0,0.08723794593210242,0.07666505128145218,0.08011420672610912,0.04200229421257973
"(202, 222)",9,3,0,0.15974775661727347,0.05331462249159813,0.14741900243924747,0.13390013575553894
"(202, 223)",9,3,0,0.1598586188741829,0.06578697264194489,0.14956618090737733,0.05236048251390457
"(202, 224)",9,3,0,0.09522668153133218,0.023805363103747368,0.08344691940077827,0.04313775897026062
"(202, 225)",9,3,0,0.12789981582442025,0.0853366106748581,0.1007566835955073,0.08429832011461258
"(202, 226)",9,3,0,0.39138634370807773,0.13744716346263885,0.1929831054224342,0.17375347018241882
"(202, 227)",9,3,0,0.15002807174995925,0.09021557867527008,0.10514402863120005,0.09047944098711014
"(202, 228)",9,3,0,0.12409956875338096,0.08919926732778549,0.1063130412630244,0.054120052605867386
"(202, 229)",9,3,0,0.12342547018161276,0.03695571422576904,0.08219667256007199,0.03251613304018974
"(202, 230)",9,3,0,0.03137458697246926,0.028609979897737503,0.042034796263674255,0.07958374172449112
"(202, 231)",9,3,0,0.1264295362847115,0.049807727336883545,0.11079224744637639,0.05051502585411072
"(202, 232)",9,3,0,0.10724783982612877,0.015370341017842293,0.08353664267702886,0.04231798276305199
"(202, 233)",9,3,1,0.14573370632618377,0.05533481389284134,0.12636370406917688,0.07781919091939926
"(203, 214)",9,3,0,0.291308859122103,0.3234931230545044,0.173268467704559,0.24632444977760315
"(203, 215)",9,3,0,0.17226638763942065,0.08720386028289795,0.15061369555171064,0.2215278446674347
"(203, 216)",9,3,0,0.15064823162905022,0.06151207908987999,0.12309746327003833,0.1486309915781021
"(203, 217)",9,3,0,0.18710150702686942,0.08730559796094894,0.10652596512023883,0.12847374379634857
"(203, 218)",9,3,0,0.15624706976566724,0.16049322485923767,0.10974700768138082,0.11390451341867447
"(203, 219)",9,3,0,0.21012822207189374,0.08100336790084839,0.19542134521146426,0.19593845307826996
"(203, 220)",9,3,0,0.2424988246998069,0.20395252108573914,0.17069354581971477,0.3123301565647125
"(203, 221)",9,3,0,0.08044517803784489,0.06535990536212921,0.08369179904902059,0.09989757835865021
"(203, 222)",9,3,0,0.14787587473232036,0.04446909576654434,0.15227766844228555,0.14606676995754242
"(203, 223)",9,3,0,0.14704735539337438,0.0847368985414505,0.15852263784461837,0.11306628584861755
"(203, 224)",9,3,0,0.08765295416506427,0.03431234881281853,0.07690617482108088,0.09772094339132309
"(203, 225)",9,3,0,0.11681739429222432,0.08738353848457336,0.10692398256922042,0.18078617751598358
"(203, 226)",9,3,0,0.3669500053370811,0.34868142008781433,0.2068516334661889,0.3018634021282196
"(203, 227)",9,3,0,0.1391434101532632,0.17902487516403198,0.11529647296121044,0.1840885728597641
"(203, 228)",9,3,0,0.11566426810908043,0.07359737157821655,0.10252345354777252,0.11916720122098923
"(203, 229)",9,3,0,0.11323280373301525,0.06346458941698074,0.08086733241887657,0.060004234313964844
"(203, 230)",9,3,0,0.029311776361094694,0.02601657435297966,0.04711500530475976,0.09790593385696411
"(203, 231)",9,3,0,0.11612373900086989,0.04553165286779404,0.1111719604288741,0.11860868334770203
"(203, 232)",9,3,0,0.09841008145447862,0.019999762997031212,0.09386833669542058,0.09106852859258652
"(203, 233)",9,3,0,0.13522822112612387,0.08625403791666031,0.12570317934214992,0.19531996548175812
"(204, 214)",9,3,0,0.20620429882177474,0.04591052606701851,0.16735464185609764,0.10791941732168198
"(204, 215)",9,3,0,0.22095380573304382,0.07481637597084045,0.2608301904767666,0.26280534267425537
"(204, 216)",9,3,0,0.17763141385513187,0.06710519641637802,0.20995072304147774,0.19585134088993073
"(204, 217)",9,3,0,0.16092241360563075,0.020792845636606216,0.13619298491981352,0.09009549021720886
"(204, 218)",9,3,0,0.11758816585585483,0.03585858270525932,0.12393781173462039,0.08851364254951477
"(204, 219)",9,3,0,0.2536186942510492,0.08536738157272339,0.31127077482056914,0.18038228154182434
"(204, 220)",9,3,0,0.20215540132905774,0.08064431697130203,0.2073195992711336,0.15234993398189545
"(204, 221)",9,3,0,0.09654500727231703,0.07298754155635834,0.1495395700874569,0.10831741243600845
"(204, 222)",9,3,0,0.09000886641534976,0.013454945757985115,0.13792954420816175,0.1192634329199791
"(204, 223)",9,3,0,0.1274523696506759,0.02203056775033474,0.19314620598555107,0.09125304967164993
"(204, 224)",9,3,0,0.07492254331969064,0.017700323835015297,0.10330630999107467,0.05404125899076462
"(204, 225)",9,3,0,0.14266922642358706,0.08188948780298233,0.18096431967432633,0.18363463878631592
"(204, 226)",9,3,0,0.3736701594558054,0.24600426852703094,0.2841189762609813,0.32747578620910645
"(204, 227)",9,3,0,0.16673961441367788,0.09234500676393509,0.19481764342476043,0.18780748546123505
"(204, 228)",9,3,0,0.08228230569692761,0.026455609127879143,0.10996362950088835,0.05260569602251053
"(204, 229)",9,3,0,0.09682135303572463,0.024205081164836884,0.10169614399976004,0.04813060909509659
"(204, 230)",9,3,0,0.024381588211894508,0.006111949682235718,0.058463723767903056,0.08953338116407394
"(204, 231)",9,3,0,0.10008619688568712,0.021659808233380318,0.13756999359369979,0.07273317873477936
"(204, 232)",9,3,0,0.08483692312279881,0.014238553121685982,0.11287157473091317,0.05784508213400841
"(204, 233)",9,3,0,0.1149182542784805,0.02113925665616989,0.15761394125630632,0.0790257379412651
"(205, 214)",9,3,0,0.380241394870166,0.3565899729728699,0.2398169278449694,0.2354038655757904
"(205, 215)",9,3,0,0.1832843032786377,0.10100200027227402,0.18121663786761713,0.1918879598379135
"(205, 216)",9,3,0,0.15013198862200128,0.05708502605557442,0.15100332693994237,0.10651639848947525
"(205, 217)",9,3,0,0.25611362202102733,0.10558120906352997,0.1839571528732963,0.15347523987293243
"(205, 218)",9,3,0,0.22149170306199625,0.25994887948036194,0.18092316110053325,0.17135772109031677
"(205, 219)",9,3,0,0.2146351032587444,0.13292792439460754,0.2218881009324297,0.15453729033470154
"(205, 220)",9,3,1,0.24960355570960557,0.09093662351369858,0.20433546220507576,0.17491084337234497
"(205, 221)",9,3,1,0.07913032822730154,0.07280274480581284,0.10528696596631233,0.07294929772615433
"(205, 222)",9,3,0,0.10774224840875894,0.03359520062804222,0.1346499037587856,0.13318854570388794
"(205, 223)",9,3,0,0.15057205739361118,0.07456084340810776,0.18398285500090975,0.09727150946855545
"(205, 224)",9,3,0,0.08936085926204178,0.0425565205514431,0.10122123693916198,0.06701532006263733
"(205, 225)",9,3,0,0.11891409347853796,0.10403282940387726,0.10862219921635191,0.1251237392425537
"(205, 226)",9,3,0,0.38857785785330584,0.14207574725151062,0.2324657403251006,0.19983409345149994
"(205, 227)",9,3,0,0.13727222111162127,0.06433390080928802,0.13372383042834562,0.08213834464550018
"(205, 228)",9,3,0,0.16620383322982324,0.28790584206581116,0.18486148489399473,0.19751788675785065
"(205, 229)",9,3,0,0.16062558598174978,0.062353361397981644,0.1345445393034458,0.07776937633752823
"(205, 230)",9,3,0,0.028877737644465686,0.008119752630591393,0.05326763344947758,0.11819861084222794
"(205, 231)",9,3,0,0.1197690200617098,0.02464126981794834,0.1215835931154052,0.09754302352666855
"(205, 232)",9,3,0,0.10119183283387863,0.017499199137091637,0.10370645452605105,0.07242605835199356
"(205, 233)",9,3,0,0.13313588979567986,0.034515269100666046,0.14007126221267063,0.09825930744409561
"(206, 214)",9,3,0,0.18217846074540334,0.2008066326379776,0.1663679698925146,0.11457893997430801
"(206, 215)",9,3,0,0.2093871393492785,0.24789315462112427,0.3376971739904065,0.2974552512168884
"(206, 216)",9,3,0,0.17814287402124704,0.12371460348367691,0.2628286255726137,0.20644529163837433
"(206, 217)",9,3,0,0.14711986186880255,0.0855482742190361,0.1630566728392843,0.09131202846765518
"(206, 218)",9,3,1,0.10327569831331213,0.13171268999576569,0.13552610667435913,0.11203068494796753
"(206, 219)",9,3,0,0.2291921854738594,0.1906426101922989,0.33995504771950286,0.22280067205429077
"(206, 220)",9,3,1,0.19527470265470812,0.2683384120464325,0.2825285927316601,0.19164466857910156
"(206, 221)",9,3,1,0.10254668330010534,0.20788325369358063,0.23774868555927312,0.12997066974639893
"(206, 222)",9,3,0,0.0897850771295505,0.08901018649339676,0.17410911336461973,0.12250430136919022
"(206, 223)",9,3,1,0.13650066018673093,0.1563974916934967,0.2340631705458543,0.1549275815486908
"(206, 224)",9,3,1,0.10735848543567106,0.12382534146308899,0.17096579968340905,0.10426875948905945
"(206, 225)",9,3,1,0.1646331655240779,0.1788734793663025,0.2442261112346508,0.18488597869873047
"(206, 226)",9,3,0,0.337822007247798,0.45548585057258606,0.29672913375549226,0.33482372760772705
"(206, 227)",9,3,0,0.14896817368575171,0.19431717693805695,0.21530611615547526,0.1576230823993683
"(206, 228)",9,3,0,0.08210127534024907,0.08714277297258377,0.17974925957032362,0.07369396835565567
"(206, 229)",9,3,0,0.10274672508521505,0.0709288939833641,0.1305719612382607,0.07680921256542206
"(206, 230)",9,3,1,0.03500715926114777,0.03387496992945671,0.09551874252686243,0.14174123108386993
"(206, 231)",9,3,0,0.1397617239654814,0.08248395472764969,0.23092901635370422,0.19901372492313385
"(206, 232)",9,3,0,0.11953325546384362,0.09555237740278244,0.16597636413719505,0.13949790596961975
"(206, 233)",9,3,1,0.1430548972537269,0.13043934106826782,0.24758263033143682,0.1619812399148941
"(207, 214)",9,3,0,0.35493194482918794,0.625973641872406,0.27780961124198084,0.34942466020584106
"(207, 215)",9,3,0,0.16841670016609397,0.3257795572280884,0.19913095456292032,0.2891901135444641
"(207, 216)",9,3,0,0.13254621738993763,0.2616957426071167,0.16652604787414665,0.26129770278930664
"(207, 217)",9,3,0,0.22922370999852637,0.32146114110946655,0.20003120984132147,0.2739741802215576
"(207, 218)",9,3,0,0.19978997389476594,0.5323194861412048,0.19549488386719052,0.26891276240348816
"(207, 219)",9,3,1,0.19220552014591039,0.3238653540611267,0.2431327668211524,0.27517491579055786
"(207, 220)",9,3,0,0.22394266281104425,0.37866485118865967,0.21639240765624643,0.3139987587928772
"(207, 221)",9,3,0,0.0710289742536577,0.24198484420776367,0.11547242715249428,0.12198852747678757
"(207, 222)",9,3,0,0.09270122819067517,0.13463807106018066,0.14657550328805896,0.12983576953411102
"(207, 223)",9,3,0,0.13212627672247426,0.18147850036621094,0.20699970259782133,0.17573639750480652
"(207, 224)",9,3,0,0.07767037187230998,0.1457507461309433,0.1137046419970677,0.105831578373909
"(207, 225)",9,3,0,0.10609586133620522,0.3132598102092743,0.1304513044288415,0.15176239609718323
"(207, 226)",9,3,1,0.36546417381570123,0.5824273824691772,0.2760173637657227,0.43095678091049194
"(207, 227)",9,3,1,0.12506065647452044,0.31547296047210693,0.1506047934754971,0.21256202459335327
"(207, 228)",9,3,0,0.1443759882835006,0.23290184140205383,0.19105290053308574,0.0876392126083374
"(207, 229)",9,3,0,0.14512136516276547,0.28111982345581055,0.15196000458318437,0.1301998347043991
"(207, 230)",9,3,0,0.025653739397396305,0.0745421051979065,0.06619677351306225,0.16416320204734802
"(207, 231)",9,3,0,0.10303613673931254,0.1424257457256317,0.14110234491163218,0.11627162992954254
"(207, 232)",9,3,0,0.08747041519225654,0.04870570823550224,0.12446070031024992,0.130135640501976
"(207, 233)",9,3,0,0.1250872017203263,0.1280393749475479,0.1602688694806668,0.1746932566165924
"(208, 214)",9,3,0,0.27458313634024556,0.12141206115484238,0.2822311328105736,0.3480336368083954
"(208, 215)",9,3,1,0.1418992993103839,0.0668678730726242,0.3231819745584442,0.3760583698749542
"(208, 216)",9,3,0,0.12607710368684383,0.039649784564971924,0.23287662916664853,0.19521749019622803
"(208, 217)",9,3,1,0.20704334622067463,0.033932071179151535,0.28746595174825523,0.2470104694366455
"(208, 218)",9,3,0,0.16587370742528712,0.0634736642241478,0.27327978088113014,0.2746570110321045
"(208, 219)",9,3,1,0.1700384726961779,0.05181875452399254,0.33590690544975643,0.2361617535352707
"(208, 220)",9,3,1,0.21459422621030197,0.09962261468172073,0.38685353878452927,0.36201226711273193
"(208, 221)",9,3,0,0.07050941514736588,0.06156345084309578,0.21613156790119192,0.19926859438419342
"(208, 222)",9,3,0,0.09022321700519147,0.018976803869009018,0.21356425261887452,0.18903781473636627
"(208, 223)",9,3,0,0.1154878479884272,0.0312875434756279,0.24115614026325327,0.1780013144016266
"(208, 224)",9,3,1,0.0730002918640558,0.025119103491306305,0.17217163067667685,0.12529893219470978
"(208, 225)",9,3,0,0.09957411512259626,0.042010195553302765,0.20165510684867258,0.20994345843791962
"(208, 226)",9,3,1,0.2625594452808305,0.18695853650569916,0.24094303894172708,0.34899091720581055
"(208, 227)",9,3,1,0.11429751350648139,0.06505008786916733,0.19333881135727346,0.19026309251785278
"(208, 228)",9,3,0,0.13910890339551776,0.08617924153804779,0.34326094705653976,0.2729472815990448
"(208, 229)",9,3,1,0.1333120821782135,0.05054156109690666,0.2282106827117755,0.15318305790424347
"(208, 230)",9,3,1,0.02422770899308676,0.005622056778520346,0.0864531061159595,0.18750301003456116
"(208, 231)",9,3,1,0.10725649906667578,0.052562836557626724,0.24644935018476016,0.21317006647586823
"(208, 232)",9,3,0,0.08408025483819086,0.014688449911773205,0.14730509940943773,0.1229790449142456
"(208, 233)",9,3,1,0.11283893005215424,0.03258585184812546,0.27977350783334975,0.22427381575107574
"(209, 214)",9,3,0,0.2196311821661853,0.15180259943008423,0.1454252617752512,0.1251293122768402
"(209, 215)",9,3,0,0.16850880557369785,0.10808736830949783,0.21352220861751206,0.22556133568286896
"(209, 216)",9,3,0,0.15235041565675178,0.05276082828640938,0.15342228258969362,0.17056825757026672
"(209, 217)",9,3,0,0.17673161174142865,0.0818527489900589,0.12581190315449442,0.1257821023464203
"(209, 218)",9,3,0,0.12457203174881559,0.07329969108104706,0.11229021343114688,0.11756551265716553
"(209, 219)",9,3,0,0.19933602258388944,0.22883810102939606,0.22586773013370426,0.18148751556873322
"(209, 220)",9,3,0,0.3037222116302113,0.2314697504043579,0.3108077652364084,0.35517147183418274
"(209, 221)",9,3,0,0.08687891098296864,0.11826560646295547,0.13586879966350385,0.11488679051399231
"(209, 222)",9,3,0,0.10921505527737124,0.04356708750128746,0.13783166624419516,0.15973447263240814
"(209, 223)",9,3,0,0.16325991634135117,0.12309235334396362,0.1937126670296694,0.13726221024990082
"(209, 224)",9,3,0,0.09875195807172439,0.04549121484160423,0.1112753075988647,0.07876313477754593
"(209, 225)",9,3,0,0.1417193989394479,0.15302324295043945,0.15691373699225575,0.15181633830070496
"(209, 226)",9,3,0,0.28283672745620886,0.17677485942840576,0.18357212537953174,0.2831677794456482
"(209, 227)",9,3,0,0.12750241846438343,0.07483077794313431,0.1242039588975792,0.13584831357002258
"(209, 228)",9,3,0,0.0996973966138392,0.10840266197919846,0.13148724463895534,0.08212781697511673
"(209, 229)",9,3,0,0.12435487472590206,0.08394623547792435,0.10715403255922797,0.10104396939277649
"(209, 230)",9,3,0,0.04746997830682443,0.021033884957432747,0.09000489833637579,0.11773654818534851
"(209, 231)",9,3,0,0.19650314352142226,0.16230508685112,0.24368727881928648,0.2387978434562683
"(209, 232)",9,3,0,0.15675103215975114,0.07512245327234268,0.16060245464217227,0.1260247826576233
"(209, 233)",9,3,0,0.22491872395777063,0.17995119094848633,0.27212012645177663,0.22360342741012573
"(210, 214)",9,3,1,0.24152683688144136,0.17495296895503998,0.14229932119601588,0.1307358741760254
"(210, 215)",9,3,1,0.1235726482826183,0.07333159446716309,0.11911411134711816,0.15710222721099854
"(210, 216)",9,3,0,0.12933719052966253,0.08583712577819824,0.1024651275394761,0.14135527610778809
"(210, 217)",9,3,0,0.1960043891893495,0.16044066846370697,0.1244572838171549,0.1082012876868248
"(210, 218)",9,3,0,0.1407031201965414,0.13801100850105286,0.11095258221731645,0.1196216493844986
"(210, 219)",9,3,0,0.16034855237395262,0.15783539414405823,0.15944497438937436,0.1428893506526947
"(210, 220)",9,3,0,0.17268152575692658,0.13538552820682526,0.13951614306625185,0.12981916964054108
"(210, 221)",9,3,0,0.06707973264048188,0.10923794656991959,0.0686210858901076,0.07037346065044403
"(210, 222)",9,3,0,0.09228672271117315,0.0906328409910202,0.09108756816863291,0.17312487959861755
"(210, 223)",9,3,0,0.12899796937740038,0.0472392812371254,0.126595033215586,0.11409284919500351
"(210, 224)",9,3,0,0.09044609118422439,0.04812520369887352,0.08141848956886212,0.06854858249425888
"(210, 225)",9,3,0,0.10275368049876252,0.11947277933359146,0.08257406580639932,0.13671055436134338
"(210, 226)",9,3,0,0.23048452601383584,0.08912894129753113,0.11627606633510289,0.13233976066112518
"(210, 227)",9,3,0,0.10832843729591787,0.12446251511573792,0.08158522166450795,0.11962837725877762
"(210, 228)",9,3,0,0.10950050112783273,0.0786125659942627,0.1152564204280128,0.09376467019319534
"(210, 229)",9,3,1,0.15079669910813923,0.11242549866437912,0.11018638423255354,0.07083085924386978
"(210, 230)",9,3,0,0.03035458813605858,0.006510567851364613,0.039479145322849435,0.1082376167178154
"(210, 231)",9,3,0,0.12272176355396433,0.09028509259223938,0.10671823649576843,0.12465796619653702
"(210, 232)",9,3,0,0.1039566988492935,0.039968568831682205,0.07822994110447122,0.08305306732654572
"(210, 233)",9,3,0,0.12658971300418295,0.049989357590675354,0.1179251138512512,0.09129837900400162
"(211, 214)",9,3,0,0.20763802642098467,0.22638428211212158,0.13824968815618152,0.12556780874729156
"(211, 215)",9,3,0,0.16316174831070385,0.3031814396381378,0.17695027153505608,0.1948736310005188
"(211, 216)",9,3,0,0.14584689046191981,0.09734484553337097,0.1369122738018305,0.14447419345378876
"(211, 217)",9,3,0,0.16618996897681015,0.13582710921764374,0.1224085877292383,0.10179290175437927
"(211, 218)",9,3,0,0.11730414125269788,0.17141389846801758,0.10451429753669346,0.09380190074443817
"(211, 219)",9,3,1,0.18770899794090123,0.22032837569713593,0.2157373039302779,0.16180987656116486
"(211, 220)",9,3,0,0.2728964106424152,0.33583864569664,0.2523507754408802,0.2480887621641159
"(211, 221)",9,3,0,0.07599321672746666,0.1959303468465805,0.09509771161354692,0.07005808502435684
"(211, 222)",9,3,0,0.10116574797260001,0.08091261237859726,0.12192823522714308,0.1555960476398468
"(211, 223)",9,3,0,0.15391869834187868,0.18299292027950287,0.17236637368139357,0.13988366723060608
"(211, 224)",9,3,0,0.09180718731591041,0.1187419518828392,0.10226243426921464,0.09561515599489212
"(211, 225)",9,3,0,0.12268220641872761,0.2043287605047226,0.12042945203212098,0.13303488492965698
"(211, 226)",9,3,0,0.286232898157974,0.3219168186187744,0.17141201136353212,0.2823447287082672
"(211, 227)",9,3,0,0.12352376004101555,0.24341599643230438,0.11014833975642396,0.1355372965335846
"(211, 228)",9,3,0,0.08416570260799089,0.12874434888362885,0.10099725453537965,0.07435358315706253
"(211, 229)",9,3,0,0.11837096908852851,0.09574608504772186,0.10231917273989556,0.06303556263446808
"(211, 230)",9,3,1,0.045246886175807625,0.038500722497701645,0.08306111167699669,0.14620254933834076
"(211, 231)",9,3,0,0.16960725428470314,0.16851991415023804,0.1936244648318721,0.1610761433839798
"(211, 232)",9,3,0,0.14487307396052138,0.05722079426050186,0.14171754107081602,0.16339580714702606
"(211, 233)",9,3,0,0.19857029667172346,0.18471133708953857,0.22401354238980853,0.16436494886875153
"(212, 214)",9,3,0,0.22561640205838607,0.15694473683834076,0.14189001616507313,0.10752946883440018
"(212, 215)",9,3,1,0.23762949337031156,0.14739196002483368,0.2612665814395825,0.27606871724128723
"(212, 216)",9,3,0,0.21389477431658532,0.08860405534505844,0.19975108825599125,0.22972889244556427
"(212, 217)",9,3,1,0.17836868706067086,0.11451646685600281,0.12153480207074294,0.09251879900693893
"(212, 218)",9,3,0,0.12857444259487003,0.09471385926008224,0.10195158247360643,0.08749967813491821
"(212, 219)",9,3,1,0.2732429259492266,0.20306071639060974,0.27107799426489004,0.23140637576580048
"(212, 220)",9,3,0,0.2325071812385897,0.20194892585277557,0.21553152158297123,0.20130012929439545
"(212, 221)",9,3,1,0.12772273866578165,0.1703285425901413,0.1775658359178007,0.14704588055610657
"(212, 222)",9,3,0,0.11016501383082608,0.030112972483038902,0.13126409160222047,0.140420064330101
"(212, 223)",9,3,0,0.15321029778523432,0.12143402546644211,0.18509723790207908,0.13420745730400085
"(212, 224)",9,3,1,0.09228582947181566,0.05968959629535675,0.0988064912524625,0.0712856724858284
"(212, 225)",9,3,0,0.1967137041954645,0.14542235434055328,0.2471884225389913,0.29583218693733215
"(212, 226)",9,3,1,0.37523521654964503,0.30940550565719604,0.24806936520948739,0.2996729016304016
"(212, 227)",9,3,0,0.18232860054975808,0.17675435543060303,0.17837034136993885,0.18144044280052185
"(212, 228)",9,3,1,0.09980529113806222,0.05259733647108078,0.12984586769293968,0.06099379435181618
"(212, 229)",9,3,0,0.11687976716771747,0.08469484746456146,0.0895691864582525,0.0559566505253315
"(212, 230)",9,3,0,0.03046521680058319,0.01626559905707836,0.05641881600860712,0.10257740318775177
"(212, 231)",9,3,1,0.14064600604647323,0.0654669925570488,0.19497656318494455,0.13521522283554077
"(212, 232)",9,3,0,0.10362144987762519,0.04398953542113304,0.10846646508246964,0.1027161031961441
"(212, 233)",9,3,1,0.14821504690221196,0.06021207943558693,0.1779628107624629,0.11117998510599136
"(213, 214)",9,3,0,0.26285679539205914,0.15668432414531708,0.14384952692131217,0.11103430390357971
"(213, 215)",9,3,0,0.19011393931181628,0.13605834543704987,0.18972286442405692,0.16558639705181122
"(213, 216)",9,3,0,0.15644451449233276,0.09062568843364716,0.11554522274193454,0.07719407975673676
"(213, 217)",9,3,1,0.19525869903487594,0.11761733889579773,0.11020808438027974,0.05913269519805908
"(213, 218)",9,3,0,0.15218139947353362,0.13207127153873444,0.10632134004739131,0.07137584686279297
"(213, 219)",9,3,0,0.22196309015625582,0.14781242609024048,0.19741989697509646,0.1252879798412323
"(213, 220)",9,3,0,0.3521659919623768,0.41470494866371155,0.2924933028211326,0.27920833230018616
"(213, 221)",9,3,0,0.09024975901320945,0.10201850533485413,0.10241343000563499,0.05238701030611992
"(213, 222)",9,3,0,0.11140209978042996,0.03874944522976875,0.10539179858031943,0.061590444296598434
"(213, 223)",9,3,0,0.15411027351979134,0.11074984818696976,0.14607554313497434,0.09386786073446274
"(213, 224)",9,3,0,0.09270835299056117,0.04118651524186134,0.08143380025130287,0.03408520296216011
"(213, 225)",9,3,0,0.14206198664866537,0.2223823368549347,0.16463805938214565,0.1051170751452446
"(213, 226)",9,3,0,0.3337061841161278,0.29733315110206604,0.15935283330990274,0.21109628677368164
"(213, 227)",9,3,1,0.14528998674442206,0.24496205151081085,0.10592771050901054,0.0694659873843193
"(213, 228)",9,3,0,0.11958950635514713,0.08958740532398224,0.130002760130329,0.048001520335674286
"(213, 229)",9,3,0,0.11742734789498736,0.08817723393440247,0.07873604577307404,0.033489979803562164
"(213, 230)",9,3,0,0.04468807686734677,0.019092613831162453,0.06187740223713426,0.07583390176296234
"(213, 231)",9,3,0,0.1971904517259964,0.26110297441482544,0.23659094559168553,0.14691570401191711
"(213, 232)",9,3,0,0.14594772513425025,0.07212696224451065,0.11885001522256057,0.0663292184472084
"(213, 233)",9,3,0,0.2104335515735813,0.19532935321331024,0.22017965900529116,0.13740526139736176
"(234, 243)",10,2,0,0.17240416501311695,0.1407010406255722,0.20120795858836263,0.14700347185134888
"(234, 244)",10,2,0,0.1125429351937707,0.04361066222190857,0.09680442773634731,0.04822637140750885
"(234, 245)",10,2,0,0.14455721797416363,0.05840156227350235,0.14617351878888252,0.164693221449852
"(234, 246)",10,2,0,0.07783109911208765,0.08463893085718155,0.10745955498832688,0.1281318962574005
"(234, 247)",10,2,0,0.07057117958251546,0.04946508631110191,0.11712744972561652,0.08888046443462372
"(234, 248)",10,2,0,0.21064308527158154,0.1781645566225052,0.38425315141646277,0.30108344554901123
"(234, 249)",10,2,0,0.13759059372541885,0.08589831739664078,0.22532402799904125,0.18838731944561005
"(234, 250)",10,2,0,0.2709627475432519,0.38623231649398804,0.4202335041745808,0.4844687581062317
"(234, 251)",10,2,0,0.14725326637889977,0.0790020078420639,0.24512762386264483,0.17289063334465027
"(235, 243)",10,2,1,0.1647811273753825,0.17781589925289154,0.22099988379718088,0.1598575860261917
"(235, 244)",10,2,0,0.10272161060979931,0.07681280374526978,0.10779638072780995,0.11444012820720673
"(235, 245)",10,2,0,0.13905770472187673,0.10010787099599838,0.16156785011451172,0.30865809321403503
"(235, 246)",10,2,0,0.07812740956566046,0.10391093045473099,0.12023697746903092,0.18417653441429138
"(235, 247)",10,2,0,0.06254699437040938,0.09235430508852005,0.08819934145462735,0.08758141845464706
"(235, 248)",10,2,1,0.1876552992507755,0.34538009762763977,0.293471750698398,0.33538365364074707
"(235, 249)",10,2,0,0.1203395520118808,0.19176489114761353,0.15491003619037114,0.22142861783504486
"(235, 250)",10,2,0,0.24748633507519427,0.3423851728439331,0.3200821766301285,0.4319256842136383
"(235, 251)",10,2,0,0.13659646988782453,0.19044797122478485,0.18394512129230228,0.25399845838546753
"(236, 243)",10,2,0,0.16728201058622358,0.14963892102241516,0.18490098434234684,0.11561048775911331
"(236, 244)",10,2,0,0.09796828177912865,0.07155375927686691,0.07634214726774124,0.04155367240309715
"(236, 245)",10,2,0,0.14171609552740044,0.058532360941171646,0.13122015596853806,0.16795438528060913
"(236, 246)",10,2,0,0.0995726922043319,0.20903928577899933,0.15095330361470086,0.14654283225536346
"(236, 247)",10,2,0,0.0930475089209575,0.05217497795820236,0.16915374644674905,0.05104196071624756
"(236, 248)",10,2,0,0.21451361745833616,0.24737225472927094,0.33038774090484135,0.3032081127166748
"(236, 249)",10,2,0,0.14558519662853284,0.12328358739614487,0.15717562052118203,0.13221609592437744
"(236, 250)",10,2,0,0.27513613640168766,0.24205070734024048,0.3117451455888758,0.43486344814300537
"(236, 251)",10,2,0,0.16476770171782512,0.0959823727607727,0.20099217089429036,0.1575160026550293
"(237, 243)",10,2,0,0.06946617906912646,0.1438484936952591,0.0924830792823604,0.0769708901643753
"(237, 244)",10,2,0,0.05367909559604031,0.0962873175740242,0.04242427131091003,0.054978158324956894
"(237, 245)",10,2,0,0.12005311292399079,0.22991210222244263,0.11072527289836757,0.2050541192293167
"(237, 246)",10,2,0,0.030497628796492787,0.0977025106549263,0.0515668688829117,0.06797429174184799
"(237, 247)",10,2,0,0.025334908839359037,0.1414560079574585,0.030183101605803453,0.037774261087179184
"(237, 248)",10,2,0,0.08100569878784512,0.2587822377681732,0.14002809151690337,0.12358319759368896
"(237, 249)",10,2,0,0.07767976132386162,0.23640578985214233,0.07158401986087283,0.10920090973377228
"(237, 250)",10,2,1,0.09322472675612063,0.29192623496055603,0.11811923440036307,0.27327635884284973
"(237, 251)",10,2,0,0.1295159573879699,0.1824629008769989,0.14134317124355925,0.1291618049144745
"(238, 243)",10,2,0,0.19171975204414593,0.16392183303833008,0.23930856411796603,0.23582234978675842
"(238, 244)",10,2,1,0.11516273222296095,0.06251374632120132,0.12089838470995581,0.07232680916786194
"(238, 245)",10,2,0,0.1642840985792457,0.08540724217891693,0.15533702397947782,0.20552051067352295
"(238, 246)",10,2,0,0.06972232578258647,0.08553335815668106,0.1474702701979344,0.15846170485019684
"(238, 247)",10,2,0,0.058674957528871675,0.03774312883615494,0.073192235872006,0.058709945529699326
"(238, 248)",10,2,0,0.23494249622922317,0.2974075675010681,0.3372322417223716,0.29497843980789185
"(238, 249)",10,2,0,0.15755713905185267,0.09319766610860825,0.16201537589049372,0.2185385376214981
"(238, 250)",10,2,1,0.268826876878746,0.1365732103586197,0.28186194184780006,0.4647201597690582
"(238, 251)",10,2,0,0.17247416948872105,0.1050848439335823,0.21002835107226986,0.2809559106826782
"(239, 243)",10,2,0,0.12346890179393374,0.2169235646724701,0.13897055928475135,0.08240686357021332
"(239, 244)",10,2,0,0.09701731978121673,0.0700296089053154,0.0692601612763971,0.03203659504652023
"(239, 245)",10,2,1,0.16091894479069713,0.2116122990846634,0.12970817619124797,0.22038131952285767
"(239, 246)",10,2,0,0.07159523186565232,0.11750970780849457,0.0994143085069057,0.12362415343523026
"(239, 247)",10,2,0,0.057596554705786396,0.0791652500629425,0.07822626208289724,0.07600124925374985
"(239, 248)",10,2,0,0.1407184411409596,0.18168525397777557,0.20007211389708654,0.16870544850826263
"(239, 249)",10,2,0,0.14946379918289607,0.20649607479572296,0.12700658743690452,0.1293448507785797
"(239, 250)",10,2,0,0.16037280223468617,0.1725798398256302,0.2011893396567233,0.36604857444763184
"(239, 251)",10,2,0,0.16539395968515128,0.09937703609466553,0.14532212629250338,0.101773701608181
"(240, 243)",10,2,0,0.2167751042182148,0.08446338027715683,0.1940322937836235,0.09161972254514694
"(240, 244)",10,2,0,0.1847734151155888,0.06468024849891663,0.13696392214077255,0.06521476060152054
"(240, 245)",10,2,0,0.18760159633350743,0.20053812861442566,0.12513847073420023,0.258790522813797
"(240, 246)",10,2,0,0.09181924677034789,0.042869891971349716,0.11922145182684141,0.06285242736339569
"(240, 247)",10,2,0,0.09454484726384906,0.1058507040143013,0.10237101278185735,0.11961591243743896
"(240, 248)",10,2,0,0.34145343834174424,0.19876976311206818,0.38747183364680216,0.24453267455101013
"(240, 249)",10,2,0,0.22030577784531252,0.1849149763584137,0.20083306106869528,0.19551219046115875
"(240, 250)",10,2,1,0.2905827257909939,0.09350034594535828,0.26846238151635476,0.30049359798431396
"(240, 251)",10,2,0,0.19545412959951622,0.13853441178798676,0.1938803966372689,0.13669149577617645
"(241, 243)",10,2,1,0.1666714566110846,0.10087929666042328,0.0806616321741797,0.10726562887430191
"(241, 244)",10,2,0,0.13688723141733605,0.07794716954231262,0.054084892655882406,0.05231578275561333
"(241, 245)",10,2,0,0.15882161525001073,0.07774466276168823,0.05723369367644096,0.1574113667011261
"(241, 246)",10,2,0,0.056325447022484806,0.06400807201862335,0.04800463123824681,0.10017278790473938
"(241, 247)",10,2,0,0.055195967820401315,0.03203113004565239,0.03919930908303496,0.05871452018618584
"(241, 248)",10,2,1,0.26503422190763365,0.25128206610679626,0.21589812341893871,0.20483751595020294
"(241, 249)",10,2,0,0.19547800458777548,0.14133021235466003,0.09130701810358852,0.10976897180080414
"(241, 250)",10,2,1,0.22712391632869056,0.09959887713193893,0.10588344707794607,0.21777138113975525
"(241, 251)",10,2,0,0.16206839513846055,0.09677914530038834,0.0953322317484599,0.12427711486816406
"(242, 243)",10,2,1,0.1729043210643587,0.26344969868659973,0.19864382222222307,0.14993742108345032
"(242, 244)",10,2,0,0.11045506485785017,0.11522045731544495,0.09149765787972446,0.06884150207042694
"(242, 245)",10,2,0,0.15079848691179015,0.1430903822183609,0.1382905633496546,0.2710152268409729
"(242, 246)",10,2,1,0.07328554033574514,0.1735004186630249,0.10369406501568887,0.17307397723197937
"(242, 247)",10,2,0,0.06603899258514992,0.10193150490522385,0.09950787965197888,0.09780162572860718
"(242, 248)",10,2,1,0.20176774368135866,0.41488680243492126,0.31262070244204077,0.34892475605010986
"(242, 249)",10,2,0,0.13111430739158253,0.1780974566936493,0.16835119630843218,0.21349823474884033
"(242, 250)",10,2,1,0.24534681340448256,0.3819016218185425,0.33347304131924954,0.4568876624107361
"(242, 251)",10,2,1,0.15233485585512796,0.176102414727211,0.19192605457236855,0.16871747374534607
"(252, 273)",11,1,0,0.3172333734892008,0.19076448678970337,0.2739406291834824,0.1792760193347931
"(252, 274)",11,1,1,0.4434111433217537,0.19839663803577423,0.4469036219620962,0.3119290769100189
"(252, 275)",11,1,0,0.31452035979410775,0.17825299501419067,0.2103514836952423,0.1852046698331833
"(252, 276)",11,1,0,0.3481142190588935,0.13625042140483856,0.2835065250449945,0.15879952907562256
"(252, 277)",11,1,0,0.2642813547146821,0.16611935198307037,0.23910537015601807,0.21450389921665192
"(252, 278)",11,1,0,0.46078185429059226,0.46769705414772034,0.38539581019807484,0.3302411139011383
"(252, 279)",11,1,0,0.3226319055699087,0.1375841349363327,0.30920559199862113,0.1299843192100525
"(252, 280)",11,1,0,0.3375867387280872,0.24686816334724426,0.30140582937813226,0.31495729088783264
"(252, 281)",11,1,0,0.27288790220936815,0.10603807121515274,0.17173216308102243,0.14116303622722626
"(252, 282)",11,1,0,0.38466345920884426,0.2786155939102173,0.3527190573485042,0.20441129803657532
"(252, 283)",11,1,0,0.34204533255486563,0.10970529168844223,0.23626684153054503,0.15556864440441132
"(252, 284)",11,1,0,0.404826687925441,0.1981332004070282,0.3086610888724941,0.2644851505756378
"(252, 285)",11,1,0,0.2754293024201866,0.3441524803638458,0.28196968811731954,0.31196606159210205
"(252, 286)",11,1,0,0.2617644549811079,0.05110054835677147,0.23001182123340116,0.1352706253528595
"(252, 287)",11,1,0,0.25499803443017466,0.2440861165523529,0.21620427138162257,0.1481563299894333
"(252, 288)",11,1,0,0.32414025668800256,0.10236793756484985,0.26835498727796236,0.25923874974250793
"(252, 289)",11,1,0,0.35853131747010586,0.2314371019601822,0.25320762790033885,0.24952295422554016
"(252, 290)",11,1,0,0.30810225830550714,0.07240945100784302,0.19013939409667666,0.19031596183776855
"(252, 291)",11,1,1,0.29069326892020675,0.19208212196826935,0.20929629294757732,0.15332096815109253
"(252, 292)",11,1,0,0.4714881206400906,0.4139963984489441,0.3536033378692676,0.1770915687084198
"(252, 293)",11,1,0,0.45313707364934097,0.2671748399734497,0.4025901427889239,0.23951417207717896
"(253, 273)",11,1,0,0.13441522609943862,0.14165560901165009,0.0886860761132358,0.050770342350006104
"(253, 274)",11,1,1,0.19610807624424217,0.10642736405134201,0.2089292765766559,0.2273726612329483
"(253, 275)",11,1,0,0.12874667893374153,0.14171278476715088,0.0739271732986841,0.12946182489395142
"(253, 276)",11,1,0,0.1446281398375495,0.08007118105888367,0.11387912812127943,0.06369665265083313
"(253, 277)",11,1,0,0.1278931764773102,0.2206263244152069,0.14123684732373812,0.12071490287780762
"(253, 278)",11,1,0,0.25638912587294427,0.2939503490924835,0.17740219910386085,0.12776917219161987
"(253, 279)",11,1,0,0.13297434021457494,0.11837976425886154,0.11968816330263642,0.07739182561635971
"(253, 280)",11,1,0,0.13532703200915638,0.3101840019226074,0.12296444435657415,0.17837928235530853
"(253, 281)",11,1,0,0.15709872251644683,0.19641825556755066,0.12160384929502574,0.0918995663523674
"(253, 282)",11,1,0,0.16025932771996038,0.10243628919124603,0.15782961734839387,0.06977339833974838
"(253, 283)",11,1,0,0.14321856833560395,0.051658473908901215,0.11689100897244205,0.11031544953584671
"(253, 284)",11,1,0,0.17014276331668923,0.20901045203208923,0.12261142429424313,0.11848755180835724
"(253, 285)",11,1,1,0.13363546636691317,0.22418896853923798,0.19967114260068727,0.13694898784160614
"(253, 286)",11,1,0,0.10050832008921946,0.05234435945749283,0.11594562751224798,0.12654203176498413
"(253, 287)",11,1,0,0.08593848352811359,0.12292300164699554,0.10374601735620244,0.07214600592851639
"(253, 288)",11,1,0,0.15760631195391617,0.14500018954277039,0.18144036687324624,0.13606393337249756
"(253, 289)",11,1,0,0.1437449644913303,0.07535400986671448,0.1781112075542625,0.11919446289539337
"(253, 290)",11,1,0,0.15086463550031656,0.04314308986067772,0.09685362972233612,0.08815845847129822
"(253, 291)",11,1,0,0.11486665083795879,0.07058707624673843,0.13606738419164616,0.10318109393119812
"(253, 292)",11,1,0,0.17443476438518188,0.13562455773353577,0.12230114727254794,0.04811284691095352
"(253, 293)",11,1,0,0.17679102991399004,0.17154701054096222,0.12509714713483433,0.10232831537723541
"(254, 273)",11,1,0,0.19785265617678174,0.17381124198436737,0.1709444950659602,0.1516083925962448
"(254, 274)",11,1,0,0.3168344211819345,0.22213353216648102,0.1918258044593555,0.32361629605293274
"(254, 275)",11,1,0,0.2856953578806143,0.1968553513288498,0.13974734205299216,0.23028504848480225
"(254, 276)",11,1,0,0.2630797392604518,0.1263432800769806,0.18545893418966836,0.21040526032447815
"(254, 277)",11,1,0,0.20665018143326064,0.06370808184146881,0.1728775744763119,0.17541658878326416
"(254, 278)",11,1,0,0.3248335638277627,0.20561949908733368,0.27808722753015586,0.16989655792713165
"(254, 279)",11,1,0,0.24976182817887108,0.19083775579929352,0.21324404670902877,0.22786985337734222
"(254, 280)",11,1,0,0.24984166031043534,0.32294198870658875,0.1982585607795117,0.2760898172855377
"(254, 281)",11,1,0,0.1893773414162545,0.12446951121091843,0.10213016607401446,0.11481080949306488
"(254, 282)",11,1,0,0.29479009017744506,0.15760204195976257,0.20226522024959323,0.10302107036113739
"(254, 283)",11,1,0,0.2268797194469126,0.06782405823469162,0.12370026911864096,0.11238494515419006
"(254, 284)",11,1,0,0.29268716002407574,0.15084363520145416,0.2102206588138676,0.19044813513755798
"(254, 285)",11,1,0,0.2007588242497588,0.13664044439792633,0.13910212792371293,0.1144038587808609
"(254, 286)",11,1,0,0.22781846349258258,0.05946040898561478,0.15762969480294045,0.24253207445144653
"(254, 287)",11,1,0,0.17190521789614893,0.11763573437929153,0.08805422855349244,0.061264198273420334
"(254, 288)",11,1,0,0.21749776899770906,0.13628356158733368,0.1684640436249859,0.20510387420654297
"(254, 289)",11,1,0,0.2142325299604531,0.17835788428783417,0.11747471312684861,0.15688098967075348
"(254, 290)",11,1,0,0.18862308356483026,0.036628127098083496,0.09371117139541224,0.17079614102840424
"(254, 291)",11,1,0,0.17792861075598587,0.1998884230852127,0.0934899760689143,0.10379134118556976
"(254, 292)",11,1,0,0.2679483686743168,0.2304570972919464,0.15965095683855962,0.10234232991933823
"(254, 293)",11,1,0,0.2629010946867722,0.20808322727680206,0.15505517851868292,0.15321239829063416
"(255, 273)",11,1,0,0.17426338202802483,0.121922068297863,0.15956774389002024,0.17697227001190186
"(255, 274)",11,1,0,0.23578670109054295,0.15433335304260254,0.21886511140578285,0.36009901762008667
"(255, 275)",11,1,0,0.1873585824420716,0.11213308572769165,0.12928454876777118,0.23201186954975128
"(255, 276)",11,1,0,0.2174148021804378,0.10963840782642365,0.17770289074794451,0.15849274396896362
"(255, 277)",11,1,0,0.16814184680704702,0.05330486595630646,0.16512641027067754,0.23545953631401062
"(255, 278)",11,1,0,0.22652098426128026,0.10408706218004227,0.19813508100507987,0.19986969232559204
"(255, 279)",11,1,0,0.19566701028622144,0.05224907398223877,0.19029926891342028,0.16110830008983612
"(255, 280)",11,1,0,0.2030569934795654,0.15896493196487427,0.1885701994685261,0.32250919938087463
"(255, 281)",11,1,0,0.14249556691466214,0.08898886293172836,0.08958680627234504,0.1363387107849121
"(255, 282)",11,1,0,0.2417762329237298,0.15205270051956177,0.24785465704313586,0.23718777298927307
"(255, 283)",11,1,0,0.18883245105713228,0.03391505777835846,0.17408467101859548,0.2597680389881134
"(255, 284)",11,1,0,0.22062561196660097,0.12463843077421188,0.18040688960507822,0.29171961545944214
"(255, 285)",11,1,0,0.14647240978387174,0.04757625609636307,0.18837758113110742,0.3176642656326294
"(255, 286)",11,1,0,0.13519195266025444,0.035736698657274246,0.1280363859177368,0.14876998960971832
"(255, 287)",11,1,0,0.12286620341924774,0.050300851464271545,0.14943427632578757,0.23437289893627167
"(255, 288)",11,1,0,0.1668462312447853,0.0645800530910492,0.1552986582382119,0.21856342256069183
"(255, 289)",11,1,0,0.17930050610236045,0.03383483737707138,0.2038718355140087,0.35339513421058655
"(255, 290)",11,1,0,0.17104814712948274,0.034809764474630356,0.12257526047409255,0.1958824098110199
"(255, 291)",11,1,0,0.19052345416471675,0.0706816017627716,0.23108973473735797,0.29665607213974
"(255, 292)",11,1,0,0.21564010624645505,0.04085756093263626,0.17740656842252028,0.14773854613304138
"(255, 293)",11,1,0,0.21630710849432563,0.21547232568264008,0.18977483794553915,0.25575652718544006
"(256, 273)",11,1,0,0.20787378378404187,0.41769641637802124,0.09740264675883761,0.1657894104719162
"(256, 274)",11,1,0,0.34375021234386294,0.4650574028491974,0.1875677113240793,0.30147871375083923
"(256, 275)",11,1,0,0.26247025381728206,0.3541497588157654,0.09457177481033419,0.23650579154491425
"(256, 276)",11,1,0,0.23846346831899334,0.21243014931678772,0.10496253406378339,0.1398555189371109
"(256, 277)",11,1,0,0.21571928548705985,0.2029096484184265,0.12121375297917683,0.16489677131175995
"(256, 278)",11,1,0,0.3025152252320522,0.575456976890564,0.16678929595348613,0.28252270817756653
"(256, 279)",11,1,1,0.24343563315424524,0.3769424855709076,0.12730736364284628,0.20457090437412262
"(256, 280)",11,1,0,0.2504283711910637,0.38949447870254517,0.12698975069662777,0.32306960225105286
"(256, 281)",11,1,0,0.20777170223212174,0.24469786882400513,0.07965091340942183,0.17893436551094055
"(256, 282)",11,1,1,0.32239509325255095,0.48979344964027405,0.20271334612383976,0.209937185049057
"(256, 283)",11,1,0,0.24316683574818024,0.31602293252944946,0.14062244564565152,0.27769604325294495
"(256, 284)",11,1,0,0.2900382677275629,0.4000170826911926,0.1511669403910254,0.309209942817688
"(256, 285)",11,1,0,0.24579948165471885,0.49054718017578125,0.17916871645213184,0.42635858058929443
"(256, 286)",11,1,0,0.20620379482897705,0.2226824015378952,0.10945079369313547,0.26100656390190125
"(256, 287)",11,1,0,0.19761368359571993,0.2837052345275879,0.13162300072250552,0.156929150223732
"(256, 288)",11,1,0,0.21918075736957635,0.25097939372062683,0.12937052739854538,0.18662236630916595
"(256, 289)",11,1,1,0.24039017519309464,0.3766254186630249,0.17600212573251725,0.33848506212234497
"(256, 290)",11,1,0,0.1872346515573999,0.11093531548976898,0.07346586799880128,0.18744315207004547
"(256, 291)",11,1,0,0.21240480999623557,0.2510932683944702,0.1664022116887629,0.23188041150569916
"(256, 292)",11,1,0,0.281147237896054,0.513001024723053,0.1449638619883844,0.19996507465839386
"(256, 293)",11,1,0,0.27711922860350907,0.5109912753105164,0.142642868473157,0.24662309885025024
"(257, 273)",11,1,0,0.11086586832634682,0.025095462799072266,0.19164361403495564,0.07741747051477432
"(257, 274)",11,1,0,0.18368528269313494,0.05192889645695686,0.2438753427303287,0.2327934354543686
"(257, 275)",11,1,0,0.14251650887510867,0.04679957404732704,0.14849996639060586,0.11761310696601868
"(257, 276)",11,1,0,0.1569282144799554,0.029125375673174858,0.2348210581232101,0.12264296412467957
"(257, 277)",11,1,0,0.10888128058873951,0.021027371287345886,0.1954205011290028,0.14274105429649353
"(257, 278)",11,1,0,0.20155074622349986,0.0459192655980587,0.3393620497945715,0.18017107248306274
"(257, 279)",11,1,0,0.1370237545795904,0.029766201972961426,0.23673690970169148,0.11297193914651871
"(257, 280)",11,1,0,0.14106136110387194,0.035759519785642624,0.22849859411026183,0.11565656960010529
"(257, 281)",11,1,0,0.10096572983438903,0.04919738322496414,0.12829160994295014,0.0734998881816864
"(257, 282)",11,1,0,0.1562386180817631,0.05372130870819092,0.22313272544718402,0.10992514342069626
"(257, 283)",11,1,0,0.12113790778500653,0.02445695362985134,0.13411764439108975,0.10159847140312195
"(257, 284)",11,1,0,0.16542771805664291,0.025539323687553406,0.24385224402659048,0.12961843609809875
"(257, 285)",11,1,0,0.11235475232319674,0.06025787070393562,0.18305424699278364,0.14650140702724457
"(257, 286)",11,1,0,0.1105257227907689,0.03333958238363266,0.19039420241838254,0.16273899376392365
"(257, 287)",11,1,0,0.08112501044261193,0.028406886383891106,0.1013383871419334,0.03624453395605087
"(257, 288)",11,1,0,0.11594106017173413,0.0377604104578495,0.20829839231082903,0.1593441516160965
"(257, 289)",11,1,0,0.1225559123425633,0.052328381687402725,0.17292725717896038,0.1312555968761444
"(257, 290)",11,1,0,0.10677217901874483,0.012354443781077862,0.13576290810343045,0.07064241915941238
"(257, 291)",11,1,0,0.09552821238097148,0.039877042174339294,0.1223059686394631,0.09036518633365631
"(257, 292)",11,1,0,0.16264362922070366,0.06984694302082062,0.20049777575126748,0.08608194440603256
"(257, 293)",11,1,0,0.14681617935733007,0.05951318517327309,0.18265138326465827,0.12254118919372559
"(258, 273)",11,1,0,0.1684665998661637,0.11691304296255112,0.13151004955359635,0.09069371223449707
"(258, 274)",11,1,0,0.2622118218888084,0.16055166721343994,0.24702839085389314,0.19684410095214844
"(258, 275)",11,1,0,0.19717624759998154,0.15755623579025269,0.11481851246129345,0.2027020901441574
"(258, 276)",11,1,1,0.22231749161625275,0.1333020180463791,0.18410788936817155,0.09660523384809494
"(258, 277)",11,1,1,0.1797307564298271,0.04461288824677467,0.15170987527806354,0.20101654529571533
"(258, 278)",11,1,0,0.2767216197621257,0.181695818901062,0.23484976543170996,0.2236318737268448
"(258, 279)",11,1,0,0.21189361435652743,0.11419537663459778,0.17408100899121204,0.08965396881103516
"(258, 280)",11,1,1,0.2196877593011397,0.16306111216545105,0.18440663987905062,0.22476798295974731
"(258, 281)",11,1,0,0.15573576960288918,0.11503704637289047,0.10745989913703292,0.08454123884439468
"(258, 282)",11,1,1,0.2501635606532441,0.12723731994628906,0.20583893542962287,0.10572895407676697
"(258, 283)",11,1,1,0.2099674473111604,0.05105319246649742,0.1307600229558718,0.10508731007575989
"(258, 284)",11,1,1,0.23389194550388312,0.12987343966960907,0.17009884638698614,0.20007294416427612
"(258, 285)",11,1,0,0.1712893112706566,0.09937329590320587,0.2473840641981985,0.2993896007537842
"(258, 286)",11,1,0,0.1646249947972427,0.0659826248884201,0.16248995529684382,0.148064523935318
"(258, 287)",11,1,0,0.125712111779873,0.059637635946273804,0.10559863977247341,0.11480770260095596
"(258, 288)",11,1,0,0.18836054844922032,0.1166754737496376,0.19070219742336222,0.17571623623371124
"(258, 289)",11,1,0,0.21615929048425936,0.2367742359638214,0.21470376378816475,0.22497445344924927
"(258, 290)",11,1,0,0.15340955570008938,0.057593345642089844,0.13996664760325264,0.09233267605304718
"(258, 291)",11,1,0,0.16649310040041562,0.16992604732513428,0.1495001505443854,0.12888847291469574
"(258, 292)",11,1,1,0.2558848603180958,0.10046028345823288,0.18451496507047002,0.09151402860879898
"(258, 293)",11,1,0,0.23402473137763963,0.11641663312911987,0.18072104166216546,0.15861766040325165
"(259, 273)",11,1,0,0.16664296567985065,0.1742498129606247,0.25772317516659476,0.14565345644950867
"(259, 274)",11,1,0,0.22466266525431608,0.17994673550128937,0.2510646938387498,0.2812129259109497
"(259, 275)",11,1,0,0.1786990680099682,0.32634520530700684,0.17589352725877735,0.1741470992565155
"(259, 276)",11,1,0,0.23691849190130723,0.17855454981327057,0.30220943370339876,0.20311515033245087
"(259, 277)",11,1,1,0.16813995286741215,0.04292432591319084,0.2591333798983531,0.22135759890079498
"(259, 278)",11,1,0,0.24922246609495116,0.36172953248023987,0.35673954243137934,0.2964414954185486
"(259, 279)",11,1,0,0.2146882548280192,0.18826445937156677,0.31860737220532703,0.2178158015012741
"(259, 280)",11,1,0,0.21829787304339057,0.18058983981609344,0.30208670293026113,0.27042534947395325
"(259, 281)",11,1,0,0.12979396648909994,0.08496144413948059,0.13592162801062369,0.08813568204641342
"(259, 282)",11,1,0,0.21078488757867328,0.17321020364761353,0.26230487534375607,0.21243014931678772
"(259, 283)",11,1,0,0.16850162163475366,0.06554591655731201,0.16801931853635357,0.19619648158550262
"(259, 284)",11,1,0,0.20995480872379063,0.14773012697696686,0.263138389868211,0.22351296246051788
"(259, 285)",11,1,0,0.1269197772293936,0.05489279329776764,0.1725306108082803,0.1881372630596161
"(259, 286)",11,1,0,0.1339080507758122,0.05354201793670654,0.1924568934797152,0.11459748446941376
"(259, 287)",11,1,0,0.09830996384140372,0.05264902114868164,0.10887860568286813,0.1033015251159668
"(259, 288)",11,1,0,0.1650865915413562,0.11114972084760666,0.23210771402557334,0.22525793313980103
"(259, 289)",11,1,0,0.17039876270252532,0.10629142075777054,0.17866051821689777,0.19213168323040009
"(259, 290)",11,1,0,0.1633622283569333,0.11555434763431549,0.16084812030750303,0.1205897107720375
"(259, 291)",11,1,0,0.1589930614623481,0.16684848070144653,0.16146699443029908,0.1269678920507431
"(259, 292)",11,1,0,0.2145432895429776,0.13360129296779633,0.22785684776274948,0.16089019179344177
"(259, 293)",11,1,0,0.1931907871148423,0.22426848113536835,0.19917479389958584,0.23364588618278503
"(260, 273)",11,1,0,0.15635521626685814,0.1291256546974182,0.1318225332705565,0.10735972970724106
"(260, 274)",11,1,0,0.19781691330295845,0.13355223834514618,0.2018859176198938,0.22087256610393524
"(260, 275)",11,1,0,0.1536728109270832,0.06179795041680336,0.09283678954059559,0.1374659687280655
"(260, 276)",11,1,1,0.18484964810194565,0.11373966932296753,0.15464145430555187,0.11120998114347458
"(260, 277)",11,1,1,0.1430842981912983,0.1153331995010376,0.1576973041726534,0.23628239333629608
"(260, 278)",11,1,0,0.21452612280353073,0.14751915633678436,0.19560794420390665,0.1620113104581833
"(260, 279)",11,1,0,0.17112357341684736,0.11642787605524063,0.16963023064001864,0.1413199007511139
"(260, 280)",11,1,1,0.1795410999433366,0.19844640791416168,0.1772718781060356,0.2539523243904114
"(260, 281)",11,1,0,0.12672115645735108,0.09182997047901154,0.08345293624680263,0.10830450803041458
"(260, 282)",11,1,1,0.19442166075292838,0.14527647197246552,0.197775728163999,0.1326209306716919
"(260, 283)",11,1,0,0.16961362086217008,0.04798559844493866,0.14443950914293335,0.14572103321552277
"(260, 284)",11,1,0,0.19382624949380403,0.11841025948524475,0.14831621189335834,0.1902369260787964
"(260, 285)",11,1,1,0.11878595654683406,0.045757561922073364,0.15776839242388785,0.22137074172496796
"(260, 286)",11,1,0,0.11474772385744668,0.02870243974030018,0.12782925130111678,0.14258958399295807
"(260, 287)",11,1,0,0.09866632477919374,0.10140509158372879,0.12251792827449191,0.1110084280371666
"(260, 288)",11,1,0,0.15896450837669265,0.08680141717195511,0.1676262120515269,0.19567355513572693
"(260, 289)",11,1,0,0.1633476422228007,0.0889967530965805,0.19326889692261223,0.22349140048027039
"(260, 290)",11,1,0,0.15155671875337565,0.04754739999771118,0.11772524254705233,0.1204070970416069
"(260, 291)",11,1,1,0.16142520558346743,0.09764687716960907,0.1855704439866048,0.18392081558704376
"(260, 292)",11,1,0,0.19208332344272092,0.05983635410666466,0.14611413933901404,0.07380415499210358
"(260, 293)",11,1,0,0.18819845015137254,0.12687534093856812,0.14453844957842485,0.1399673968553543
"(261, 273)",11,1,0,0.18373768055415535,0.2412666529417038,0.21057626494260553,0.22630104422569275
"(261, 274)",11,1,0,0.2483290129014244,0.3330007493495941,0.2825214516001943,0.29665932059288025
"(261, 275)",11,1,1,0.1791719332141179,0.3129371106624603,0.1362801377751072,0.12403389811515808
"(261, 276)",11,1,1,0.23956472121895273,0.22872553765773773,0.24435113543207024,0.1819690763950348
"(261, 277)",11,1,1,0.1718687770801089,0.0719408318400383,0.2091144827719196,0.2240425944328308
"(261, 278)",11,1,0,0.265189397865866,0.43047457933425903,0.2843533356718591,0.2229170799255371
"(261, 279)",11,1,0,0.21117507685942433,0.2649023234844208,0.2529202569957412,0.2539491355419159
"(261, 280)",11,1,1,0.2215375700099463,0.20788972079753876,0.25273035098733415,0.30498477816581726
"(261, 281)",11,1,0,0.14175357019029633,0.1008099913597107,0.11309784069169494,0.10126783698797226
"(261, 282)",11,1,0,0.2230632069379596,0.2446455955505371,0.25196939386208095,0.18695104122161865
"(261, 283)",11,1,0,0.1948322335902929,0.11362484842538834,0.20066551425685542,0.23208001255989075
"(261, 284)",11,1,0,0.2279585961913337,0.2702052593231201,0.2125310602112501,0.26253917813301086
"(261, 285)",11,1,0,0.150339738920208,0.15948593616485596,0.21311836777605378,0.29941514134407043
"(261, 286)",11,1,0,0.1419870805824514,0.06565211713314056,0.1667096029758935,0.11722828447818756
"(261, 287)",11,1,0,0.11846452879059305,0.12860946357250214,0.16218863998450936,0.1327192187309265
"(261, 288)",11,1,0,0.17195240683910717,0.14085696637630463,0.1946948197602412,0.19234752655029297
"(261, 289)",11,1,0,0.18833976869206737,0.14084161818027496,0.236397523904931,0.29472559690475464
"(261, 290)",11,1,0,0.17631546866744788,0.057492464780807495,0.16375144604429445,0.17425407469272614
"(261, 291)",11,1,1,0.18579740263285777,0.14412349462509155,0.2302099845425472,0.18104539811611176
"(261, 292)",11,1,0,0.22932338158364324,0.4220561385154724,0.2096314885554266,0.19197377562522888
"(261, 293)",11,1,0,0.23928594425460695,0.21522964537143707,0.23775087497423616,0.2330055981874466
"(262, 273)",11,1,0,0.14492206712880124,0.25597089529037476,0.0936873552016108,0.05809212848544121
"(262, 274)",11,1,0,0.2003749371768195,0.12941454350948334,0.15478114290515,0.13491779565811157
"(262, 275)",11,1,0,0.1481252521123057,0.04634367674589157,0.09784962945010837,0.12262622267007828
"(262, 276)",11,1,0,0.15144862948380727,0.12541534006595612,0.11089648180524148,0.06694168597459793
"(262, 277)",11,1,0,0.1274924462269451,0.08845068514347076,0.10889561683129381,0.10524769872426987
"(262, 278)",11,1,0,0.22288791618736356,0.2810753285884857,0.1638561940005245,0.10678037256002426
"(262, 279)",11,1,0,0.14543877496369062,0.07047007232904434,0.11730790501990211,0.06437959522008896
"(262, 280)",11,1,0,0.1527361091260865,0.23783214390277863,0.12329073592894213,0.10826176404953003
"(262, 281)",11,1,0,0.14525277175129842,0.11603699624538422,0.08355931088777452,0.031875044107437134
"(262, 282)",11,1,0,0.19201344667221032,0.09391269832849503,0.15484582427482818,0.1034250408411026
"(262, 283)",11,1,0,0.15373190558691877,0.051200930029153824,0.07602680566870756,0.10022648423910141
"(262, 284)",11,1,0,0.18574272910467782,0.21895410120487213,0.1416473357773111,0.07160671055316925
"(262, 285)",11,1,0,0.11186033841681724,0.05495065078139305,0.11097041400359943,0.13389770686626434
"(262, 286)",11,1,0,0.10897575756498225,0.0858161672949791,0.10541326484541169,0.0822804644703865
"(262, 287)",11,1,0,0.08364938209618303,0.06204958260059357,0.05883209152219632,0.04106694832444191
"(262, 288)",11,1,0,0.17848203705819884,0.247371643781662,0.17121140539097218,0.08772953599691391
"(262, 289)",11,1,0,0.15994704843841007,0.15187346935272217,0.11084955602732476,0.07761342823505402
"(262, 290)",11,1,0,0.13459036413327818,0.07622276246547699,0.08843757929627168,0.05958512797951698
"(262, 291)",11,1,0,0.12548666225564326,0.12029959261417389,0.08235990388115698,0.04741024971008301
"(262, 292)",11,1,0,0.19642240742022773,0.1254304051399231,0.10810106662251143,0.08634968101978302
"(262, 293)",11,1,0,0.1887816960236248,0.22093787789344788,0.10876133312461837,0.10150927305221558
"(263, 273)",11,1,0,0.1339332763739663,0.1130511611700058,0.1137444615800904,0.0907742902636528
"(263, 274)",11,1,1,0.24716488137857404,0.40659406781196594,0.22363020118043966,0.3879844844341278
"(263, 275)",11,1,0,0.15825982325480398,0.10513579845428467,0.10033519828817743,0.15591758489608765
"(263, 276)",11,1,0,0.16852386712851397,0.142886221408844,0.12680273782005377,0.07879761606454849
"(263, 277)",11,1,0,0.11705346948828539,0.11540547758340836,0.10078348212299981,0.08936576545238495
"(263, 278)",11,1,0,0.21091920913528403,0.1975330263376236,0.17666203648866716,0.21964627504348755
"(263, 279)",11,1,0,0.15660109124958227,0.10798866301774979,0.1428751170337571,0.09619003534317017
"(263, 280)",11,1,0,0.1626109729788119,0.23911531269550323,0.13805780995660796,0.1298898160457611
"(263, 281)",11,1,0,0.14122982680333848,0.12468843162059784,0.08249718617272063,0.06243351846933365
"(263, 282)",11,1,1,0.20306885305955952,0.12344411015510559,0.25315171984999896,0.14986608922481537
"(263, 283)",11,1,0,0.1616509485214134,0.06461529433727264,0.11717404239529998,0.15481938421726227
"(263, 284)",11,1,0,0.20123463556695598,0.2315918207168579,0.15876009386336,0.17077210545539856
"(263, 285)",11,1,0,0.12460856372216937,0.08213340491056442,0.1428036974749088,0.1501215249300003
"(263, 286)",11,1,0,0.11547902749199287,0.06709762662649155,0.09554032248115912,0.0853789895772934
"(263, 287)",11,1,0,0.09996023607472744,0.09049701690673828,0.08025383532304406,0.06747286766767502
"(263, 288)",11,1,1,0.16521618322221582,0.134765625,0.1445591216326284,0.12307748943567276
"(263, 289)",11,1,1,0.15571264215127745,0.1090182289481163,0.1312751594786853,0.1205931007862091
"(263, 290)",11,1,1,0.12861287226891577,0.09435563534498215,0.07763718364149012,0.08555396646261215
"(263, 291)",11,1,0,0.13128284644014418,0.11382364481687546,0.1044463727267987,0.08029346168041229
"(263, 292)",11,1,1,0.20376991583887927,0.20053425431251526,0.20020360007202836,0.18875135481357574
"(263, 293)",11,1,0,0.19020152602431553,0.16439595818519592,0.16200525719447728,0.19763672351837158
"(264, 273)",11,1,0,0.13230029885204891,0.11600973457098007,0.149770989173573,0.12256257981061935
"(264, 274)",11,1,1,0.19790385015168682,0.18450123071670532,0.16854445869505158,0.21684761345386505
"(264, 275)",11,1,0,0.1492034942169694,0.2088547646999359,0.1092061695086278,0.1289057731628418
"(264, 276)",11,1,0,0.17719067304416466,0.1072709858417511,0.16371347037264206,0.10143793374300003
"(264, 277)",11,1,0,0.13067096835040712,0.04213700816035271,0.13565028310797334,0.16135701537132263
"(264, 278)",11,1,0,0.21539357369622433,0.15551075339317322,0.22406818953984753,0.16699251532554626
"(264, 279)",11,1,1,0.1673114998477253,0.17731185257434845,0.1864045714752608,0.16111589968204498
"(264, 280)",11,1,1,0.1655017590655838,0.15391768515110016,0.17146901085926003,0.22234584391117096
"(264, 281)",11,1,0,0.1235838845684963,0.1773964762687683,0.08559630346741759,0.07709571719169617
"(264, 282)",11,1,1,0.17533752424910534,0.10462381690740585,0.16077098962679262,0.11517994850873947
"(264, 283)",11,1,0,0.15123508382824535,0.06963011622428894,0.0961339062569333,0.12325208634138107
"(264, 284)",11,1,0,0.1975677747483797,0.14341963827610016,0.17232570401992459,0.1602860391139984
"(264, 285)",11,1,0,0.11253915332370246,0.09369134157896042,0.11072223470903063,0.13194924592971802
"(264, 286)",11,1,0,0.11757992168817027,0.050345029681921005,0.11718154109699845,0.09691588580608368
"(264, 287)",11,1,0,0.08359428007141802,0.044116463512182236,0.06044161774447511,0.05954233929514885
"(264, 288)",11,1,0,0.1460925557964167,0.128783717751503,0.14194346883336753,0.12122583389282227
"(264, 289)",11,1,0,0.14442737933339045,0.09050127118825912,0.09795788464497422,0.11872585117816925
"(264, 290)",11,1,0,0.12786337102739748,0.05009320750832558,0.0893422267862557,0.09194378554821014
"(264, 291)",11,1,0,0.12124129653340669,0.1942923218011856,0.078028138569415,0.06902620941400528
"(264, 292)",11,1,0,0.18061102529476725,0.16068679094314575,0.12438539417785942,0.059273455291986465
"(264, 293)",11,1,0,0.17313263928907036,0.23049065470695496,0.1317131541181378,0.12421205639839172
"(265, 273)",11,1,0,0.14115335498370377,0.06843716651201248,0.24834789008186095,0.19405052065849304
"(265, 274)",11,1,0,0.18547328293890125,0.1189461275935173,0.26949604489821294,0.34385156631469727
"(265, 275)",11,1,0,0.1405479048551638,0.16555644571781158,0.1833786293587931,0.2204461395740509
"(265, 276)",11,1,0,0.16641694176725683,0.10566963255405426,0.2605774410276138,0.24561133980751038
"(265, 277)",11,1,0,0.1122118598404702,0.047170255333185196,0.22134840100912265,0.23054514825344086
"(265, 278)",11,1,0,0.26982796237670276,0.2648673355579376,0.3740014458588744,0.32005664706230164
"(265, 279)",11,1,0,0.14480486910740123,0.09919535368680954,0.2768259212893665,0.2755235731601715
"(265, 280)",11,1,0,0.14648380606715308,0.15119828283786774,0.2613784612809352,0.28720641136169434
"(265, 281)",11,1,1,0.1144319941815778,0.06499698013067245,0.14547669531073887,0.12981458008289337
"(265, 282)",11,1,0,0.16221788716290217,0.1784321367740631,0.26948080323100404,0.19938071072101593
"(265, 283)",11,1,0,0.13879149980087419,0.07733570039272308,0.16519129552099504,0.17154067754745483
"(265, 284)",11,1,0,0.18844886583519618,0.11998884379863739,0.28314991035858594,0.28829100728034973
"(265, 285)",11,1,0,0.10425595334420068,0.13037340342998505,0.18158990517146317,0.26774585247039795
"(265, 286)",11,1,0,0.1027813724454752,0.049770671874284744,0.1963570297727367,0.15504473447799683
"(265, 287)",11,1,0,0.07561579406550331,0.10911968350410461,0.11201163626440679,0.06865756213665009
"(265, 288)",11,1,0,0.13734276141088514,0.052064940333366394,0.23532744010378126,0.22950956225395203
"(265, 289)",11,1,0,0.14076290051962648,0.05869559198617935,0.17629757288483527,0.23241333663463593
"(265, 290)",11,1,0,0.1811464095599981,0.04684818163514137,0.17315221389944527,0.19968277215957642
"(265, 291)",11,1,0,0.11590259103906564,0.07367201894521713,0.14263004055387488,0.13100597262382507
"(265, 292)",11,1,0,0.18688919481559074,0.22765973210334778,0.22424618304973115,0.15399710834026337
"(265, 293)",11,1,0,0.18898099972753923,0.09437362104654312,0.23352389455883954,0.26132315397262573
"(266, 273)",11,1,0,0.1961833699074733,0.32652825117111206,0.13874005546706958,0.11212494224309921
"(266, 274)",11,1,0,0.24250159999958493,0.14909660816192627,0.15079001033293152,0.15914386510849
"(266, 275)",11,1,0,0.20460340638371666,0.08524435758590698,0.12057016980306158,0.08953218162059784
"(266, 276)",11,1,0,0.21683881706016125,0.09938199818134308,0.13999910461098733,0.07568077743053436
"(266, 277)",11,1,0,0.17893194863484455,0.13350071012973785,0.14619759803439117,0.12656433880329132
"(266, 278)",11,1,0,0.29955571096580025,0.43306851387023926,0.22069586140845382,0.17525739967823029
"(266, 279)",11,1,0,0.2025385390412724,0.08645020425319672,0.1662251803954659,0.08933723717927933
"(266, 280)",11,1,0,0.2042388468379119,0.3475489020347595,0.15332862952019075,0.16287243366241455
"(266, 281)",11,1,0,0.1879250610882275,0.18190966546535492,0.09072613144846299,0.07201944291591644
"(266, 282)",11,1,0,0.23998384709360587,0.13855889439582825,0.18997123833597754,0.11077634245157242
"(266, 283)",11,1,0,0.21233288938058328,0.05850539356470108,0.10920354265279482,0.0949755385518074
"(266, 284)",11,1,0,0.26729212100714206,0.22953565418720245,0.1915297093120294,0.14964227378368378
"(266, 285)",11,1,0,0.1641838778553996,0.0847838819026947,0.12961318834985225,0.13088847696781158
"(266, 286)",11,1,0,0.15813692426415196,0.051793430000543594,0.12335945553328251,0.080750472843647
"(266, 287)",11,1,0,0.11969250743585846,0.07538516074419022,0.07813216657164,0.06370723247528076
"(266, 288)",11,1,1,0.20566646976801992,0.2061304748058319,0.14783566936858272,0.12952828407287598
"(266, 289)",11,1,1,0.210539997451024,0.11755914986133575,0.11132294276642968,0.13556450605392456
"(266, 290)",11,1,0,0.1742236807932265,0.07592082768678665,0.07850441150625644,0.07579737901687622
"(266, 291)",11,1,1,0.16771270348067832,0.16185566782951355,0.08795013827498527,0.06873254477977753
"(266, 292)",11,1,1,0.2661878638087617,0.17060543596744537,0.14598073059191014,0.0847502127289772
"(266, 293)",11,1,0,0.25082067919199613,0.21209216117858887,0.13509804381726767,0.16124539077281952
"(267, 273)",11,1,0,0.1375191374470499,0.10604916512966156,0.14635754495106837,0.0692979171872139
"(267, 274)",11,1,0,0.18253091962674065,0.1816924661397934,0.21331756030718835,0.23955915868282318
"(267, 275)",11,1,0,0.13615264536435154,0.07681616395711899,0.11882230737860357,0.12778496742248535
"(267, 276)",11,1,0,0.1641203631189001,0.06912750005722046,0.16986465025857925,0.04798493534326553
"(267, 277)",11,1,0,0.12630669262746075,0.042104531079530716,0.14747739225790985,0.12654542922973633
"(267, 278)",11,1,0,0.18415044541436026,0.13648469746112823,0.20151862717667057,0.18470755219459534
"(267, 279)",11,1,0,0.15714658722814903,0.07821647822856903,0.18511617615472312,0.09468138217926025
"(267, 280)",11,1,0,0.15963266066559217,0.1247093603014946,0.17734137707612335,0.1261589229106903
"(267, 281)",11,1,0,0.11050901632441552,0.0681452751159668,0.08681939702465744,0.06741462647914886
"(267, 282)",11,1,0,0.18729396292604647,0.10884997993707657,0.23612501627201382,0.1525016576051712
"(267, 283)",11,1,0,0.1456317951701292,0.036789290606975555,0.16481553072167202,0.14927266538143158
"(267, 284)",11,1,0,0.16825758383396236,0.1325627863407135,0.16802415676338525,0.15117481350898743
"(267, 285)",11,1,0,0.11983980860939887,0.10395984351634979,0.182925178612106,0.19686995446681976
"(267, 286)",11,1,0,0.10075263993176606,0.02278241328895092,0.11601201586532424,0.07660147547721863
"(267, 287)",11,1,0,0.09802207122114444,0.05342131480574608,0.13909462232378147,0.09610972553491592
"(267, 288)",11,1,0,0.12973403447998824,0.034617818892002106,0.14927933780158414,0.09722978621721268
"(267, 289)",11,1,0,0.13970807632327584,0.04288186505436897,0.20414437827643567,0.1676897555589676
"(267, 290)",11,1,0,0.1182231076174065,0.011540164239704609,0.11349944500615983,0.05315936356782913
"(267, 291)",11,1,0,0.14654488648457206,0.05458460748195648,0.23479837947795837,0.1223144605755806
"(267, 292)",11,1,0,0.17597666501567083,0.07055318355560303,0.1815030646801489,0.08960767835378647
"(267, 293)",11,1,0,0.17544253105182747,0.1679762601852417,0.18609075929203128,0.15211786329746246
"(268, 273)",11,1,1,0.1634947424213845,0.10670207440853119,0.13050030714188002,0.05407240241765976
"(268, 274)",11,1,1,0.2898025409798195,0.10486925393342972,0.24004074914123272,0.20581059157848358
"(268, 275)",11,1,0,0.22720695480031272,0.13617773354053497,0.12004436645458794,0.15957485139369965
"(268, 276)",11,1,1,0.22571475865215945,0.08502612262964249,0.154891998114845,0.07715613394975662
"(268, 277)",11,1,1,0.16615442126883495,0.1112433448433876,0.12275436806337985,0.15028893947601318
"(268, 278)",11,1,0,0.2724796706044303,0.2614898085594177,0.2213492118384424,0.20319312810897827
"(268, 279)",11,1,1,0.2196875468047751,0.10521472990512848,0.16486955475402823,0.08321723341941833
"(268, 280)",11,1,0,0.2156438340044457,0.26537448167800903,0.15263933783567954,0.19014962017536163
"(268, 281)",11,1,0,0.15132286688814384,0.07073325663805008,0.0712550659200322,0.05733337998390198
"(268, 282)",11,1,0,0.2798068180262422,0.20097437500953674,0.2329478334224541,0.14157406985759735
"(268, 283)",11,1,0,0.22093540957666452,0.0756915733218193,0.1456716141317993,0.12219297885894775
"(268, 284)",11,1,0,0.24067178744963041,0.2015489935874939,0.1775632072632549,0.202842578291893
"(268, 285)",11,1,0,0.16956804503748965,0.08487466722726822,0.14172276668517586,0.1265079826116562
"(268, 286)",11,1,0,0.16258706949902219,0.07735193520784378,0.1081715397255462,0.10781116783618927
"(268, 287)",11,1,0,0.13596089966328365,0.10369669646024704,0.0896022345718688,0.056996867060661316
"(268, 288)",11,1,1,0.18643427895557385,0.12285472452640533,0.1294262860169239,0.1542385071516037
"(268, 289)",11,1,1,0.21117768256650138,0.14438582956790924,0.14641953844279762,0.12454034388065338
"(268, 290)",11,1,1,0.15913169157222537,0.022502440959215164,0.07479434063092257,0.06462185829877853
"(268, 291)",11,1,0,0.17769645221127608,0.09488826245069504,0.12669729331563015,0.0721515566110611
"(268, 292)",11,1,1,0.2653732870160433,0.31589534878730774,0.19265144373957435,0.10451862215995789
"(268, 293)",11,1,1,0.2454130834247845,0.11247740685939789,0.22210269884106984,0.14307110011577606
"(269, 273)",11,1,0,0.15197916897875638,0.08180150389671326,0.18525502368735935,0.1509571522474289
"(269, 274)",11,1,1,0.2563291696178315,0.21383647620677948,0.21560194790781181,0.3927059471607208
"(269, 275)",11,1,0,0.20688003547465575,0.14006468653678894,0.14879725379228423,0.1932346224784851
"(269, 276)",11,1,0,0.2159819262252306,0.09793564677238464,0.21182821506613145,0.17788048088550568
"(269, 277)",11,1,0,0.15840044375241438,0.04967007786035538,0.18626298023380106,0.20233860611915588
"(269, 278)",11,1,0,0.2527452564447424,0.17319940030574799,0.29445187893128894,0.21598532795906067
"(269, 279)",11,1,1,0.19467342857438502,0.10559145361185074,0.23111836331606825,0.21901006996631622
"(269, 280)",11,1,0,0.19897287410027598,0.1533176600933075,0.21728269411075882,0.23525363206863403
"(269, 281)",11,1,0,0.139606434756636,0.07542068511247635,0.10848294717569325,0.1224314495921135
"(269, 282)",11,1,0,0.22959320704285346,0.1952090710401535,0.22653631830790386,0.19233471155166626
"(269, 283)",11,1,1,0.17457125283987524,0.060853511095047,0.13282850424790502,0.16220995783805847
"(269, 284)",11,1,0,0.22512334090367736,0.13638576865196228,0.2241783005194434,0.21911180019378662
"(269, 285)",11,1,0,0.15472613247351227,0.09975844621658325,0.1518584579465922,0.1922374814748764
"(269, 286)",11,1,0,0.15483426279197668,0.09155379980802536,0.162740646760349,0.1755121797323227
"(269, 287)",11,1,0,0.11211366174647018,0.0646977499127388,0.08765276942065951,0.07505490630865097
"(269, 288)",11,1,1,0.1691240785197151,0.14861860871315002,0.18683319526926495,0.2993982136249542
"(269, 289)",11,1,1,0.16480835984154832,0.10319772362709045,0.13151728422492287,0.17878058552742004
"(269, 290)",11,1,0,0.15857316563210713,0.03428861126303673,0.11326049067816683,0.14644326269626617
"(269, 291)",11,1,1,0.14226879575671111,0.11226420849561691,0.10753611587548718,0.12958446145057678
"(269, 292)",11,1,0,0.21280169845967395,0.18296805024147034,0.17489280606594745,0.13070954382419586
"(269, 293)",11,1,0,0.2058186690317253,0.1881018728017807,0.1702850801454924,0.23339702188968658
"(270, 273)",11,1,0,0.11538324286131418,0.07921305298805237,0.15136577685487967,0.08180788159370422
"(270, 274)",11,1,0,0.17460350311291672,0.07924090325832367,0.2312626427179462,0.2562888264656067
"(270, 275)",11,1,0,0.138579685845538,0.11866490542888641,0.10389194589575682,0.20842407643795013
"(270, 276)",11,1,1,0.16813591445974302,0.0536995567381382,0.20638953125758155,0.10422511398792267
"(270, 277)",11,1,0,0.12068617574938192,0.03287464752793312,0.17255664201353363,0.182289719581604
"(270, 278)",11,1,0,0.18189581386302608,0.08564355224370956,0.2467857767577733,0.17773863673210144
"(270, 279)",11,1,1,0.1466497456949003,0.1130581945180893,0.20304683995055267,0.16295726597309113
"(270, 280)",11,1,1,0.15217598655260692,0.143942192196846,0.20268183753076813,0.21249648928642273
"(270, 281)",11,1,1,0.09085032662157512,0.06543195992708206,0.09096481564005768,0.11002083122730255
"(270, 282)",11,1,1,0.17165330503702317,0.07300553470849991,0.21602366699132391,0.14533424377441406
"(270, 283)",11,1,0,0.1347890143406733,0.040753595530986786,0.17379848605016956,0.22202686965465546
"(270, 284)",11,1,0,0.14822761686707436,0.099875308573246,0.16966544724198498,0.16951456665992737
"(270, 285)",11,1,0,0.10188798626473201,0.07483819127082825,0.16997017642844303,0.22911112010478973
"(270, 286)",11,1,0,0.10800899795613127,0.019523652270436287,0.14445109617376467,0.1289909929037094
"(270, 287)",11,1,0,0.0857123236052767,0.02783126011490822,0.12853233804172348,0.15298020839691162
"(270, 288)",11,1,0,0.11380785071252299,0.039675623178482056,0.17157312916146103,0.17807188630104065
"(270, 289)",11,1,0,0.134305557323576,0.0586947537958622,0.24027319513969778,0.2556779682636261
"(270, 290)",11,1,0,0.1120252644267882,0.026869723573327065,0.13001332111876843,0.08766823261976242
"(270, 291)",11,1,0,0.1210372380850751,0.06338195502758026,0.2075217631781032,0.2166711986064911
"(270, 292)",11,1,0,0.16030778304605997,0.04710610955953598,0.18874578951256515,0.10738108307123184
"(270, 293)",11,1,0,0.1421686713556216,0.09421388804912567,0.16522127154706695,0.16276787221431732
"(271, 273)",11,1,0,0.12587231454439937,0.04146375134587288,0.13759166995239974,0.06660600751638412
"(271, 274)",11,1,0,0.2143416731473272,0.07285716384649277,0.17120034157203373,0.18050743639469147
"(271, 275)",11,1,0,0.18196311089976588,0.07105368375778198,0.12956147548748645,0.19011008739471436
"(271, 276)",11,1,0,0.18412658763606835,0.0826096311211586,0.1707169285107854,0.18206904828548431
"(271, 277)",11,1,0,0.12990527679712438,0.050753939896821976,0.13438112662177312,0.10335269570350647
"(271, 278)",11,1,0,0.22185654725925472,0.10701444745063782,0.25811269540338605,0.15102645754814148
"(271, 279)",11,1,0,0.1561514628271356,0.04965018853545189,0.17284293626202035,0.14393307268619537
"(271, 280)",11,1,0,0.1635331699733582,0.14438879489898682,0.15980273751622792,0.1355670690536499
"(271, 281)",11,1,0,0.11259395094438743,0.02965633198618889,0.07745446313516581,0.0765688419342041
"(271, 282)",11,1,1,0.2035306776920983,0.18705883622169495,0.19766326937548842,0.07637104392051697
"(271, 283)",11,1,0,0.13984662532088427,0.03678008168935776,0.10944858805510618,0.11017071455717087
"(271, 284)",11,1,0,0.19564983588786558,0.06696537882089615,0.20157279051633312,0.14416027069091797
"(271, 285)",11,1,0,0.13134562522342463,0.07047168165445328,0.13070913153172325,0.11733885109424591
"(271, 286)",11,1,0,0.13205525300533485,0.047760024666786194,0.12027013828473403,0.1167081668972969
"(271, 287)",11,1,0,0.10041501723451346,0.1568661779165268,0.07595744054657368,0.040219422429800034
"(271, 288)",11,1,0,0.13458236084721714,0.06034243106842041,0.13570532836037094,0.1577926129102707
"(271, 289)",11,1,0,0.14464222625366643,0.09761685878038406,0.12481992362713155,0.12660785019397736
"(271, 290)",11,1,0,0.12593318797289,0.02993449755012989,0.08235375980309954,0.08555830270051956
"(271, 291)",11,1,0,0.12081059924012656,0.05128971114754677,0.09380454871939035,0.08642306923866272
"(271, 292)",11,1,0,0.1933432483674379,0.1122317686676979,0.17122005631614529,0.09541116654872894
"(271, 293)",11,1,1,0.17986683774761505,0.06646819412708282,0.14794909688683974,0.10783515870571136
"(272, 273)",11,1,0,0.17483565257216047,0.09173067659139633,0.12463475300319446,0.18354544043540955
"(272, 274)",11,1,0,0.2790699361157871,0.13788531720638275,0.15538967481071023,0.27757498621940613
"(272, 275)",11,1,0,0.220441904353436,0.13363197445869446,0.11537425395690991,0.17413456737995148
"(272, 276)",11,1,0,0.24499133121991645,0.17852963507175446,0.15772980465763373,0.2946760058403015
"(272, 277)",11,1,0,0.17365296010816894,0.06753954291343689,0.12021786107827334,0.1611151248216629
"(272, 278)",11,1,0,0.3020375168736732,0.1855478584766388,0.2417013211859541,0.2994578182697296
"(272, 279)",11,1,0,0.21572858796749841,0.09526752680540085,0.16068445299713094,0.20506420731544495
"(272, 280)",11,1,0,0.21735169091740092,0.18980950117111206,0.1438716562549834,0.2270219475030899
"(272, 281)",11,1,0,0.15849972061223247,0.08472854644060135,0.07036085284047534,0.12259243428707123
"(272, 282)",11,1,0,0.25215012683506877,0.1362115442752838,0.17839902517588271,0.1572686731815338
"(272, 283)",11,1,0,0.1953917203232619,0.03469443321228027,0.09831654787758741,0.19683246314525604
"(272, 284)",11,1,0,0.2601663295407293,0.10131272673606873,0.1831017946425198,0.24261057376861572
"(272, 285)",11,1,0,0.17927468158002763,0.17365305125713348,0.12020676011073546,0.1414664089679718
"(272, 286)",11,1,0,0.1607139203789558,0.04115446284413338,0.10863281469821871,0.14212535321712494
"(272, 287)",11,1,0,0.1344990439681968,0.21821393072605133,0.07072820807350633,0.0770060122013092
"(272, 288)",11,1,0,0.1817080048674697,0.07723478972911835,0.12085639637594099,0.2625424861907959
"(272, 289)",11,1,0,0.19748084390449813,0.11887463182210922,0.110821180782232,0.18002429604530334
"(272, 290)",11,1,0,0.1671164550703401,0.06558205187320709,0.07435961922608843,0.1394939422607422
"(272, 291)",11,1,0,0.1582412549751812,0.10603287070989609,0.08062210495091289,0.10897931456565857
"(272, 292)",11,1,0,0.25984722724473835,0.2604296803474426,0.155050118831586,0.20033928751945496
"(272, 293)",11,1,0,0.2531338276037434,0.15340153872966766,0.1401315668338395,0.22398154437541962
"(294, 308)",12,1,0,0.13532892472032373,0.1991022229194641,0.22329448172656666,0.1607102006673813
"(294, 309)",12,1,0,0.2641131847298603,0.14723487198352814,0.2385493670978141,0.1364612728357315
"(294, 310)",12,1,0,0.16990758739237996,0.08661173284053802,0.12335037515138159,0.08689609915018082
"(294, 311)",12,1,0,0.17488845252735385,0.06414881348609924,0.22639557666510796,0.18685872852802277
"(294, 312)",12,1,0,0.17674536265185314,0.11115635186433792,0.13340990808528846,0.16724567115306854
"(294, 313)",12,1,0,0.201322115509206,0.330022394657135,0.14837164404904035,0.21882958710193634
"(294, 314)",12,1,0,0.18796210487375498,0.11333974450826645,0.17521170013767676,0.1781596690416336
"(294, 315)",12,1,0,0.19221867719177466,0.09457681328058243,0.1764086874259545,0.20443959534168243
"(294, 316)",12,1,1,0.1854102568384973,0.15654149651527405,0.14322819971289322,0.17930355668067932
"(294, 317)",12,1,0,0.23530422949154037,0.12767572700977325,0.1699851988135502,0.13234654068946838
"(294, 318)",12,1,0,0.17957742254643536,0.0288779865950346,0.14611037153161976,0.08561792224645615
"(294, 319)",12,1,0,0.15735746874177417,0.10717248171567917,0.15287112459739122,0.16701781749725342
"(294, 320)",12,1,0,0.10500147412587456,0.041088514029979706,0.10762906585186992,0.13129764795303345
"(294, 321)",12,1,0,0.1934892461275244,0.08206074684858322,0.14326565142510878,0.12409545481204987
"(295, 308)",12,1,0,0.10281559250875813,0.12001647055149078,0.1504979337097023,0.11801441758871078
"(295, 309)",12,1,0,0.2276953433198051,0.10901118814945221,0.26283875672004087,0.2693587839603424
"(295, 310)",12,1,0,0.16189814610622452,0.07600510865449905,0.1934699165328991,0.18235458433628082
"(295, 311)",12,1,0,0.14983299417085194,0.02918487787246704,0.19109691076832436,0.18742038309574127
"(295, 312)",12,1,0,0.1518478558162143,0.07881340384483337,0.16854865645709982,0.19233283400535583
"(295, 313)",12,1,0,0.1910629528033337,0.1833026260137558,0.22517913706234727,0.2566848695278168
"(295, 314)",12,1,0,0.15490104730361862,0.0909896120429039,0.16398316782584635,0.26692938804626465
"(295, 315)",12,1,0,0.15878498484301837,0.08838154375553131,0.21116898548322818,0.25125616788864136
"(295, 316)",12,1,0,0.17749043275991938,0.1121457889676094,0.20612362196821749,0.20586220920085907
"(295, 317)",12,1,0,0.21833668527948843,0.0410110279917717,0.24934773413109065,0.1494782269001007
"(295, 318)",12,1,0,0.1648016364716616,0.040486447513103485,0.15094284892617385,0.1531352549791336
"(295, 319)",12,1,0,0.14164340464737485,0.0900682583451271,0.18014699880903892,0.2241235375404358
"(295, 320)",12,1,0,0.09085669456521624,0.05157756060361862,0.13783474874331736,0.2639477550983429
"(295, 321)",12,1,0,0.1816265285312026,0.08617036044597626,0.21528831146506655,0.20174312591552734
"(296, 308)",12,1,0,0.11336209373211625,0.15551020205020905,0.10855185238071988,0.0382140576839447
"(296, 309)",12,1,0,0.22833907613967802,0.15084178745746613,0.20646545084420875,0.1540427803993225
"(296, 310)",12,1,0,0.16839134485147,0.15890517830848694,0.13722931624576554,0.06341170519590378
"(296, 311)",12,1,0,0.1389966013562044,0.03592235967516899,0.1268632408703015,0.06353648006916046
"(296, 312)",12,1,0,0.16076164342108065,0.16251100599765778,0.14219077277401512,0.10436553508043289
"(296, 313)",12,1,0,0.19633339176918607,0.3107219636440277,0.1640816637466208,0.16393843293190002
"(296, 314)",12,1,0,0.15063899762928393,0.11215419322252274,0.12658367410696533,0.12503582239151
"(296, 315)",12,1,0,0.1789912263982921,0.04801454395055771,0.17279676507723066,0.09384649246931076
"(296, 316)",12,1,1,0.1779851265599364,0.12020253390073776,0.16043668224662552,0.09660181403160095
"(296, 317)",12,1,1,0.20104997707426459,0.14157456159591675,0.17958117339829735,0.09628085792064667
"(296, 318)",12,1,0,0.15014828313419704,0.04129363223910332,0.0949938308504929,0.03239268437027931
"(296, 319)",12,1,1,0.1570152423096509,0.1924368292093277,0.13090843511296116,0.11675236374139786
"(296, 320)",12,1,0,0.08718029257771293,0.028554432094097137,0.1014057107780677,0.1078682467341423
"(296, 321)",12,1,0,0.16897457545851038,0.0900304913520813,0.14753371484822342,0.08527889847755432
"(297, 308)",12,1,1,0.1428316439075872,0.18027281761169434,0.16781916769918448,0.08438566327095032
"(297, 309)",12,1,0,0.25592716467918203,0.11408556997776031,0.27788072387704527,0.225464329123497
"(297, 310)",12,1,1,0.23850841440042955,0.2540745139122009,0.2755948700687364,0.32737812399864197
"(297, 311)",12,1,0,0.17234638344299552,0.057794105261564255,0.22320520754985324,0.2453654259443283
"(297, 312)",12,1,0,0.24493128990442367,0.2313614934682846,0.2525741326344649,0.26949232816696167
"(297, 313)",12,1,0,0.23671208445606978,0.3352730870246887,0.28604671477231086,0.26942935585975647
"(297, 314)",12,1,0,0.16970728308867208,0.08458032459020615,0.19323908600149753,0.1752823293209076
"(297, 315)",12,1,0,0.2134272865404109,0.10513359308242798,0.2650622458346306,0.1322084367275238
"(297, 316)",12,1,1,0.2469153878478161,0.253496378660202,0.28242309261904136,0.3645859658718109
"(297, 317)",12,1,0,0.23935451462778262,0.17704972624778748,0.317261521166137,0.22236010432243347
"(297, 318)",12,1,0,0.18333863322821725,0.10125363618135452,0.16350469635111295,0.11892128735780716
"(297, 319)",12,1,1,0.18836760529178453,0.14963015913963318,0.17587539281928827,0.19092272222042084
"(297, 320)",12,1,0,0.10226229349664193,0.028929151594638824,0.16516835970478438,0.17243123054504395
"(297, 321)",12,1,0,0.20600098741762538,0.1258639693260193,0.27374062063519844,0.23090650141239166
"(298, 308)",12,1,0,0.06176623693149426,0.04698089510202408,0.05432808789788952,0.02704721689224243
"(298, 309)",12,1,0,0.1223811881362845,0.02525085024535656,0.09825836756486853,0.09907399117946625
"(298, 310)",12,1,0,0.11923186470317938,0.052297934889793396,0.11902026096331134,0.13291065394878387
"(298, 311)",12,1,0,0.08073195151955194,0.033340997993946075,0.08982062444901981,0.05749021843075752
"(298, 312)",12,1,0,0.13805772390722562,0.09168490022420883,0.12623144825777624,0.13940396904945374
"(298, 313)",12,1,0,0.1212893429533932,0.11186760663986206,0.12460898140880076,0.12270327657461166
"(298, 314)",12,1,0,0.08811673029407932,0.05235609412193298,0.08586962748897509,0.08298934996128082
"(298, 315)",12,1,0,0.11865249972915892,0.07793962955474854,0.12259904049725574,0.12676599621772766
"(298, 316)",12,1,0,0.131653907431324,0.11266065388917923,0.13071561898725828,0.1416650414466858
"(298, 317)",12,1,0,0.11985976880940606,0.02623017504811287,0.14472869425422916,0.08257357776165009
"(298, 318)",12,1,0,0.09318362167044171,0.025548189878463745,0.06033703964304912,0.04250021651387215
"(298, 319)",12,1,0,0.08931662825246676,0.05008123070001602,0.06064654084226403,0.08527754247188568
"(298, 320)",12,1,0,0.04980177883842659,0.017768127843737602,0.06593665187629552,0.0975346490740776
"(298, 321)",12,1,0,0.10443218469486666,0.03339720517396927,0.12256079846100112,0.058285266160964966
"(299, 308)",12,1,0,0.10785372931930547,0.09410856664180756,0.1343278888897755,0.12265343964099884
"(299, 309)",12,1,0,0.18123959175610588,0.08799193054437637,0.13271706207644224,0.08390432596206665
"(299, 310)",12,1,0,0.17442081562176406,0.145261749625206,0.09648890891401267,0.08844658732414246
"(299, 311)",12,1,0,0.1389082185883087,0.1019258052110672,0.15380428995483206,0.21253304183483124
"(299, 312)",12,1,0,0.1910877384740396,0.23651841282844543,0.10114944802186375,0.149953231215477
"(299, 313)",12,1,0,0.18474750672118717,0.33062660694122314,0.11203153809401274,0.1690898984670639
"(299, 314)",12,1,0,0.13888316694427902,0.1325911581516266,0.1115055608497731,0.14867806434631348
"(299, 315)",12,1,0,0.18369968494384936,0.08732087165117264,0.12966668266685885,0.19393552839756012
"(299, 316)",12,1,1,0.19429670227070103,0.19434204697608948,0.10474244000323132,0.1582391858100891
"(299, 317)",12,1,0,0.17453544642345206,0.10290945321321487,0.12451204836383976,0.11125925183296204
"(299, 318)",12,1,0,0.14829201424949504,0.07038060575723648,0.09196761170682526,0.11060378700494766
"(299, 319)",12,1,0,0.1354756225823476,0.11435601115226746,0.08610897542508668,0.1457490622997284
"(299, 320)",12,1,0,0.07913550769875667,0.046926598995923996,0.06815402468521652,0.13130755722522736
"(299, 321)",12,1,0,0.15971849261991172,0.11043332517147064,0.10518090438634045,0.10515519231557846
"(300, 308)",12,1,0,0.1438315748460431,0.16535541415214539,0.20406548324501805,0.17504552006721497
"(300, 309)",12,1,0,0.3428844041295547,0.24225839972496033,0.34263124559058955,0.23417124152183533
"(300, 310)",12,1,0,0.22706963696152785,0.14979355037212372,0.2597783926406503,0.16717013716697693
"(300, 311)",12,1,0,0.2154243128704716,0.11927325278520584,0.2593729412195159,0.264786958694458
"(300, 312)",12,1,0,0.24041405742612953,0.11149431020021439,0.26015586059393947,0.3476071059703827
"(300, 313)",12,1,0,0.2711283548477838,0.3253489136695862,0.30361470845818894,0.4506005346775055
"(300, 314)",12,1,0,0.2642924008954425,0.22314320504665375,0.2592490961117973,0.3745676577091217
"(300, 315)",12,1,0,0.26229236300138736,0.2022518664598465,0.3296866366945047,0.3671363890171051
"(300, 316)",12,1,1,0.2568819849262547,0.335732102394104,0.28028857702080545,0.39134201407432556
"(300, 317)",12,1,0,0.3202756860699967,0.08606507629156113,0.3430086222122608,0.21176187694072723
"(300, 318)",12,1,0,0.23791401772310275,0.09503781795501709,0.21562406529692243,0.20683929324150085
"(300, 319)",12,1,1,0.19060893404131293,0.10596705228090286,0.22901133203710333,0.26936426758766174
"(300, 320)",12,1,0,0.20205656856237678,0.11942292004823685,0.24005221956910744,0.24870623648166656
"(300, 321)",12,1,0,0.26114324795566873,0.10762837529182434,0.2917708252113454,0.22436238825321198
"(301, 308)",12,1,0,0.08585842390772763,0.21314924955368042,0.12269144917593615,0.051735904067754745
"(301, 309)",12,1,1,0.22413560050740752,0.24220126867294312,0.23754050468129795,0.09936725348234177
"(301, 310)",12,1,0,0.1349085082201794,0.20842687785625458,0.16831694753688475,0.1057736873626709
"(301, 311)",12,1,1,0.1261978098995174,0.15766368806362152,0.15572275597828183,0.15315137803554535
"(301, 312)",12,1,0,0.12603596709692888,0.1799338012933731,0.14947057877746647,0.15096540749073029
"(301, 313)",12,1,0,0.15891550383121977,0.35568779706954956,0.1961034520228586,0.23341085016727448
"(301, 314)",12,1,0,0.14705465276580512,0.19938971102237701,0.13997745816151727,0.14757701754570007
"(301, 315)",12,1,0,0.13665292550420755,0.14590056240558624,0.18496778857027382,0.14821723103523254
"(301, 316)",12,1,0,0.1458273828534218,0.3543184995651245,0.18086561391229378,0.16470487415790558
"(301, 317)",12,1,0,0.19219587733123678,0.15713746845722198,0.2293270189844208,0.14993371069431305
"(301, 318)",12,1,0,0.13358839019914368,0.10687306523323059,0.11858822938597234,0.08235306292772293
"(301, 319)",12,1,0,0.11500787152688574,0.1763898879289627,0.14111631735524416,0.09709125757217407
"(301, 320)",12,1,0,0.09920469753661836,0.10990255326032639,0.1228751473683258,0.11523102223873138
"(301, 321)",12,1,0,0.15309401498818978,0.1405639797449112,0.18861610085268596,0.129936084151268
"(302, 308)",12,1,0,0.1066576496174464,0.05305912718176842,0.0974091910131637,0.07974723726511002
"(302, 309)",12,1,0,0.19958089354791714,0.05485743284225464,0.1704552039229997,0.19015295803546906
"(302, 310)",12,1,0,0.2320196460009752,0.14198900759220123,0.28020974800035703,0.2937607169151306
"(302, 311)",12,1,0,0.18676470209170642,0.02188735455274582,0.22623971533114706,0.1532953381538391
"(302, 312)",12,1,0,0.2450814087886213,0.1161130890250206,0.2564881872533609,0.19929200410842896
"(302, 313)",12,1,0,0.26678585725549714,0.2176351398229599,0.3120574834894804,0.31091082096099854
"(302, 314)",12,1,0,0.17086213464548275,0.05259600654244423,0.17009496926422257,0.1865648329257965
"(302, 315)",12,1,0,0.19780977216460258,0.05468834936618805,0.22117486459733182,0.10581015050411224
"(302, 316)",12,1,0,0.2550930608355512,0.1258908063173294,0.3074807564916999,0.269398957490921
"(302, 317)",12,1,0,0.25406732293032624,0.07720059156417847,0.32231771654308655,0.17745636403560638
"(302, 318)",12,1,0,0.18894445004257893,0.04269961267709732,0.15872994120036132,0.08644348382949829
"(302, 319)",12,1,0,0.17128094702535127,0.0789015144109726,0.11824787456978225,0.14826571941375732
"(302, 320)",12,1,0,0.09632929637203769,0.019863832741975784,0.13368946396500495,0.12199155241250992
"(302, 321)",12,1,0,0.2077684178254302,0.04452672228217125,0.2827216255330642,0.22301842272281647
"(303, 308)",12,1,0,0.1383205021872409,0.20590375363826752,0.18496081840062423,0.18735039234161377
"(303, 309)",12,1,0,0.32579006278004946,0.2307453602552414,0.3186368850843301,0.32333993911743164
"(303, 310)",12,1,0,0.2033761408053016,0.185829296708107,0.2551984342164849,0.2128368467092514
"(303, 311)",12,1,0,0.19217811403562723,0.08178167790174484,0.24560034664639574,0.2510063946247101
"(303, 312)",12,1,0,0.19950296200946813,0.2256719172000885,0.2396297295324239,0.30864328145980835
"(303, 313)",12,1,1,0.2400264466365177,0.44769060611724854,0.28930195607971293,0.4258100092411041
"(303, 314)",12,1,0,0.22252506781934156,0.205398827791214,0.22370494371320804,0.3150584101676941
"(303, 315)",12,1,0,0.21423522743723472,0.13441042602062225,0.2771349213684869,0.3119867444038391
"(303, 316)",12,1,0,0.22702016978799358,0.31425607204437256,0.2808176950417769,0.3171214759349823
"(303, 317)",12,1,0,0.2760482237094857,0.19621214270591736,0.32422681597154357,0.2894054651260376
"(303, 318)",12,1,0,0.21278798954774825,0.08095167577266693,0.19414161915053857,0.19050025939941406
"(303, 319)",12,1,0,0.18251759598198766,0.16320982575416565,0.20399838866131742,0.2809780240058899
"(303, 320)",12,1,0,0.15092572666292822,0.08745843917131424,0.1891097916426321,0.2654607594013214
"(303, 321)",12,1,0,0.23321619768612753,0.21601057052612305,0.28563130558835886,0.2970893085002899
"(304, 308)",12,1,0,0.1445724160254512,0.1271633803844452,0.1394359060260133,0.12336062639951706
"(304, 309)",12,1,0,0.277615229680007,0.1987902671098709,0.2382861555430675,0.19685855507850647
"(304, 310)",12,1,0,0.2474224208351219,0.20353533327579498,0.2362524612271472,0.13109241425991058
"(304, 311)",12,1,0,0.22015342724710396,0.11108029633760452,0.2386915944927232,0.18892976641654968
"(304, 312)",12,1,0,0.2464526312202195,0.20255813002586365,0.24418127301641188,0.16630661487579346
"(304, 313)",12,1,0,0.281790151322135,0.47395655512809753,0.2600022880378484,0.27313336730003357
"(304, 314)",12,1,0,0.22821414874538198,0.1922619640827179,0.20419488169362246,0.2365254908800125
"(304, 315)",12,1,0,0.264416443766091,0.1518571823835373,0.25985496054327534,0.2322022169828415
"(304, 316)",12,1,0,0.2735161175314923,0.2699897587299347,0.269352249158086,0.24089498817920685
"(304, 317)",12,1,1,0.298807699582124,0.14681455492973328,0.291119144935647,0.1744874119758606
"(304, 318)",12,1,0,0.24310640435976863,0.09533257782459259,0.19089559204197837,0.19176875054836273
"(304, 319)",12,1,0,0.19352235540530605,0.09427482634782791,0.16779422458169582,0.25521016120910645
"(304, 320)",12,1,0,0.1366217295442604,0.07941927015781403,0.16050325064258142,0.23718059062957764
"(304, 321)",12,1,0,0.2639888330512291,0.179915189743042,0.2574631643463639,0.19708029925823212
"(305, 308)",12,1,0,0.11806200330619612,0.09704989939928055,0.1358299781766944,0.09876777231693268
"(305, 309)",12,1,1,0.21330167049129714,0.16121922433376312,0.1504581781173245,0.11646851897239685
"(305, 310)",12,1,0,0.15760091430688794,0.1265767365694046,0.07317849618471077,0.09894666075706482
"(305, 311)",12,1,0,0.1697492236625718,0.02747887559235096,0.14268715578473226,0.12607038021087646
"(305, 312)",12,1,0,0.14242910645531942,0.07385329157114029,0.06737534099464504,0.0893007144331932
"(305, 313)",12,1,0,0.18620258515364735,0.19878873229026794,0.08801236621648274,0.13568264245986938
"(305, 314)",12,1,0,0.15788446652569044,0.09791848063468933,0.09582969027242288,0.09691557288169861
"(305, 315)",12,1,1,0.1732003204738105,0.04959913343191147,0.09890224519521369,0.12033376842737198
"(305, 316)",12,1,0,0.17436545752612523,0.1322808712720871,0.08530534652265903,0.1267116367816925
"(305, 317)",12,1,0,0.1930650953613895,0.052054233849048615,0.09965162892812496,0.1056705042719841
"(305, 318)",12,1,0,0.17287900910523638,0.02908773347735405,0.09155970585953953,0.05392840504646301
"(305, 319)",12,1,0,0.14588407410092027,0.11042891442775726,0.09827830485642475,0.08237509429454803
"(305, 320)",12,1,0,0.08341823084892933,0.03932010754942894,0.05538646648866442,0.12581904232501984
"(305, 321)",12,1,0,0.18206593116026543,0.09869479387998581,0.08401590169236983,0.10090164095163345
"(306, 308)",12,1,0,0.1300939174197928,0.20071224868297577,0.20281821570106007,0.21383582055568695
"(306, 309)",12,1,0,0.19887288779533394,0.07268335670232773,0.19745969208310413,0.13778631389141083
"(306, 310)",12,1,0,0.18446256954268855,0.1276305466890335,0.1219710498464907,0.1220393031835556
"(306, 311)",12,1,0,0.14654055342286504,0.07988005876541138,0.20669549737921064,0.2707226872444153
"(306, 312)",12,1,0,0.19792202620622373,0.10956988483667374,0.12365482160615557,0.18398648500442505
"(306, 313)",12,1,0,0.1852744836419428,0.29698002338409424,0.13453041636102867,0.19556690752506256
"(306, 314)",12,1,0,0.15021988137069703,0.11815532296895981,0.15565595097290943,0.22493623197078705
"(306, 315)",12,1,1,0.18539225175717805,0.09680136293172836,0.17590727644630236,0.19986721873283386
"(306, 316)",12,1,0,0.19148063698176337,0.14794646203517914,0.13476894916307808,0.1553121954202652
"(306, 317)",12,1,0,0.18104476633255556,0.12941208481788635,0.14763890567405033,0.13085389137268066
"(306, 318)",12,1,0,0.15859247555593411,0.05373765528202057,0.13358170768286462,0.15374431014060974
"(306, 319)",12,1,0,0.15496843781700703,0.11178044229745865,0.14188939869343317,0.17418450117111206
"(306, 320)",12,1,0,0.08862483111562201,0.026654796674847603,0.1047855471332715,0.23600506782531738
"(306, 321)",12,1,0,0.16410105385263415,0.13461969792842865,0.132033027523093,0.15364514291286469
"(307, 308)",12,1,0,0.12481170930544683,0.13894301652908325,0.1974908499204744,0.23231858015060425
"(307, 309)",12,1,0,0.2066794329428705,0.11149585992097855,0.1938281868692537,0.23296509683132172
"(307, 310)",12,1,0,0.1467132242305422,0.08643154799938202,0.09114214598862214,0.12949541211128235
"(307, 311)",12,1,0,0.1460854208667231,0.09583856165409088,0.1806812847075548,0.26684537529945374
"(307, 312)",12,1,1,0.16131009417945305,0.1446840465068817,0.09735352623287129,0.2209363430738449
"(307, 313)",12,1,0,0.1861470480048083,0.20507870614528656,0.11753957812256505,0.2541055679321289
"(307, 314)",12,1,0,0.14244771750868562,0.18280364573001862,0.12637170569359013,0.28668901324272156
"(307, 315)",12,1,0,0.17558270967314962,0.11501037329435349,0.1377370620402934,0.23011669516563416
"(307, 316)",12,1,1,0.17139917657457393,0.1564258188009262,0.10483077797849541,0.24199293553829193
"(307, 317)",12,1,1,0.18044864401619196,0.11320219933986664,0.12829187285987098,0.13462235033512115
"(307, 318)",12,1,0,0.14979373298380197,0.04387520253658295,0.11196747958224436,0.17802034318447113
"(307, 319)",12,1,0,0.14592097720357095,0.14306072890758514,0.13629992894270185,0.2313207983970642
"(307, 320)",12,1,0,0.07821706319725431,0.07085166126489639,0.0760472181657681,0.2446884661912918
"(307, 321)",12,1,0,0.15453260608638938,0.10037579387426376,0.10351676673202503,0.18776822090148926
"(322, 332)",13,0,0,0.13781435530100922,0.08650437742471695,0.24333278131351807,0.18107499182224274
"(322, 333)",13,0,0,0.14407766033125835,0.044462379068136215,0.14847211769549043,0.1186225414276123
"(322, 334)",13,0,0,0.12561422072279876,0.02821367233991623,0.20156541598309569,0.12017346173524857
"(322, 335)",13,0,0,0.2690141761633905,0.18574054539203644,0.2834719863416525,0.19597311317920685
"(322, 336)",13,0,0,0.1691532057306501,0.14361710846424103,0.24627128987979346,0.16498452425003052
"(322, 337)",13,0,1,0.14240007667461677,0.14956235885620117,0.20209944255460485,0.1270258128643036
"(322, 338)",13,0,0,0.19171509860249777,0.25170397758483887,0.272450630437131,0.22831661999225616
"(322, 339)",13,0,1,0.1762439104709258,0.13798923790454865,0.1906948801915435,0.0844830796122551
"(322, 340)",13,0,0,0.1762439104709258,0.13798923790454865,0.1906948801915435,0.0844830796122551
"(323, 332)",13,0,1,0.13690583951936672,0.151675745844841,0.16777418202901942,0.11296295374631882
"(323, 333)",13,0,1,0.21903555386534052,0.11099103093147278,0.1802832620812124,0.11035232990980148
"(323, 334)",13,0,0,0.18063151101037636,0.12189776450395584,0.2257037455869253,0.0889819860458374
"(323, 335)",13,0,0,0.35883598653042487,0.4739247262477875,0.25068385451921327,0.16215400397777557
"(323, 336)",13,0,0,0.2518929261869244,0.41449132561683655,0.2593682744484271,0.20653802156448364
"(323, 337)",13,0,0,0.26754434318732895,0.28389620780944824,0.2856089850550774,0.07416228950023651
"(323, 338)",13,0,0,0.3078091673292758,0.34673646092414856,0.3176705591504587,0.29629814624786377
"(323, 339)",13,0,1,0.21831584943383814,0.28315818309783936,0.20474301896739755,0.12402064353227615
"(323, 340)",13,0,0,0.21831584943383814,0.28315818309783936,0.20474301896739755,0.12402064353227615
"(324, 332)",13,0,1,0.1252573768589605,0.10672168433666229,0.10731494578789019,0.09995676577091217
"(324, 333)",13,0,0,0.2441198657071322,0.143388569355011,0.26262972750064206,0.2207796722650528
"(324, 334)",13,0,0,0.13375740635945918,0.034111909568309784,0.13775592389157915,0.06641839444637299
"(324, 335)",13,0,1,0.36355305961796053,0.18189312517642975,0.2939626426627971,0.23261897265911102
"(324, 336)",13,0,1,0.21810335643539872,0.14095674455165863,0.23482841337675342,0.1973118633031845
"(324, 337)",13,0,0,0.15656741607085134,0.0936553105711937,0.18735870964254855,0.08680160343647003
"(324, 338)",13,0,0,0.2175352005121993,0.14583924412727356,0.2014539877493994,0.18289515376091003
"(324, 339)",13,0,0,0.17583446997595717,0.11489509046077728,0.1532991201549938,0.10452472418546677
"(324, 340)",13,0,1,0.17583446997595717,0.11489509046077728,0.1532991201549938,0.10452472418546677
"(325, 332)",13,0,0,0.16730438389190894,0.25905460119247437,0.17628306075314298,0.1926092952489853
"(325, 333)",13,0,0,0.17848173577660859,0.06983008980751038,0.16993366344088123,0.1810200810432434
"(325, 334)",13,0,0,0.15639363212707436,0.07097412645816803,0.16474408831417944,0.1603611409664154
"(325, 335)",13,0,0,0.31592288686225384,0.3161197006702423,0.2805584357189928,0.32476386427879333
"(325, 336)",13,0,0,0.20320839722830206,0.24331314861774445,0.2918276276133415,0.20771272480487823
"(325, 337)",13,0,1,0.17321192663136892,0.20518054068088531,0.19063822600483288,0.15741051733493805
"(325, 338)",13,0,1,0.226314746371768,0.22987428307533264,0.2491304740152156,0.21651475131511688
"(325, 339)",13,0,1,0.18558651927217712,0.18925680220127106,0.1791435692515223,0.1839347928762436
"(325, 340)",13,0,0,0.18558651927217712,0.18925680220127106,0.1791435692515223,0.1839347928762436
"(326, 332)",13,0,0,0.15456920796244428,0.11349524557590485,0.11863532275102555,0.17215996980667114
"(326, 333)",13,0,0,0.15899878308415752,0.06575464457273483,0.10187373291024825,0.08191476762294769
"(326, 334)",13,0,0,0.15833441226599382,0.04493170231580734,0.12342694228462897,0.09999595582485199
"(326, 335)",13,0,0,0.2527965260134058,0.18967431783676147,0.1617744592203665,0.18567608296871185
"(326, 336)",13,0,0,0.17080873683057712,0.1273384690284729,0.1590344716273464,0.16543687880039215
"(326, 337)",13,0,1,0.17085008034679194,0.09117542207241058,0.13410619972003737,0.05480501428246498
"(326, 338)",13,0,1,0.19259518072791998,0.22069306671619415,0.15728645116153173,0.19883614778518677
"(326, 339)",13,0,0,0.22138469593448962,0.13851599395275116,0.1258751476077363,0.1168539896607399
"(326, 340)",13,0,0,0.22138469593448962,0.13851599395275116,0.1258751476077363,0.1168539896607399
"(327, 332)",13,0,0,0.11584347290753717,0.06059427931904793,0.0825402017786261,0.12450128048658371
"(327, 333)",13,0,0,0.14942418614433556,0.1164272278547287,0.16561115962832257,0.1701827347278595
"(327, 334)",13,0,0,0.15447105148995754,0.08027033507823944,0.13191937923947797,0.13053284585475922
"(327, 335)",13,0,0,0.25485066517261334,0.19767042994499207,0.21727926224554203,0.2645050287246704
"(327, 336)",13,0,0,0.16804252331827577,0.10037641227245331,0.1885572808819963,0.18313805758953094
"(327, 337)",13,0,0,0.17121433500065755,0.20019090175628662,0.18213014132124972,0.1563824713230133
"(327, 338)",13,0,0,0.1892103615929653,0.0782182365655899,0.17154749165521269,0.20249997079372406
"(327, 339)",13,0,0,0.15916674263917965,0.08371686190366745,0.1293588918267277,0.1621437519788742
"(327, 340)",13,0,0,0.15916674263917965,0.08371686190366745,0.1293588918267277,0.1621437519788742
"(328, 332)",13,0,0,0.13208821047651076,0.040248651057481766,0.12957606111066675,0.12636388838291168
"(328, 333)",13,0,0,0.22444453964248107,0.23666056990623474,0.3003143937074013,0.11415174603462219
"(328, 334)",13,0,0,0.1674349959079119,0.055906787514686584,0.20212180853722947,0.1391332894563675
"(328, 335)",13,0,0,0.26931329728620385,0.21192800998687744,0.28829076690593874,0.23698213696479797
"(328, 336)",13,0,0,0.2110018912369348,0.10528480261564255,0.29681650931717923,0.1719679981470108
"(328, 337)",13,0,0,0.1830785653494914,0.2922523021697998,0.26563427198305045,0.1342243105173111
"(328, 338)",13,0,0,0.2434663263171152,0.16098010540008545,0.29536692738332504,0.19066853821277618
"(328, 339)",13,0,1,0.2005498306681875,0.13286851346492767,0.2104275823121606,0.1390022337436676
"(328, 340)",13,0,0,0.2005498306681875,0.13286851346492767,0.2104275823121606,0.1390022337436676
"(329, 332)",13,0,0,0.09953373315454833,0.0510772243142128,0.10767058946175583,0.20683491230010986
"(329, 333)",13,0,0,0.14624574613502087,0.0646347925066948,0.20081482926826769,0.1519027054309845
"(329, 334)",13,0,0,0.13175814323051765,0.04913634434342384,0.1574415584783587,0.16003499925136566
"(329, 335)",13,0,0,0.21703621571437293,0.1110774576663971,0.22237421612828728,0.24792687594890594
"(329, 336)",13,0,0,0.17052834387292562,0.12763383984565735,0.23853953436878977,0.25323203206062317
"(329, 337)",13,0,0,0.14240605992532762,0.15814605355262756,0.207042898472021,0.17883022129535675
"(329, 338)",13,0,0,0.19385784666602052,0.10196474939584732,0.23142916538907551,0.23602959513664246
"(329, 339)",13,0,0,0.14850176251856625,0.09291020780801773,0.16230469714139054,0.16565626859664917
"(329, 340)",13,0,0,0.14850176251856625,0.09291020780801773,0.16230469714139054,0.16565626859664917
"(330, 332)",13,0,0,0.09399324249952717,0.05617847293615341,0.1256023868545788,0.1327695995569229
"(330, 333)",13,0,1,0.1928243908821351,0.08805767446756363,0.1629145670187159,0.18130889534950256
"(330, 334)",13,0,0,0.13018394133534,0.04867278411984444,0.1779401068394167,0.1415475755929947
"(330, 335)",13,0,0,0.29470636248041315,0.23385633528232574,0.21614602994667678,0.24330615997314453
"(330, 336)",13,0,0,0.1807894745985238,0.16122397780418396,0.21218949216181024,0.19482861459255219
"(330, 337)",13,0,0,0.19957533191624105,0.24803000688552856,0.23641717846384908,0.15293845534324646
"(330, 338)",13,0,0,0.22680865303767198,0.1493467539548874,0.2632234190131036,0.29465022683143616
"(330, 339)",13,0,0,0.17063329459612983,0.12219567596912384,0.14680191553453786,0.12626618146896362
"(330, 340)",13,0,0,0.17063329459612983,0.12219567596912384,0.14680191553453786,0.12626618146896362
"(331, 332)",13,0,0,0.11465845457792949,0.06623078882694244,0.10454904475300084,0.10447395592927933
"(331, 333)",13,0,0,0.13604796951689432,0.06512261182069778,0.17686549699426998,0.10735496133565903
"(331, 334)",13,0,0,0.14261815457043134,0.022789252921938896,0.15305838155154866,0.08815128356218338
"(331, 335)",13,0,0,0.239629490218801,0.23677568137645721,0.2245007930408593,0.23591864109039307
"(331, 336)",13,0,0,0.15401497460969235,0.07309269905090332,0.19933200325592984,0.20947159826755524
"(331, 337)",13,0,0,0.15736879222145153,0.08451047539710999,0.21131255154976336,0.13006021082401276
"(331, 338)",13,0,0,0.17523170373622404,0.14337024092674255,0.18957809393931285,0.19591432809829712
"(331, 339)",13,0,0,0.18501469318889827,0.09718881547451019,0.18115988910503075,0.1782962828874588
"(331, 340)",13,0,0,0.18501469318889827,0.09718881547451019,0.18115988910503075,0.1782962828874588
"(341, 361)",14,4,0,0.057639726938986106,0.030635114759206772,0.04060714447366058,0.08497938513755798
"(341, 362)",14,4,0,0.1339957164465259,0.18007732927799225,0.0871646963283257,0.16154888272285461
"(341, 363)",14,4,0,0.1622664258683435,0.11655281484127045,0.12809400558336603,0.10712888091802597
"(341, 364)",14,4,0,0.15789627301347156,0.07009351253509521,0.15949099346051734,0.15823911130428314
"(341, 365)",14,4,0,0.24824639203559648,0.17396681010723114,0.1937100267579015,0.2127801924943924
"(341, 366)",14,4,1,0.1899447428230134,0.17784640192985535,0.1486168253183446,0.16924040019512177
"(341, 367)",14,4,0,0.25748938401875376,0.5352880954742432,0.1749826622036013,0.2436545491218567
"(341, 368)",14,4,1,0.2951759371948846,0.31944677233695984,0.1963516888491055,0.2982240617275238
"(341, 369)",14,4,0,0.17034606140838016,0.16298528015613556,0.1095449666211726,0.15381458401679993
"(341, 370)",14,4,0,0.1988228352021555,0.31512972712516785,0.15471688998761715,0.21214264631271362
"(341, 371)",14,4,1,0.2471044981837629,0.3005211651325226,0.1509635821703264,0.29431939125061035
"(341, 372)",14,4,0,0.15800155615998107,0.062353264540433884,0.12112554307572737,0.10296475887298584
"(341, 373)",14,4,0,0.20718967534333688,0.2794821560382843,0.20472511929298665,0.30488744378089905
"(341, 374)",14,4,0,0.14220170456578748,0.1931033730506897,0.13591905194182602,0.18987226486206055
"(341, 375)",14,4,0,0.1949715509839264,0.15816840529441833,0.15558594708752435,0.20089216530323029
"(341, 376)",14,4,0,0.16933848128336854,0.19944578409194946,0.16076704034743577,0.24994578957557678
"(341, 377)",14,4,0,0.16233301733928035,0.10429096966981888,0.18360339190053115,0.090518519282341
"(341, 378)",14,4,0,0.15567690946527113,0.1654595136642456,0.13213676296792404,0.11393117904663086
"(342, 361)",14,4,0,0.10783279097758137,0.025209704414010048,0.06676688872111475,0.04474451020359993
"(342, 362)",14,4,0,0.19062942514926148,0.08731002360582352,0.12344298548374207,0.1205931305885315
"(342, 363)",14,4,0,0.11320212670712541,0.039588652551174164,0.08560789365248472,0.06314438581466675
"(342, 364)",14,4,0,0.1504174018370934,0.026487387716770172,0.17848863385711855,0.09347239881753922
"(342, 365)",14,4,0,0.2502003886868205,0.03499443456530571,0.18822407204387293,0.14504429697990417
"(342, 366)",14,4,0,0.1585466713362427,0.03493229299783707,0.11184869082882846,0.07447639852762222
"(342, 367)",14,4,1,0.16040999727642918,0.046785302460193634,0.10386844108928492,0.05871348828077316
"(342, 368)",14,4,0,0.16442880011726227,0.054196618497371674,0.11657188799838504,0.0918348878622055
"(342, 369)",14,4,0,0.15628552273819443,0.09109382331371307,0.0962703191481707,0.10068808495998383
"(342, 370)",14,4,0,0.1826004412592327,0.044714607298374176,0.1316807488936786,0.07108383625745773
"(342, 371)",14,4,0,0.20869206339083662,0.07955950498580933,0.12274033119076055,0.1077851876616478
"(342, 372)",14,4,0,0.1415256009938297,0.015073202550411224,0.10340035046993347,0.035535309463739395
"(342, 373)",14,4,0,0.23112328663555448,0.053277187049388885,0.2555301276278753,0.1534741073846817
"(342, 374)",14,4,0,0.17173665111075345,0.033075712621212006,0.12343812027521413,0.06715667247772217
"(342, 375)",14,4,0,0.16701010106990252,0.024560939520597458,0.1315231335009879,0.07423712313175201
"(342, 376)",14,4,0,0.12985093279585783,0.03516565263271332,0.1060978256667645,0.07747106999158859
"(342, 377)",14,4,0,0.12690760665778458,0.028196001425385475,0.12590528035316415,0.05325291305780411
"(342, 378)",14,4,0,0.17713237850307023,0.04371737688779831,0.1473230117473056,0.055202044546604156
"(343, 361)",14,4,1,0.04056893342140917,0.08588431775569916,0.08673438531049561,0.11398915201425552
"(343, 362)",14,4,1,0.07885253742892732,0.194857656955719,0.1650331121162734,0.11338094621896744
"(343, 363)",14,4,0,0.05097520147794498,0.02541814185678959,0.08910355316401637,0.11988280713558197
"(343, 364)",14,4,0,0.07334088734096195,0.04623941332101822,0.14014527126970314,0.05541926994919777
"(343, 365)",14,4,0,0.14344501119006056,0.035456933081150055,0.26058084115851105,0.11408239603042603
"(343, 366)",14,4,0,0.08842297592511555,0.11197282373905182,0.18134865712261278,0.10915525257587433
"(343, 367)",14,4,0,0.08998193573089568,0.08734272420406342,0.12786553098812495,0.0809432864189148
"(343, 368)",14,4,0,0.076470941485858,0.07739049941301346,0.12259785949236368,0.09084051102399826
"(343, 369)",14,4,0,0.06396240544499611,0.20818422734737396,0.1191573348075416,0.06434937566518784
"(343, 370)",14,4,0,0.1050230617680826,0.09157413244247437,0.1608910390731296,0.08576573431491852
"(343, 371)",14,4,0,0.11898492175080638,0.10347854346036911,0.10787895123562756,0.08519171923398972
"(343, 372)",14,4,0,0.0686372990865828,0.029194248840212822,0.12824147465706048,0.032193150371313095
"(343, 373)",14,4,0,0.11430923216338343,0.08891820907592773,0.20060228949461104,0.10657752305269241
"(343, 374)",14,4,0,0.08716626458136059,0.06873393058776855,0.17342253404608482,0.09613775461912155
"(343, 375)",14,4,0,0.09062834908213976,0.036819007247686386,0.16325320304343963,0.06152854859828949
"(343, 376)",14,4,0,0.0616703319497489,0.058999236673116684,0.11490805839179485,0.04465719312429428
"(343, 377)",14,4,0,0.06645363388755834,0.03779999166727066,0.14668752650941771,0.04389246180653572
"(343, 378)",14,4,0,0.08460369455117821,0.13837650418281555,0.1621903228134586,0.06913105398416519
"(344, 361)",14,4,0,0.0524776169615003,0.06741876900196075,0.07318091411152854,0.08319514244794846
"(344, 362)",14,4,0,0.13234615501747382,0.2668458819389343,0.1755031037841324,0.20089009404182434
"(344, 363)",14,4,0,0.10782999919099791,0.08703877776861191,0.1419714126700995,0.1373617947101593
"(344, 364)",14,4,1,0.13125066659893633,0.09433972090482712,0.255073774078328,0.1862160563468933
"(344, 365)",14,4,0,0.17553810369434947,0.1855163872241974,0.24665675831737202,0.28779134154319763
"(344, 366)",14,4,1,0.13674636995382267,0.16334834694862366,0.18526548399198234,0.19683319330215454
"(344, 367)",14,4,0,0.1967682678629083,0.4334332048892975,0.216571648303784,0.26423579454421997
"(344, 368)",14,4,0,0.21872399433811704,0.4058050215244293,0.2643606088123027,0.3279707431793213
"(344, 369)",14,4,1,0.15303157092248373,0.2575942277908325,0.17727895132966023,0.1792103797197342
"(344, 370)",14,4,0,0.14915730239515773,0.1741187423467636,0.18947033546586503,0.17464585602283478
"(344, 371)",14,4,0,0.201869335153784,0.23613782227039337,0.19048473275088357,0.3605688512325287
"(344, 372)",14,4,0,0.12014478095302081,0.04572395607829094,0.15990586021492015,0.11024636030197144
"(344, 373)",14,4,0,0.17394386555551322,0.19326062500476837,0.32447971614325305,0.29835230112075806
"(344, 374)",14,4,0,0.11783401487236987,0.12310723960399628,0.17266621202704963,0.16716527938842773
"(344, 375)",14,4,0,0.14609263492229424,0.2267640233039856,0.21100687646501773,0.2502957582473755
"(344, 376)",14,4,0,0.12004617672284469,0.08113398402929306,0.1753019976838127,0.1419895589351654
"(344, 377)",14,4,1,0.12041261788744712,0.17218275368213654,0.21825051947147997,0.13563621044158936
"(344, 378)",14,4,0,0.1344608304820376,0.18339158594608307,0.2113432822780186,0.18723858892917633
"(345, 361)",14,4,0,0.06895585946248725,0.0703829750418663,0.06229571256748385,0.09444685280323029
"(345, 362)",14,4,0,0.13980635015251186,0.2251461297273636,0.12653418295263308,0.15308916568756104
"(345, 363)",14,4,0,0.13560401789349877,0.1181376650929451,0.09962392309261178,0.128227099776268
"(345, 364)",14,4,1,0.15306949006667192,0.06491251289844513,0.16376131692514306,0.13517619669437408
"(345, 365)",14,4,0,0.18944305924110352,0.19003494083881378,0.1895828542144857,0.17441652715206146
"(345, 366)",14,4,1,0.1539818117044948,0.15138673782348633,0.1507847356278771,0.16878128051757812
"(345, 367)",14,4,0,0.16524738799465605,0.3504996597766876,0.13754033692517467,0.14716632664203644
"(345, 368)",14,4,1,0.19474189980260853,0.26582199335098267,0.1394680436047716,0.16350582242012024
"(345, 369)",14,4,1,0.17959270205839062,0.19791178405284882,0.14133935844714207,0.16341719031333923
"(345, 370)",14,4,0,0.1762687605165927,0.23522816598415375,0.16667009742881286,0.16632388532161713
"(345, 371)",14,4,0,0.20702189340336663,0.17986533045768738,0.13903119458838406,0.1669992059469223
"(345, 372)",14,4,0,0.14286828456987502,0.08308947831392288,0.13083027888575005,0.06536025553941727
"(345, 373)",14,4,0,0.19398153627030165,0.28111711144447327,0.1942744208066503,0.2979705035686493
"(345, 374)",14,4,0,0.13427780144680118,0.1656654328107834,0.11383689989058227,0.1548488587141037
"(345, 375)",14,4,0,0.15952528832419022,0.16033396124839783,0.15777679200971662,0.13494572043418884
"(345, 376)",14,4,0,0.15139486713266503,0.09232994168996811,0.12384363607396533,0.20952802896499634
"(345, 377)",14,4,0,0.13184867373482892,0.16881829500198364,0.13946321844009318,0.11277070641517639
"(345, 378)",14,4,0,0.14700810870159206,0.16673864424228668,0.1578599626614666,0.1060788705945015
"(346, 361)",14,4,0,0.08575793278821385,0.08909780532121658,0.07897054565482901,0.12024466693401337
"(346, 362)",14,4,0,0.14733988537108708,0.2532846927642822,0.14294246144417774,0.2125237137079239
"(346, 363)",14,4,0,0.11981111754804323,0.06319398432970047,0.11506081345328535,0.1317136585712433
"(346, 364)",14,4,0,0.13530463678625715,0.07457921653985977,0.17624495555062225,0.14392507076263428
"(346, 365)",14,4,0,0.21325270806049607,0.15156014263629913,0.2196879452669396,0.2748984098434448
"(346, 366)",14,4,1,0.14628736753214358,0.18757814168930054,0.13929829591220483,0.1796284317970276
"(346, 367)",14,4,1,0.15375255719420836,0.2020968794822693,0.1309184329349498,0.15537816286087036
"(346, 368)",14,4,0,0.1623944698869543,0.13728828728199005,0.14728795640940398,0.18895454704761505
"(346, 369)",14,4,0,0.150042435442224,0.18939374387264252,0.12358504120949766,0.15171794593334198
"(346, 370)",14,4,1,0.17240475477851966,0.14789269864559174,0.16596606644604517,0.20682498812675476
"(346, 371)",14,4,0,0.20532404528582088,0.2177794873714447,0.14928494765773803,0.2423984706401825
"(346, 372)",14,4,1,0.12390464542064293,0.05984547361731529,0.11534641710177093,0.08079016208648682
"(346, 373)",14,4,1,0.19169260632184876,0.16485649347305298,0.23621006768883154,0.3269786834716797
"(346, 374)",14,4,0,0.13300373187667552,0.13919255137443542,0.13206244412226414,0.16844873130321503
"(346, 375)",14,4,0,0.16214292772262417,0.1082344576716423,0.17476490528229616,0.2020455300807953
"(346, 376)",14,4,0,0.1238033896199517,0.09375889599323273,0.1270513567724405,0.1337834745645523
"(346, 377)",14,4,0,0.12516316937047697,0.0898846909403801,0.16798441668441647,0.11340779811143875
"(346, 378)",14,4,1,0.14703053579237887,0.1201530322432518,0.1621398313020688,0.15052203834056854
"(347, 361)",14,4,0,0.08383103711715537,0.05389663577079773,0.06963845992302319,0.06342574208974838
"(347, 362)",14,4,0,0.2036848431698502,0.1806180626153946,0.17610484245780691,0.20570889115333557
"(347, 363)",14,4,0,0.1923512924538204,0.12290824949741364,0.17493901150284813,0.133281871676445
"(347, 364)",14,4,0,0.22678876994346123,0.16626912355422974,0.2644199787250483,0.2574465274810791
"(347, 365)",14,4,0,0.32041064665857455,0.20471687614917755,0.3076618865399906,0.29916879534721375
"(347, 366)",14,4,0,0.2596879376179273,0.22530993819236755,0.2317627254182414,0.2069401890039444
"(347, 367)",14,4,0,0.2825628274204576,0.3613334000110626,0.2234688399239223,0.2560468912124634
"(347, 368)",14,4,0,0.26274135682547517,0.4022006094455719,0.22711695805670737,0.31247252225875854
"(347, 369)",14,4,0,0.22988638558148117,0.2916985750198364,0.1699634723367095,0.2121056616306305
"(347, 370)",14,4,0,0.279642365021499,0.16717657446861267,0.25043103177992837,0.25707918405532837
"(347, 371)",14,4,0,0.33591143710930416,0.3277842402458191,0.22815986295244928,0.3330337107181549
"(347, 372)",14,4,0,0.20709399271151088,0.03555281087756157,0.1788582946036383,0.09529249370098114
"(347, 373)",14,4,0,0.2901784211581789,0.22688941657543182,0.32731849358310633,0.35672688484191895
"(347, 374)",14,4,0,0.19635571323862927,0.09924305975437164,0.17600293131267955,0.10221957415342331
"(347, 375)",14,4,0,0.27773839023807234,0.2902781665325165,0.2734550200362233,0.29589933156967163
"(347, 376)",14,4,0,0.2118690247208366,0.22814448177814484,0.20312691330817484,0.19802571833133698
"(347, 377)",14,4,0,0.23262657283817625,0.19146628677845,0.2724226789095327,0.1610892117023468
"(347, 378)",14,4,0,0.22645522920377867,0.20938649773597717,0.23140967268572807,0.18839667737483978
"(348, 361)",14,4,0,0.039433476778989715,0.020736301317811012,0.04664031583367351,0.06664136052131653
"(348, 362)",14,4,0,0.09535550261465216,0.037668172270059586,0.12480613289143883,0.10087378323078156
"(348, 363)",14,4,1,0.1150470783236541,0.02905433252453804,0.16041878252491715,0.09110121428966522
"(348, 364)",14,4,0,0.11326531214738189,0.028959201648831367,0.17564835334443513,0.07049615681171417
"(348, 365)",14,4,0,0.16885826725244443,0.021319737657904625,0.22110555169754628,0.10240129381418228
"(348, 366)",14,4,0,0.1359783955157109,0.07363665848970413,0.17049006350424775,0.10226424038410187
"(348, 367)",14,4,0,0.13586287209615677,0.062006205320358276,0.13540565417001826,0.10848594456911087
"(348, 368)",14,4,0,0.15367585566169395,0.044814761728048325,0.1695291691413669,0.11227180808782578
"(348, 369)",14,4,0,0.12111546904868443,0.08986411243677139,0.11817021750885078,0.09664769470691681
"(348, 370)",14,4,0,0.1427786740045377,0.04004007205367088,0.15589887632104868,0.10085824131965637
"(348, 371)",14,4,0,0.17832574411131238,0.0654139444231987,0.12170739456832232,0.15396825969219208
"(348, 372)",14,4,0,0.1062949485235378,0.015707924962043762,0.11713569757311303,0.032876841723918915
"(348, 373)",14,4,0,0.15112593965067384,0.028903184458613396,0.21302635113984747,0.13526976108551025
"(348, 374)",14,4,0,0.09747292874220098,0.013760770671069622,0.15104226327875223,0.07246124744415283
"(348, 375)",14,4,0,0.14162334697148735,0.03222092241048813,0.17356115308520398,0.1029229536652565
"(348, 376)",14,4,0,0.11144388504351622,0.034529659897089005,0.15582143517661454,0.0598934069275856
"(348, 377)",14,4,0,0.11358963525394004,0.037523575127124786,0.20999633973021584,0.07257314771413803
"(348, 378)",14,4,0,0.11012303613870107,0.027801383286714554,0.14388875791133696,0.05772002041339874
"(349, 361)",14,4,0,0.09325139195813967,0.07961307466030121,0.1041407960914779,0.1487710326910019
"(349, 362)",14,4,1,0.17187977036878632,0.20758093893527985,0.18836166907679255,0.17339962720870972
"(349, 363)",14,4,0,0.12119460851982536,0.1981569081544876,0.12237570337784098,0.10920131951570511
"(349, 364)",14,4,0,0.15985025534551467,0.14040634036064148,0.19081050709198108,0.1315358430147171
"(349, 365)",14,4,0,0.25397564842263054,0.1739390790462494,0.2758423729670004,0.28691649436950684
"(349, 366)",14,4,1,0.1565514180158773,0.1747196465730667,0.1794135822865706,0.1610518842935562
"(349, 367)",14,4,1,0.162404584522548,0.22675244510173798,0.1551669876465692,0.12395418435335159
"(349, 368)",14,4,1,0.16309428423336453,0.18610846996307373,0.14845285765807067,0.17386093735694885
"(349, 369)",14,4,0,0.19932732369829226,0.26465511322021484,0.21242487217241346,0.17486871778964996
"(349, 370)",14,4,0,0.19592592470692158,0.14109106361865997,0.1958180150501699,0.12416543811559677
"(349, 371)",14,4,1,0.21362581838379077,0.14433284103870392,0.14429869254382688,0.19926656782627106
"(349, 372)",14,4,1,0.1415075742485847,0.10107746720314026,0.1662560308539661,0.08073835074901581
"(349, 373)",14,4,1,0.24416276726720113,0.18984338641166687,0.26730494570797675,0.2722473740577698
"(349, 374)",14,4,0,0.18669779140655035,0.21600233018398285,0.2009032120964317,0.18672798573970795
"(349, 375)",14,4,1,0.16698945967316897,0.1108396127820015,0.18439315090991074,0.13267815113067627
"(349, 376)",14,4,0,0.12650784551382746,0.08755433559417725,0.14250542043198167,0.11249293386936188
"(349, 377)",14,4,0,0.13337077597148375,0.052720487117767334,0.16148611810344715,0.06881851702928543
"(349, 378)",14,4,0,0.1901516518844458,0.27238476276397705,0.22121873816602086,0.1579824537038803
"(350, 361)",14,4,0,0.07183869799497375,0.06916619092226028,0.07843747444483112,0.1204676702618599
"(350, 362)",14,4,0,0.14744067306256728,0.22752375900745392,0.1672702926479661,0.2564316391944885
"(350, 363)",14,4,0,0.08453874884947436,0.07591542601585388,0.08096853195016063,0.12558895349502563
"(350, 364)",14,4,0,0.12513805820373383,0.04690684750676155,0.14793124519779388,0.11716444790363312
"(350, 365)",14,4,0,0.20154495411259143,0.10821574926376343,0.22131095960258648,0.26011911034584045
"(350, 366)",14,4,1,0.12590865264662401,0.08108357340097427,0.14164097140677928,0.1564054638147354
"(350, 367)",14,4,0,0.1320008226334748,0.17653734982013702,0.11403837983530574,0.1371377408504486
"(350, 368)",14,4,1,0.12625010033666104,0.0777163952589035,0.11297503475991488,0.1038266196846962
"(350, 369)",14,4,0,0.12130429580866199,0.12199030816555023,0.1172647446437399,0.12670938670635223
"(350, 370)",14,4,0,0.15357179116093417,0.1082862988114357,0.146541892870297,0.17155002057552338
"(350, 371)",14,4,0,0.16913397267328095,0.13745592534542084,0.0984200306687632,0.15988056361675262
"(350, 372)",14,4,0,0.12558282555268366,0.05289561301469803,0.1319508950844406,0.06386582553386688
"(350, 373)",14,4,1,0.1838169245186816,0.11676408350467682,0.18818080639217707,0.21101613342761993
"(350, 374)",14,4,0,0.14717683806644727,0.07903781533241272,0.15384019656921485,0.12364494800567627
"(350, 375)",14,4,0,0.13059748401092441,0.046014223247766495,0.138611077432594,0.1334788203239441
"(350, 376)",14,4,0,0.10912293971448125,0.04780733212828636,0.10683985543357273,0.087946817278862
"(350, 377)",14,4,0,0.09689721266925377,0.08129840344190598,0.11853654243187829,0.08271702378988266
"(350, 378)",14,4,0,0.14067045699011765,0.16477200388908386,0.1592375434686798,0.15131427347660065
"(351, 361)",14,4,0,0.10527414679595018,0.05392970144748688,0.10985281304647711,0.17131657898426056
"(351, 362)",14,4,1,0.15282095541260307,0.21023254096508026,0.1783584571789114,0.25436535477638245
"(351, 363)",14,4,0,0.08667465262015216,0.06580787152051926,0.11723109416247211,0.19035732746124268
"(351, 364)",14,4,1,0.11730286621248828,0.0550563707947731,0.1450601517709646,0.1468725949525833
"(351, 365)",14,4,0,0.20841691992526556,0.07252565026283264,0.2168901941761632,0.23072345554828644
"(351, 366)",14,4,0,0.12552827523781787,0.08502788096666336,0.12968690780451073,0.15047140419483185
"(351, 367)",14,4,0,0.1254203412080172,0.08830174803733826,0.09619608744248914,0.1253298968076706
"(351, 368)",14,4,0,0.13097590869573614,0.09851132333278656,0.13353258670051762,0.13867734372615814
"(351, 369)",14,4,1,0.12751849530330295,0.14582940936088562,0.1191225501731027,0.14393654465675354
"(351, 370)",14,4,0,0.14543851554653256,0.05572045221924782,0.12169704098275894,0.1107928678393364
"(351, 371)",14,4,0,0.1693908924158155,0.09479762613773346,0.08160163349097901,0.21853139996528625
"(351, 372)",14,4,0,0.11158189989574539,0.03758604824542999,0.09937097048014529,0.052799105644226074
"(351, 373)",14,4,1,0.1840912063553039,0.06124721094965935,0.19827861239476335,0.23748916387557983
"(351, 374)",14,4,0,0.13817969335044314,0.08160155266523361,0.1861703279565242,0.1516154706478119
"(351, 375)",14,4,1,0.1308050814197342,0.053473543375730515,0.12500000817299378,0.12336655706167221
"(351, 376)",14,4,0,0.09806266456282614,0.057331521064043045,0.11914122436553871,0.10695011168718338
"(351, 377)",14,4,0,0.09705722057951592,0.06158198416233063,0.15412167398977497,0.1037387028336525
"(351, 378)",14,4,0,0.13909944610308764,0.09588158875703812,0.14268954751783136,0.1402072310447693
"(352, 361)",14,4,0,0.07498355263967332,0.044199950993061066,0.1093135296673853,0.1532180905342102
"(352, 362)",14,4,0,0.16867811287188134,0.2414015680551529,0.2391240302523392,0.25072965025901794
"(352, 363)",14,4,1,0.10680903568359332,0.0782700777053833,0.1506470054906663,0.18859097361564636
"(352, 364)",14,4,1,0.15432519712036613,0.065396249294281,0.2158583475235104,0.1740412712097168
"(352, 365)",14,4,0,0.22587377193276312,0.08559573441743851,0.26680505923949044,0.3070264756679535
"(352, 366)",14,4,0,0.16494082760203035,0.11699613928794861,0.196915731999474,0.1676061600446701
"(352, 367)",14,4,0,0.1645271228905881,0.13400018215179443,0.15028533085327647,0.19637015461921692
"(352, 368)",14,4,0,0.1653680997781917,0.16078215837478638,0.21680987209938363,0.1977674514055252
"(352, 369)",14,4,1,0.14975030769072276,0.21583645045757294,0.1734754986698759,0.24934951961040497
"(352, 370)",14,4,0,0.18716015039827938,0.09255901724100113,0.18104500772293564,0.17178969085216522
"(352, 371)",14,4,0,0.20861118099984075,0.08617600053548813,0.11111677448305422,0.18849633634090424
"(352, 372)",14,4,0,0.147099519717692,0.042420417070388794,0.16444487428399177,0.08438495546579361
"(352, 373)",14,4,0,0.2231986024761175,0.062382545322179794,0.26261676651113863,0.2963964641094208
"(352, 374)",14,4,0,0.1683837806597731,0.054970238357782364,0.2497431719050618,0.1845458298921585
"(352, 375)",14,4,0,0.16284286172359477,0.0750943049788475,0.1776268386713527,0.18182942271232605
"(352, 376)",14,4,0,0.12990621611508363,0.06814228743314743,0.16822514931660698,0.14285975694656372
"(352, 377)",14,4,0,0.12198929865425454,0.06772147119045258,0.19080219203537094,0.1552387923002243
"(352, 378)",14,4,0,0.17490257749524252,0.11399540305137634,0.20730914496756095,0.16873204708099365
"(353, 361)",14,4,0,0.053017330613054386,0.04059717804193497,0.060993416251713464,0.0971338301897049
"(353, 362)",14,4,0,0.1213157942114884,0.17960771918296814,0.1296440261610985,0.18028044700622559
"(353, 363)",14,4,0,0.12425454734373037,0.09347639977931976,0.1597017957672757,0.13873282074928284
"(353, 364)",14,4,0,0.14902371152731447,0.025226924568414688,0.20194828912433385,0.09968098998069763
"(353, 365)",14,4,0,0.212661819228863,0.08998708426952362,0.23702443411452254,0.22332438826560974
"(353, 366)",14,4,0,0.17378617543703268,0.0824887827038765,0.1919924401428769,0.16405922174453735
"(353, 367)",14,4,0,0.1795105836383434,0.12971635162830353,0.16231447113828987,0.13142341375350952
"(353, 368)",14,4,0,0.1816728757273901,0.20915487408638,0.1763381926563985,0.17233216762542725
"(353, 369)",14,4,1,0.1529034902757092,0.17152702808380127,0.14639466782125377,0.14289487898349762
"(353, 370)",14,4,0,0.19357825265611717,0.0816030353307724,0.1976281351399913,0.1764099895954132
"(353, 371)",14,4,0,0.22652086134406857,0.1975950002670288,0.14710647129795598,0.273514986038208
"(353, 372)",14,4,0,0.1426500629056317,0.05269027501344681,0.15752953080918253,0.07779426127672195
"(353, 373)",14,4,0,0.18682403078971915,0.1032278761267662,0.2410603997419196,0.18940076231956482
"(353, 374)",14,4,0,0.13580810803828233,0.1277172863483429,0.20494347532297177,0.16784794628620148
"(353, 375)",14,4,0,0.1777055622221826,0.032642096281051636,0.18497277780133312,0.14076100289821625
"(353, 376)",14,4,0,0.15308575430296417,0.15507850050926208,0.2126430534237149,0.13997334241867065
"(353, 377)",14,4,0,0.14556698120514475,0.07106347382068634,0.2266344612333918,0.11775985360145569
"(353, 378)",14,4,0,0.14128002156221092,0.07405250519514084,0.1651386017314884,0.10525913536548615
"(354, 361)",14,4,0,0.05043248401242617,0.07260508835315704,0.0621890943606969,0.20437750220298767
"(354, 362)",14,4,1,0.11580828981569978,0.11478066444396973,0.1269459025850425,0.260177880525589
"(354, 363)",14,4,0,0.13907419302962637,0.11457891017198563,0.129555584450259,0.21677649021148682
"(354, 364)",14,4,1,0.1461378994238149,0.06614339351654053,0.2002122286740871,0.31896770000457764
"(354, 365)",14,4,1,0.2015639172670515,0.12344242632389069,0.24427419355055963,0.34023943543434143
"(354, 366)",14,4,1,0.16634757361560135,0.161138653755188,0.20258585663589537,0.3108270466327667
"(354, 367)",14,4,0,0.17187793122661138,0.5188890099525452,0.18205478099055175,0.3408452868461609
"(354, 368)",14,4,1,0.18860568815183346,0.29242411255836487,0.16870467522718707,0.3949626386165619
"(354, 369)",14,4,1,0.21663218874032053,0.3795769512653351,0.2080411867648583,0.3704952299594879
"(354, 370)",14,4,0,0.18548267280684763,0.2900341749191284,0.22162717921166694,0.45912909507751465
"(354, 371)",14,4,1,0.21741903484719977,0.3062741458415985,0.18602226139689515,0.4545961022377014
"(354, 372)",14,4,1,0.1466447938430369,0.1905357390642166,0.19310238839141178,0.23656141757965088
"(354, 373)",14,4,0,0.18114561522243725,0.1983264982700348,0.2339304606098319,0.4204719364643097
"(354, 374)",14,4,0,0.13313817410570736,0.16880832612514496,0.15874478432278477,0.30406054854393005
"(354, 375)",14,4,0,0.17224559193218214,0.21933451294898987,0.21162174739898795,0.41871193051338196
"(354, 376)",14,4,0,0.15148956057541138,0.16128982603549957,0.1749648550306,0.35352084040641785
"(354, 377)",14,4,0,0.14092523282514344,0.24794511497020721,0.1847874939602448,0.2380598932504654
"(354, 378)",14,4,0,0.1367530940670156,0.20601221919059753,0.18468572035635417,0.24985438585281372
"(355, 361)",14,4,0,0.06729518066821016,0.061603277921676636,0.08554613975475205,0.14024047553539276
"(355, 362)",14,4,0,0.15491014271595874,0.24389509856700897,0.18785493097653438,0.24311326444149017
"(355, 363)",14,4,0,0.15033315999385402,0.22751465439796448,0.15219079094283106,0.17981617152690887
"(355, 364)",14,4,0,0.1693240970278933,0.14385679364204407,0.22012174756381148,0.19682756066322327
"(355, 365)",14,4,0,0.2061621779890524,0.13189496099948883,0.24525627683442514,0.23348040878772736
"(355, 366)",14,4,1,0.17031381684466187,0.15709051489830017,0.1916853982190255,0.2681809961795807
"(355, 367)",14,4,0,0.17811673660865485,0.46967875957489014,0.1734140719659555,0.2435866892337799
"(355, 368)",14,4,0,0.21681886958716423,0.24384161829948425,0.19561354812531861,0.2774744927883148
"(355, 369)",14,4,0,0.2790333885677218,0.43936675786972046,0.26358443319143066,0.3319647014141083
"(355, 370)",14,4,0,0.18980128207479524,0.2817244529724121,0.20176147726817986,0.26617327332496643
"(355, 371)",14,4,0,0.224862030378788,0.23231272399425507,0.15682978441053605,0.2920461893081665
"(355, 372)",14,4,0,0.16369037724310687,0.10166756808757782,0.18539155063769341,0.1479320228099823
"(355, 373)",14,4,0,0.21099692930136396,0.2883169949054718,0.2598542317310013,0.41517478227615356
"(355, 374)",14,4,0,0.14888770375039945,0.16259831190109253,0.1708144348219521,0.18279865384101868
"(355, 375)",14,4,0,0.17632271873940827,0.1472293585538864,0.20038074280488335,0.2755799889564514
"(355, 376)",14,4,0,0.17828658688033597,0.10306841135025024,0.18861779270354848,0.17669829726219177
"(355, 377)",14,4,0,0.14439031444247483,0.10150998085737228,0.18330281795491854,0.14672528207302094
"(355, 378)",14,4,0,0.16072477554356968,0.2916679084300995,0.20987896600504616,0.2071540504693985
"(356, 361)",14,4,0,0.05730148425211042,0.06464545428752899,0.05717407372730995,0.17066240310668945
"(356, 362)",14,4,0,0.13914793674038445,0.22240887582302094,0.13723029826682098,0.20147642493247986
"(356, 363)",14,4,0,0.11689119873661068,0.17386174201965332,0.10011033376845167,0.12861375510692596
"(356, 364)",14,4,0,0.1610494600311789,0.1239013522863388,0.1732727842655655,0.19060134887695312
"(356, 365)",14,4,0,0.2071113460492586,0.14192259311676025,0.20546225679079022,0.30352726578712463
"(356, 366)",14,4,0,0.16344109983596158,0.17471164464950562,0.15212861801288852,0.1652836948633194
"(356, 367)",14,4,1,0.16950009276745095,0.1895381063222885,0.13635720924216593,0.15698951482772827
"(356, 368)",14,4,0,0.17157353763441094,0.31663575768470764,0.13300052466207116,0.26708799600601196
"(356, 369)",14,4,0,0.21884928717769056,0.3751235902309418,0.1831322416820831,0.24590712785720825
"(356, 370)",14,4,0,0.17996201068258288,0.18703322112560272,0.16391514024229295,0.2169453203678131
"(356, 371)",14,4,0,0.22236508775083264,0.15193866193294525,0.1287553081046639,0.22009749710559845
"(356, 372)",14,4,0,0.15356611650578558,0.08003615587949753,0.1497387112252865,0.1199965551495552
"(356, 373)",14,4,0,0.2086125134540513,0.22174598276615143,0.21551593362801333,0.33304518461227417
"(356, 374)",14,4,0,0.14509547390996055,0.13132977485656738,0.1423869361609628,0.1979362517595291
"(356, 375)",14,4,0,0.1785684820593223,0.1385880708694458,0.17125979197173222,0.21965937316417694
"(356, 376)",14,4,0,0.13400057843624133,0.11559847742319107,0.12036824240102854,0.17700214684009552
"(356, 377)",14,4,0,0.13440310939878972,0.14312568306922913,0.14496611605473603,0.1237381249666214
"(356, 378)",14,4,0,0.16079249707582327,0.15814049541950226,0.1748769233192038,0.20334483683109283
"(357, 361)",14,4,0,0.05581214393430265,0.10012314468622208,0.036329081742237535,0.11916182190179825
"(357, 362)",14,4,0,0.1255836250233473,0.15152020752429962,0.07683709004004344,0.18847501277923584
"(357, 363)",14,4,0,0.10951048009501467,0.1574314534664154,0.08912389572831948,0.1615084558725357
"(357, 364)",14,4,0,0.15801582279897583,0.09676220268011093,0.14907541939561225,0.2060687392950058
"(357, 365)",14,4,0,0.19296518774195157,0.28485727310180664,0.13753662264565517,0.28787121176719666
"(357, 366)",14,4,0,0.15697232327707542,0.14160002768039703,0.10692212133890173,0.168938547372818
"(357, 367)",14,4,0,0.1642850339069242,0.3818366229534149,0.09608798691603501,0.19148142635822296
"(357, 368)",14,4,1,0.15541900799052932,0.20427300035953522,0.09509809488246557,0.19697460532188416
"(357, 369)",14,4,0,0.13355328488560236,0.1312229484319687,0.08072279151525287,0.17681145668029785
"(357, 370)",14,4,0,0.17525569673887154,0.24703334271907806,0.11877160738613171,0.2046028971672058
"(357, 371)",14,4,0,0.20345342217422377,0.21943984925746918,0.09838532216013748,0.27792587876319885
"(357, 372)",14,4,0,0.15658050954003638,0.13339486718177795,0.11800067580217793,0.11300774663686752
"(357, 373)",14,4,0,0.19521838557953924,0.2456722855567932,0.17741728181928876,0.383147269487381
"(357, 374)",14,4,1,0.13871635215123995,0.3061847388744354,0.12586544816592776,0.22288790345191956
"(357, 375)",14,4,0,0.16260276867238382,0.2389318346977234,0.11236560391464366,0.1857958883047104
"(357, 376)",14,4,1,0.14088286287036103,0.18007692694664001,0.13617670798586903,0.2193354070186615
"(357, 377)",14,4,0,0.12021749146777279,0.11151838302612305,0.12332007606255645,0.09982515126466751
"(357, 378)",14,4,0,0.14613337987527103,0.20690003037452698,0.11197649344988578,0.20418259501457214
"(358, 361)",14,4,0,0.0996903777493254,0.1342228353023529,0.08074694671192252,0.09662630409002304
"(358, 362)",14,4,0,0.2336924409835835,0.3672696053981781,0.18366145945564127,0.2641659677028656
"(358, 363)",14,4,0,0.20616975360005277,0.2177703082561493,0.19546379978061704,0.15999025106430054
"(358, 364)",14,4,0,0.3278697109433097,0.3631473183631897,0.3364952735609597,0.30516350269317627
"(358, 365)",14,4,0,0.39009764041432715,0.3938484489917755,0.33554614441727093,0.39939984679222107
"(358, 366)",14,4,1,0.31919098949689606,0.22232314944267273,0.2520625435161765,0.2594689130783081
"(358, 367)",14,4,0,0.24582565670516054,0.41486531496047974,0.1900208924611113,0.21384812891483307
"(358, 368)",14,4,0,0.26847240019771085,0.307331383228302,0.21289232124780536,0.2784510850906372
"(358, 369)",14,4,0,0.2653733091917645,0.43957075476646423,0.1918082686993298,0.22171899676322937
"(358, 370)",14,4,0,0.35801258582357814,0.4209735095500946,0.2908668395519324,0.3201419413089752
"(358, 371)",14,4,0,0.4033637151330185,0.3565283417701721,0.27778016268428307,0.3932603895664215
"(358, 372)",14,4,0,0.2908855876445694,0.12112479656934738,0.24003139644156377,0.17573781311511993
"(358, 373)",14,4,0,0.40472387153989126,0.44551509618759155,0.4044316318238938,0.4468725919723511
"(358, 374)",14,4,0,0.2889412768387664,0.29203149676322937,0.25685259707937685,0.2382565140724182
"(358, 375)",14,4,0,0.33948079392397984,0.3960951268672943,0.2992414749726192,0.30972421169281006
"(358, 376)",14,4,1,0.29069315129430834,0.4025327265262604,0.28895543864830664,0.3173319697380066
"(358, 377)",14,4,0,0.3033695549271138,0.3641892969608307,0.3359019417592647,0.26265835762023926
"(358, 378)",14,4,0,0.3274504663591001,0.4865573048591614,0.2996259171106286,0.31136617064476013
"(359, 361)",14,4,0,0.041955924009428415,0.036219723522663116,0.04003809839640986,0.06918516755104065
"(359, 362)",14,4,1,0.10620865068507085,0.25116968154907227,0.11306819042414068,0.1908358484506607
"(359, 363)",14,4,0,0.0848906088506137,0.06954449415206909,0.06911762140488338,0.09814520180225372
"(359, 364)",14,4,0,0.10530325644810207,0.07124219089746475,0.11162591827381986,0.07611028850078583
"(359, 365)",14,4,0,0.14409518137968852,0.12296650558710098,0.15323176809149722,0.16517068445682526
"(359, 366)",14,4,1,0.10984987386088642,0.16885198652744293,0.1093277891535891,0.1347533017396927
"(359, 367)",14,4,0,0.11269636403610114,0.09837599843740463,0.08745043052388744,0.08536320924758911
"(359, 368)",14,4,0,0.12840820481985663,0.19550193846225739,0.10183657975773465,0.14565464854240417
"(359, 369)",14,4,1,0.1266460216128606,0.22754622995853424,0.11001903162925664,0.13241825997829437
"(359, 370)",14,4,0,0.12174202456594818,0.12181183695793152,0.1113478578118859,0.11084283143281937
"(359, 371)",14,4,0,0.16460630317821312,0.2624720633029938,0.0921508094028394,0.10955652594566345
"(359, 372)",14,4,0,0.09614993614711599,0.03717172145843506,0.08340909104886028,0.045547597110271454
"(359, 373)",14,4,0,0.14092541965812408,0.1555226445198059,0.14044301154957964,0.16846223175525665
"(359, 374)",14,4,0,0.0929882220673449,0.0862305536866188,0.08464158440730425,0.11732369661331177
"(359, 375)",14,4,0,0.1176082799941827,0.057077810168266296,0.11602887077617342,0.10587261617183685
"(359, 376)",14,4,0,0.09606887456135517,0.07199983298778534,0.07925357914181373,0.07100233435630798
"(359, 377)",14,4,0,0.09637014062102497,0.07103415578603745,0.105988917104134,0.09357546269893646
"(359, 378)",14,4,0,0.10653257758376754,0.12035650759935379,0.11578245173792605,0.08009704947471619
"(360, 361)",14,4,0,0.05049083804933955,0.030107764527201653,0.06026245480784546,0.0634453073143959
"(360, 362)",14,4,0,0.12217617594385732,0.11849617958068848,0.16460453422063034,0.12390917539596558
"(360, 363)",14,4,0,0.13116673158403275,0.10830961912870407,0.14971425228586235,0.11253872513771057
"(360, 364)",14,4,1,0.14815864983319585,0.10721533745527267,0.18587084899898612,0.16165462136268616
"(360, 365)",14,4,0,0.18586000957139415,0.04995858296751976,0.20880273735924335,0.09682498127222061
"(360, 366)",14,4,0,0.1490468529654207,0.06335008889436722,0.1602130895644099,0.13943788409233093
"(360, 367)",14,4,0,0.15802910217039545,0.16828948259353638,0.12714744184350857,0.11112654209136963
"(360, 368)",14,4,0,0.18879213211555498,0.2253151386976242,0.21152410502254673,0.1940428614616394
"(360, 369)",14,4,1,0.22451780582875136,0.303250789642334,0.19991702450474386,0.17989081144332886
"(360, 370)",14,4,0,0.1707636998673731,0.08205138891935349,0.15230635206908819,0.12548550963401794
"(360, 371)",14,4,1,0.20318971029244962,0.06677041947841644,0.09576241699495751,0.15172818303108215
"(360, 372)",14,4,0,0.14246060643837508,0.05703282728791237,0.1339794819767509,0.06693922728300095
"(360, 373)",14,4,0,0.18354638458205985,0.10424397885799408,0.20575411903730698,0.22586281597614288
"(360, 374)",14,4,0,0.1315687659275676,0.07480351626873016,0.17501107472700267,0.11982931941747665
"(360, 375)",14,4,1,0.15837280446335986,0.02802271954715252,0.15517535526927073,0.11037009954452515
"(360, 376)",14,4,0,0.1509671435909795,0.07756542414426804,0.1588034350215009,0.10333815217018127
"(360, 377)",14,4,0,0.12586931621731834,0.07358471304178238,0.16862104359109104,0.07859534025192261
"(360, 378)",14,4,0,0.14045249179235483,0.10324056446552277,0.15457302402130482,0.0916856974363327
"(379, 397)",15,2,0,0.12913932204550047,0.09815888106822968,0.07926732466871816,0.11782462149858475
"(379, 398)",15,2,0,0.1903904710998331,0.0631009042263031,0.16604824101546145,0.14877334237098694
"(379, 399)",15,2,0,0.23485830400450258,0.15969426929950714,0.20651990120848507,0.2996673285961151
"(379, 400)",15,2,1,0.12388777615839931,0.04747648909687996,0.06169172047169734,0.11590296775102615
"(379, 401)",15,2,0,0.22295671383498442,0.20966161787509918,0.19475371930169172,0.2673734426498413
"(379, 402)",15,2,1,0.09661400400369259,0.10442762821912766,0.07700128722907129,0.11442246288061142
"(379, 403)",15,2,0,0.06788084241404219,0.057731494307518005,0.04088955566946718,0.15069904923439026
"(379, 404)",15,2,0,0.10462482711519426,0.15459419786930084,0.08039484010794115,0.15833605825901031
"(379, 405)",15,2,0,0.12954622204751484,0.10653513669967651,0.12772215575746143,0.4231472611427307
"(379, 406)",15,2,0,0.13455883138003924,0.08899963647127151,0.12629470012084698,0.21179203689098358
"(379, 407)",15,2,0,0.1271761660346247,0.09305038303136826,0.11914394873109058,0.1442113071680069
"(379, 408)",15,2,0,0.1128633097537348,0.06512101739645004,0.08108052732955369,0.2012714296579361
"(379, 409)",15,2,0,0.07508823254995309,0.042220279574394226,0.05101542762945673,0.13118821382522583
"(379, 410)",15,2,0,0.11502501674078291,0.029722947627305984,0.07962706704187683,0.040601905435323715
"(379, 411)",15,2,0,0.20987147104882192,0.09353551268577576,0.1662568612792283,0.2184186726808548
"(379, 412)",15,2,0,0.14110564526497635,0.07086657732725143,0.12134805928704476,0.18260931968688965
"(379, 413)",15,2,0,0.16555852148091052,0.06823026388883591,0.1408661159805051,0.23419803380966187
"(379, 414)",15,2,0,0.1727045550350475,0.06120586767792702,0.08985796134135722,0.12742872536182404
"(379, 415)",15,2,0,0.21007302581070583,0.1141645684838295,0.15393980627726978,0.17667216062545776
"(380, 397)",15,2,0,0.16178999503721428,0.16398897767066956,0.16641705858460037,0.13341215252876282
"(380, 398)",15,2,0,0.1633893570338054,0.0803263783454895,0.15428030845245919,0.13071152567863464
"(380, 399)",15,2,0,0.20824402132891703,0.11479896306991577,0.2169674877630471,0.2664942741394043
"(380, 400)",15,2,0,0.11117731448992588,0.12077761441469193,0.04739341959316088,0.12141206115484238
"(380, 401)",15,2,0,0.20242205121797918,0.15901219844818115,0.24095728926683876,0.28273195028305054
"(380, 402)",15,2,0,0.12262396722963341,0.1403859704732895,0.21491898478008478,0.17694588005542755
"(380, 403)",15,2,0,0.09594652634281099,0.11105487495660782,0.09858297881311479,0.17720389366149902
"(380, 404)",15,2,0,0.12865625883668483,0.24470925331115723,0.1552295187268226,0.2066158503293991
"(380, 405)",15,2,0,0.20725484436970382,0.16024941205978394,0.4262192036743892,0.5492478013038635
"(380, 406)",15,2,1,0.12030678056588136,0.10428526252508163,0.20586956335193551,0.20382723212242126
"(380, 407)",15,2,0,0.20844112848692267,0.22375698387622833,0.22132148813580285,0.25737783312797546
"(380, 408)",15,2,0,0.14422108878548617,0.09433390200138092,0.18797095099652575,0.21031442284584045
"(380, 409)",15,2,1,0.10360701603822256,0.0952727422118187,0.11757376009916035,0.12913984060287476
"(380, 410)",15,2,0,0.1062060935020218,0.05091167613863945,0.0857692971578849,0.049930550158023834
"(380, 411)",15,2,0,0.18253008914262975,0.08710066229104996,0.12123763493358058,0.27032706141471863
"(380, 412)",15,2,0,0.1311281895115216,0.18389929831027985,0.10239564088404361,0.20322690904140472
"(380, 413)",15,2,0,0.1564909406092654,0.09693676233291626,0.15106027373680384,0.21357375383377075
"(380, 414)",15,2,0,0.16130411096231304,0.06652816385030746,0.05881612939086492,0.11615517735481262
"(380, 415)",15,2,0,0.18484701620570873,0.11533892154693604,0.16735183969819964,0.21957401931285858
"(381, 397)",15,2,0,0.22857442798123798,0.13078053295612335,0.16288600069157796,0.10459131747484207
"(381, 398)",15,2,0,0.200878849573338,0.22839157283306122,0.2291196860276732,0.13722877204418182
"(381, 399)",15,2,0,0.21754713823671046,0.15917322039604187,0.265666272717131,0.2066996544599533
"(381, 400)",15,2,0,0.14111905258516147,0.0908413901925087,0.109356045773956,0.07323851436376572
"(381, 401)",15,2,0,0.19611847445774716,0.306200236082077,0.22035616832724572,0.22024330496788025
"(381, 402)",15,2,0,0.12134147058444543,0.12736886739730835,0.12565375887027241,0.10671509057283401
"(381, 403)",15,2,0,0.1265287300066698,0.1262001246213913,0.09094553961932242,0.0984710156917572
"(381, 404)",15,2,0,0.19717610546001518,0.20336300134658813,0.17948494103214743,0.15217091143131256
"(381, 405)",15,2,0,0.1560882908761638,0.11588642001152039,0.17967972549535005,0.21447528898715973
"(381, 406)",15,2,0,0.13769374556727343,0.09647516906261444,0.15851989228615376,0.13041067123413086
"(381, 407)",15,2,0,0.3027335276393608,0.5039221048355103,0.3561444202185932,0.2698552906513214
"(381, 408)",15,2,0,0.22394048233367211,0.1348768025636673,0.17978989630486358,0.195785254240036
"(381, 409)",15,2,1,0.14611297192789638,0.11975149810314178,0.11453582280753133,0.07056958973407745
"(381, 410)",15,2,0,0.13642942090917884,0.06159837171435356,0.12666351042410023,0.04718295857310295
"(381, 411)",15,2,0,0.15506949537351258,0.1579706221818924,0.21472389980397266,0.2185218185186386
"(381, 412)",15,2,0,0.15208950796346773,0.1297081857919693,0.1925675210838105,0.19181406497955322
"(381, 413)",15,2,0,0.19275471228692176,0.12950468063354492,0.19125544311276196,0.15961264073848724
"(381, 414)",15,2,1,0.16787232128768334,0.11011888086795807,0.15293278547772876,0.05882285162806511
"(381, 415)",15,2,0,0.16845014679837716,0.07245045155286789,0.1763318483043542,0.13911546766757965
"(382, 397)",15,2,0,0.15417309159738612,0.06235499307513237,0.1317267166339602,0.10541225969791412
"(382, 398)",15,2,0,0.1686341271975152,0.07860776782035828,0.19377301094019767,0.19257278740406036
"(382, 399)",15,2,0,0.19907971119682952,0.09685809910297394,0.2494171898266038,0.27609968185424805
"(382, 400)",15,2,0,0.10696053996295984,0.06910618394613266,0.07665647911807194,0.10329459607601166
"(382, 401)",15,2,0,0.16266113901655874,0.15823152661323547,0.20633653448601036,0.20179589092731476
"(382, 402)",15,2,0,0.11374320981176197,0.08556580543518066,0.12099563733187255,0.11915374547243118
"(382, 403)",15,2,0,0.09106284380655272,0.08110480010509491,0.07522851995284435,0.11139864474534988
"(382, 404)",15,2,1,0.12640270672896542,0.16895200312137604,0.14680576781804439,0.1455763280391693
"(382, 405)",15,2,0,0.1580690288472177,0.08484543114900589,0.1975788032178918,0.29669663310050964
"(382, 406)",15,2,1,0.12015432298843676,0.07541491836309433,0.15720505460955445,0.13202516734600067
"(382, 407)",15,2,0,0.21664325764445674,0.22366753220558167,0.2904153566233664,0.2505573034286499
"(382, 408)",15,2,1,0.14338222053155786,0.07001078128814697,0.14698384934511102,0.15338511765003204
"(382, 409)",15,2,0,0.09827307219615415,0.03832302987575531,0.09690552482349243,0.07621677219867706
"(382, 410)",15,2,0,0.10754479996388515,0.07026035338640213,0.10413860277790711,0.08997641503810883
"(382, 411)",15,2,0,0.13249852041664956,0.03643316403031349,0.16488510337114012,0.18252231180667877
"(382, 412)",15,2,0,0.1328110326549353,0.06407343596220016,0.16291381030648525,0.21038785576820374
"(382, 413)",15,2,0,0.1539697874535115,0.07314908504486084,0.1661922451318547,0.22697919607162476
"(382, 414)",15,2,1,0.14196614156581738,0.0630006343126297,0.11342531989148368,0.12740042805671692
"(382, 415)",15,2,0,0.153455751223772,0.05860421806573868,0.15618304270142774,0.19417521357536316
"(383, 397)",15,2,1,0.08798034469862176,0.13904015719890594,0.08311068646021873,0.06289206445217133
"(383, 398)",15,2,0,0.07920383403211421,0.126487597823143,0.11113933209510173,0.10584181547164917
"(383, 399)",15,2,0,0.09983290078199744,0.07953447848558426,0.1518769883343122,0.17633818089962006
"(383, 400)",15,2,1,0.060196796280406,0.13101506233215332,0.043090876281420214,0.0763804018497467
"(383, 401)",15,2,0,0.07984765351582342,0.13901668787002563,0.1230062205848353,0.12404315918684006
"(383, 402)",15,2,0,0.05355512653246469,0.16322368383407593,0.06879807402178643,0.0610039047896862
"(383, 403)",15,2,0,0.04607758014912822,0.12634219229221344,0.04128465660545346,0.07816900312900543
"(383, 404)",15,2,1,0.07014091932636951,0.17593501508235931,0.08763738475115243,0.11147882789373398
"(383, 405)",15,2,0,0.06638614870727345,0.06320174783468246,0.10599682170713456,0.19565856456756592
"(383, 406)",15,2,0,0.06025043573206156,0.23121975362300873,0.08889304176410108,0.10140024125576019
"(383, 407)",15,2,0,0.08299362883238119,0.14285396039485931,0.12910719416366154,0.11499445885419846
"(383, 408)",15,2,0,0.07472365756236798,0.07405322045087814,0.08370277604644638,0.09365735948085785
"(383, 409)",15,2,0,0.04945858275002252,0.06218921020627022,0.05398437890196436,0.056876134127378464
"(383, 410)",15,2,0,0.057724592788538004,0.10629447549581528,0.05650154567687955,0.05182637646794319
"(383, 411)",15,2,0,0.06328939759770037,0.060930266976356506,0.08531422471649992,0.1096983328461647
"(383, 412)",15,2,1,0.0698625047154117,0.11931747943162918,0.09550937049964721,0.1470712572336197
"(383, 413)",15,2,0,0.08284812666103276,0.08030795305967331,0.0978289580843073,0.12602539360523224
"(383, 414)",15,2,0,0.07283030687550422,0.13793474435806274,0.06525008286382586,0.07025711983442307
"(383, 415)",15,2,0,0.07228321126041856,0.08486395329236984,0.08518831311549806,0.12861980497837067
"(384, 397)",15,2,0,0.1776684559894241,0.23590423166751862,0.15523739303677445,0.16310910880565643
"(384, 398)",15,2,1,0.13401980088374996,0.3583052456378937,0.1550345498111053,0.26583120226860046
"(384, 399)",15,2,0,0.16000330178990607,0.34059062600135803,0.20410067738715032,0.32405886054039
"(384, 400)",15,2,1,0.11063021201515276,0.3245053291320801,0.06103494624949238,0.20067650079727173
"(384, 401)",15,2,0,0.13073937380092238,0.42126017808914185,0.1925338229687612,0.2384931892156601
"(384, 402)",15,2,0,0.08912591923113579,0.23417611420154572,0.12292289372833327,0.14182867109775543
"(384, 403)",15,2,0,0.11631651029890051,0.3983992338180542,0.09624502608412212,0.17912165820598602
"(384, 404)",15,2,1,0.1555363383839768,0.3894241154193878,0.1671211421003308,0.24335499107837677
"(384, 405)",15,2,0,0.12655048873094304,0.1687580794095993,0.20139984174319522,0.3076094388961792
"(384, 406)",15,2,0,0.09979927136122677,0.3469047248363495,0.13937610017528074,0.18378572165966034
"(384, 407)",15,2,1,0.16772124432909633,0.36726105213165283,0.2066743631122533,0.2818993031978607
"(384, 408)",15,2,0,0.1521103726794943,0.2535158395767212,0.14516251102881148,0.24848558008670807
"(384, 409)",15,2,1,0.12445467731279736,0.31881240010261536,0.11274664193197134,0.1503412276506424
"(384, 410)",15,2,0,0.09323140094270337,0.37177774310112,0.08621004140123835,0.16132394969463348
"(384, 411)",15,2,0,0.1035225034900954,0.2618351876735687,0.11162221050444271,0.3082655668258667
"(384, 412)",15,2,1,0.11180447216033731,0.20362260937690735,0.11926295569837479,0.2564762830734253
"(384, 413)",15,2,0,0.14087280082780515,0.262443870306015,0.14980982416696628,0.2512549161911011
"(384, 414)",15,2,1,0.1145243981914826,0.1478879302740097,0.07387510169374369,0.13193927705287933
"(384, 415)",15,2,0,0.12182053692090118,0.2400757521390915,0.13398320653199908,0.2498336285352707
"(385, 397)",15,2,0,0.20699545833463287,0.17072246968746185,0.17133367658827184,0.11124110221862793
"(385, 398)",15,2,1,0.17537687636531163,0.23125235736370087,0.19578496259450123,0.16627046465873718
"(385, 399)",15,2,0,0.21313117498987086,0.2646973431110382,0.2611202220162822,0.3121105432510376
"(385, 400)",15,2,0,0.1441108171681066,0.23099763691425323,0.0790460461860165,0.10790952295064926
"(385, 401)",15,2,0,0.17741234900836625,0.19006715714931488,0.23323987137731356,0.18176555633544922
"(385, 402)",15,2,0,0.12037571887028028,0.14030805230140686,0.14706158504908629,0.11622345447540283
"(385, 403)",15,2,0,0.12413645385330177,0.11912926286458969,0.0994774919893228,0.12875708937644958
"(385, 404)",15,2,1,0.17970150063984977,0.27904438972473145,0.19616277749536487,0.17041048407554626
"(385, 405)",15,2,0,0.165280462989638,0.16260197758674622,0.24289841167855927,0.3130674958229065
"(385, 406)",15,2,1,0.13530130396807297,0.15115296840667725,0.1777466598826961,0.13534581661224365
"(385, 407)",15,2,0,0.20625771644324883,0.3646774888038635,0.24444806606366296,0.2211056500673294
"(385, 408)",15,2,1,0.1822361414820593,0.12279192358255386,0.1715360031786376,0.18683931231498718
"(385, 409)",15,2,1,0.1460099186554784,0.13667568564414978,0.1309430573481311,0.1142091304063797
"(385, 410)",15,2,1,0.12182094076502785,0.10149872303009033,0.10938928992450632,0.0529441237449646
"(385, 411)",15,2,0,0.1322204792422809,0.09540656954050064,0.14809633046871237,0.1760134994983673
"(385, 412)",15,2,0,0.1395634793871591,0.09214777499437332,0.15614414901888218,0.13705047965049744
"(385, 413)",15,2,0,0.17967110819725735,0.13022255897521973,0.1776954847343178,0.18595243990421295
"(385, 414)",15,2,1,0.15150668494352335,0.07202835381031036,0.09439455605984956,0.10012032091617584
"(385, 415)",15,2,0,0.16185444912760552,0.1036180779337883,0.16431913373608623,0.16308525204658508
"(386, 397)",15,2,1,0.25782395764372995,0.22554031014442444,0.2228698952023143,0.17734846472740173
"(386, 398)",15,2,0,0.24033560064265777,0.1071019396185875,0.23653594938662134,0.19525301456451416
"(386, 399)",15,2,0,0.27831050663556317,0.2763092815876007,0.3006820307175335,0.25290122628211975
"(386, 400)",15,2,0,0.1822848083033907,0.18014629185199738,0.09643457621862722,0.11743255704641342
"(386, 401)",15,2,0,0.23543321450943053,0.32877179980278015,0.2890360487202256,0.2779645621776581
"(386, 402)",15,2,0,0.1619228906310602,0.23049777746200562,0.19894478777037164,0.1674281507730484
"(386, 403)",15,2,0,0.14005162597517393,0.1034509539604187,0.13224431414788237,0.14273512363433838
"(386, 404)",15,2,0,0.21560197386459895,0.30102217197418213,0.2279910738091429,0.2792949974536896
"(386, 405)",15,2,0,0.21756511511741725,0.14126898348331451,0.30531053371808814,0.3885219991207123
"(386, 406)",15,2,0,0.19155406280864104,0.2403070628643036,0.2369695102857638,0.25783953070640564
"(386, 407)",15,2,0,0.2582143313628781,0.3284696042537689,0.28018640749285884,0.24686045944690704
"(386, 408)",15,2,0,0.23209278172486897,0.2889403998851776,0.22065452561204305,0.26332223415374756
"(386, 409)",15,2,0,0.1594923003314321,0.16425387561321259,0.16255686078209297,0.14112739264965057
"(386, 410)",15,2,0,0.15709213583046286,0.0856487900018692,0.14404279667407172,0.13857635855674744
"(386, 411)",15,2,0,0.18229145468293248,0.09925470501184464,0.17887329243004396,0.19078406691551208
"(386, 412)",15,2,1,0.20365711309359832,0.34426209330558777,0.1804832623045704,0.22928813099861145
"(386, 413)",15,2,0,0.2540066940348776,0.174807608127594,0.24742240085807157,0.20626641809940338
"(386, 414)",15,2,0,0.2001657424636505,0.19753777980804443,0.10865267692388822,0.13747277855873108
"(386, 415)",15,2,0,0.22703521819311315,0.23969878256320953,0.22042918549301652,0.1971672624349594
"(387, 397)",15,2,0,0.2656597807882257,0.14842632412910461,0.18822992500105354,0.125290185213089
"(387, 398)",15,2,1,0.2174736261241932,0.10397323220968246,0.19772757665604038,0.17541854083538055
"(387, 399)",15,2,0,0.2605184703183357,0.1719866693019867,0.23973385380793802,0.2621256113052368
"(387, 400)",15,2,1,0.17508621865553425,0.168503537774086,0.08010307360367347,0.1160522922873497
"(387, 401)",15,2,0,0.21835052979315903,0.23098839819431305,0.22432149966536558,0.22291770577430725
"(387, 402)",15,2,0,0.15014332138821712,0.1344500035047531,0.15418171147175028,0.15247024595737457
"(387, 403)",15,2,0,0.14311236771107622,0.1469031125307083,0.10479075526676986,0.17808981239795685
"(387, 404)",15,2,1,0.21725288717344715,0.3182273209095001,0.18858872169228594,0.22588768601417542
"(387, 405)",15,2,0,0.1974112311597066,0.092238649725914,0.2402182910924944,0.3382597267627716
"(387, 406)",15,2,0,0.17384517022883209,0.14173780381679535,0.18819533194824592,0.19662751257419586
"(387, 407)",15,2,1,0.2535780794786622,0.26577216386795044,0.22698968213924486,0.2246212661266327
"(387, 408)",15,2,1,0.22926248524598433,0.13222630321979523,0.18244201724739828,0.21945065259933472
"(387, 409)",15,2,0,0.16014662596790497,0.13984332978725433,0.12681082848550765,0.1358051896095276
"(387, 410)",15,2,0,0.1465984539627284,0.13033689558506012,0.10934591948889252,0.1113433688879013
"(387, 411)",15,2,1,0.17055418712121193,0.08286863565444946,0.14214054082551306,0.16548429429531097
"(387, 412)",15,2,1,0.18795555446281473,0.132693812251091,0.1414713296826843,0.20420624315738678
"(387, 413)",15,2,0,0.23887380473368947,0.14467647671699524,0.1956011315844875,0.24704007804393768
"(387, 414)",15,2,1,0.18889061837564172,0.046797480434179306,0.09124782130952358,0.095417819917202
"(387, 415)",15,2,0,0.2075763036869512,0.11864296346902847,0.17118917824800522,0.16856694221496582
"(388, 397)",15,2,0,0.30921484341124966,0.1692635715007782,0.22743964072815334,0.16346174478530884
"(388, 398)",15,2,0,0.22637540086678606,0.08733879029750824,0.23660683229898094,0.17305046319961548
"(388, 399)",15,2,1,0.29367088422217,0.15274681150913239,0.2919307866091056,0.2887111306190491
"(388, 400)",15,2,0,0.19308887934806965,0.14831304550170898,0.10805426999688934,0.15088799595832825
"(388, 401)",15,2,0,0.24559314456653034,0.21866406500339508,0.25631344829352526,0.2364007979631424
"(388, 402)",15,2,0,0.17717573975784962,0.1227908730506897,0.18102498510149295,0.1631368100643158
"(388, 403)",15,2,0,0.17907133756694107,0.14532038569450378,0.13239552278523214,0.16797862946987152
"(388, 404)",15,2,0,0.2709290040689329,0.2126225382089615,0.22071954492367513,0.2491724044084549
"(388, 405)",15,2,0,0.21307787247466484,0.06569957733154297,0.2441429116897073,0.325262188911438
"(388, 406)",15,2,0,0.1974885253200196,0.1084517315030098,0.20681185894985735,0.22066518664360046
"(388, 407)",15,2,0,0.30603749162547245,0.2691173255443573,0.2848122324369781,0.2801669239997864
"(388, 408)",15,2,0,0.2783343576898409,0.15088850259780884,0.20889124696353129,0.23092785477638245
"(388, 409)",15,2,0,0.18954487018052105,0.13869233429431915,0.1492286712092757,0.13102340698242188
"(388, 410)",15,2,0,0.17602255360471106,0.08943066000938416,0.13919603849950093,0.08314410597085953
"(388, 411)",15,2,0,0.182595166006035,0.045247748494148254,0.1857774665698357,0.14808844029903412
"(388, 412)",15,2,0,0.21581459806889872,0.08715694397687912,0.18343561178034484,0.2282128632068634
"(388, 413)",15,2,0,0.26015740894050177,0.11340570449829102,0.23207997043400347,0.2386154979467392
"(388, 414)",15,2,0,0.23408009237589922,0.05160950869321823,0.12675653060421688,0.17526403069496155
"(388, 415)",15,2,0,0.22251417138480134,0.06658723950386047,0.21667808428181345,0.2049010545015335
"(389, 397)",15,2,0,0.3436499222628937,0.13750708103179932,0.3130442388021257,0.17698296904563904
"(389, 398)",15,2,1,0.21076854279500973,0.16189901530742645,0.3479635991541152,0.18014127016067505
"(389, 399)",15,2,0,0.25677089201146686,0.18114405870437622,0.37635062432171196,0.33564499020576477
"(389, 400)",15,2,1,0.1541258623439925,0.12035170197486877,0.18262238573109463,0.16456802189350128
"(389, 401)",15,2,1,0.23543123359449278,0.20088867843151093,0.3237515489719014,0.32244250178337097
"(389, 402)",15,2,0,0.14731436555089622,0.10357946157455444,0.20440940807972574,0.21094928681850433
"(389, 403)",15,2,0,0.16758796103807208,0.14630818367004395,0.1650349881603727,0.16953104734420776
"(389, 404)",15,2,1,0.23924369971979048,0.26006272435188293,0.2706346661307566,0.27914488315582275
"(389, 405)",15,2,0,0.17854625291659112,0.09330832213163376,0.2529375049042837,0.3022073209285736
"(389, 406)",15,2,0,0.1700985000253579,0.09164023399353027,0.2561814500402591,0.17943081259727478
"(389, 407)",15,2,0,0.2733364600578827,0.22986704111099243,0.3888749527419133,0.3147781193256378
"(389, 408)",15,2,1,0.2653373615965428,0.17300958931446075,0.25945729865491296,0.20808589458465576
"(389, 409)",15,2,1,0.17436124084514495,0.1112988069653511,0.18701312979070395,0.1399734914302826
"(389, 410)",15,2,1,0.15360633426157827,0.07739197462797165,0.21906679972553916,0.09279272705316544
"(389, 411)",15,2,0,0.17208971920119676,0.09870601445436478,0.3115716888159216,0.2764315903186798
"(389, 412)",15,2,0,0.18393692466732633,0.10038015991449356,0.29098244102667853,0.2658767104148865
"(389, 413)",15,2,1,0.21605294893818594,0.13939189910888672,0.28985887320972575,0.27216801047325134
"(389, 414)",15,2,0,0.19884469274107275,0.06381973624229431,0.24050195056839677,0.18487587571144104
"(389, 415)",15,2,0,0.19100301040428702,0.07059958577156067,0.2656949835355139,0.27314576506614685
"(390, 397)",15,2,0,0.13744758028569912,0.05015844851732254,0.09335293424932761,0.06424856185913086
"(390, 398)",15,2,0,0.14934741881387184,0.03946840018033981,0.11810901994704583,0.09522172808647156
"(390, 399)",15,2,0,0.1972399682588109,0.13085682690143585,0.15856621592294504,0.191383495926857
"(390, 400)",15,2,0,0.0975923040191944,0.04433949664235115,0.03429218473289984,0.06934278458356857
"(390, 401)",15,2,0,0.1739112065511029,0.0621674507856369,0.1667103222819471,0.24456219375133514
"(390, 402)",15,2,0,0.11738412330230906,0.10211166739463806,0.17072924117937152,0.15617984533309937
"(390, 403)",15,2,0,0.07919989649744585,0.04499970003962517,0.0504914924008281,0.08402714878320694
"(390, 404)",15,2,1,0.12094024640945254,0.11540630459785461,0.09757774187638227,0.09919751435518265
"(390, 405)",15,2,0,0.16720790454043,0.08739745616912842,0.2295265217056396,0.5127796530723572
"(390, 406)",15,2,0,0.11615576055963911,0.09169016033411026,0.16977718555625707,0.16025586426258087
"(390, 407)",15,2,0,0.14196732055328706,0.07537409663200378,0.1221119156441942,0.08795981109142303
"(390, 408)",15,2,0,0.12799513638004784,0.06342476606369019,0.10994684331966731,0.11275405436754227
"(390, 409)",15,2,0,0.0901221423199567,0.06774067878723145,0.06588568021456757,0.0517052598297596
"(390, 410)",15,2,0,0.09144325788992086,0.0434667207300663,0.05483471399175274,0.03827804699540138
"(390, 411)",15,2,0,0.12171183235507538,0.019770625978708267,0.08357625575927066,0.14155009388923645
"(390, 412)",15,2,0,0.11169721797908057,0.06203000247478485,0.07122745023666588,0.12969599664211273
"(390, 413)",15,2,0,0.12669876064720922,0.05902959406375885,0.09491014097330859,0.11803232133388519
"(390, 414)",15,2,1,0.14667138477879577,0.06055567413568497,0.046868158240515274,0.0922643169760704
"(390, 415)",15,2,1,0.15571403413725418,0.05656649172306061,0.10993695731741998,0.17830783128738403
"(391, 397)",15,2,0,0.2378811973845169,0.07005622982978821,0.16118992259895595,0.0796036496758461
"(391, 398)",15,2,0,0.25527256414362576,0.12789425253868103,0.29492412949860625,0.12466149777173996
"(391, 399)",15,2,0,0.3036804293288086,0.193747416138649,0.30978763382008756,0.18457485735416412
"(391, 400)",15,2,0,0.17171368021352548,0.1384618729352951,0.15357507756285044,0.0817655473947525
"(391, 401)",15,2,0,0.2735089733890354,0.2337368279695511,0.24795167704370025,0.18683895468711853
"(391, 402)",15,2,0,0.1811819239083843,0.14115402102470398,0.1522899571567447,0.11606693267822266
"(391, 403)",15,2,0,0.12585532617341047,0.08926530927419662,0.09315494920986771,0.061964478343725204
"(391, 404)",15,2,0,0.2199935267003428,0.08350525051355362,0.18006677430717014,0.1322004348039627
"(391, 405)",15,2,0,0.21294741557916466,0.0835190862417221,0.18450611661425464,0.290018767118454
"(391, 406)",15,2,0,0.18145820204720176,0.15842725336551666,0.1790662826403617,0.15105514228343964
"(391, 407)",15,2,0,0.23417987671161,0.15613479912281036,0.27880297823892275,0.2013416886329651
"(391, 408)",15,2,0,0.22964259754299732,0.12629933655261993,0.17007942970787868,0.13402999937534332
"(391, 409)",15,2,0,0.14890256780769404,0.06891293078660965,0.11464243361093163,0.06955808401107788
"(391, 410)",15,2,1,0.1747525870831492,0.060163069516420364,0.1687383301956379,0.04984849691390991
"(391, 411)",15,2,0,0.1948751123664687,0.12889711558818817,0.27514654447453457,0.18727929890155792
"(391, 412)",15,2,0,0.19497406824970412,0.11110548675060272,0.2317051981640773,0.14267008006572723
"(391, 413)",15,2,0,0.2082243601961347,0.08002771437168121,0.20631010465304048,0.13322575390338898
"(391, 414)",15,2,0,0.24325909705445412,0.08009357750415802,0.22906941215991025,0.07278631627559662
"(391, 415)",15,2,0,0.2244461688333096,0.09478848427534103,0.21044955993483114,0.1476801633834839
"(392, 397)",15,2,0,0.22429857633702804,0.09007247537374496,0.1831201944956053,0.12254613637924194
"(392, 398)",15,2,1,0.20554547615534835,0.1290246993303299,0.24256140347522903,0.2237330973148346
"(392, 399)",15,2,0,0.24446578548052628,0.14820630848407745,0.29710415733431556,0.27364063262939453
"(392, 400)",15,2,0,0.15875324952625514,0.157435342669487,0.10407488974841539,0.16857880353927612
"(392, 401)",15,2,0,0.2044441548464662,0.24779348075389862,0.26574027216389523,0.2759357690811157
"(392, 402)",15,2,0,0.1397765446512793,0.11965245753526688,0.16412333532645407,0.1540808081626892
"(392, 403)",15,2,0,0.13499580907950412,0.07291173189878464,0.10717409958550313,0.1308768093585968
"(392, 404)",15,2,1,0.18551742503687063,0.20304469764232635,0.20599435215019418,0.22044247388839722
"(392, 405)",15,2,0,0.1915429810021745,0.10843393206596375,0.24418611573757684,0.2491103857755661
"(392, 406)",15,2,0,0.16025983094802568,0.11182715743780136,0.19987611805152733,0.1854274868965149
"(392, 407)",15,2,0,0.22584381919702465,0.14080268144607544,0.28064950566641983,0.2338453233242035
"(392, 408)",15,2,0,0.1993698319087213,0.0682314783334732,0.18875083682793578,0.18953748047351837
"(392, 409)",15,2,0,0.15222064298843707,0.07881832122802734,0.13769685274085638,0.1279142200946808
"(392, 410)",15,2,0,0.13701428698104934,0.07566022127866745,0.1367275710926038,0.06381987780332565
"(392, 411)",15,2,0,0.15776411441933907,0.08695891499519348,0.1923761580298314,0.18882718682289124
"(392, 412)",15,2,0,0.1670340000626378,0.1102592796087265,0.1899859210595679,0.1973474770784378
"(392, 413)",15,2,0,0.21228141079613633,0.11248792707920074,0.21426819096553304,0.1862548142671585
"(392, 414)",15,2,0,0.16778225306629407,0.059587836265563965,0.1289543713565542,0.14609277248382568
"(392, 415)",15,2,0,0.19052296732236124,0.07591430842876434,0.19999726970988438,0.24522419273853302
"(393, 397)",15,2,1,0.22179675487571993,0.1906644105911255,0.14920675951274007,0.12343019247055054
"(393, 398)",15,2,1,0.18866167848251503,0.22596000134944916,0.1979821373563324,0.19472908973693848
"(393, 399)",15,2,0,0.21073532531951616,0.2694644331932068,0.22982048379899978,0.25583818554878235
"(393, 400)",15,2,0,0.13929397207951122,0.18255659937858582,0.0902071793759205,0.1338973045349121
"(393, 401)",15,2,0,0.19017419113354253,0.2694820761680603,0.19306267046118925,0.2708042562007904
"(393, 402)",15,2,0,0.11545963149738189,0.12630411982536316,0.1110987565966616,0.10659652948379517
"(393, 403)",15,2,1,0.1420640758916342,0.17090032994747162,0.09177626398980042,0.15639850497245789
"(393, 404)",15,2,0,0.20141623920097032,0.27162787318229675,0.16647379808525078,0.20718221366405487
"(393, 405)",15,2,0,0.15302622728197873,0.0993102416396141,0.16235264677894412,0.28237324953079224
"(393, 406)",15,2,1,0.13526202114133998,0.08725046366453171,0.1412590545754585,0.13284927606582642
"(393, 407)",15,2,0,0.22328095738813533,0.3170030117034912,0.23827332110945817,0.2505338788032532
"(393, 408)",15,2,0,0.21579625937348218,0.19089050590991974,0.16841666521855916,0.22655974328517914
"(393, 409)",15,2,0,0.15248361429590535,0.1583024114370346,0.10901737680817344,0.13238266110420227
"(393, 410)",15,2,0,0.13121672906041817,0.127058207988739,0.1069364036885008,0.07166050374507904
"(393, 411)",15,2,0,0.1432886551290278,0.09251727908849716,0.17144654062779346,0.17911839485168457
"(393, 412)",15,2,0,0.14694238801453674,0.16540099680423737,0.15935857204795145,0.22683462500572205
"(393, 413)",15,2,0,0.18113332205507898,0.13576823472976685,0.17032584750922272,0.20491839945316315
"(393, 414)",15,2,1,0.16769999476122405,0.17351438105106354,0.12403546813612382,0.10405615717172623
"(393, 415)",15,2,0,0.16483868009677274,0.08305851370096207,0.15044657073154635,0.19266092777252197
"(394, 397)",15,2,0,0.2528940012062334,0.11971486359834671,0.20011958533285126,0.16158553957939148
"(394, 398)",15,2,0,0.19678018602204064,0.044269971549510956,0.2645678007173088,0.17197439074516296
"(394, 399)",15,2,0,0.24858513046183836,0.1522822082042694,0.3137380079478715,0.27705538272857666
"(394, 400)",15,2,0,0.15674408578046156,0.17761506140232086,0.1292109305485524,0.12381445616483688
"(394, 401)",15,2,0,0.20903833115099124,0.13848820328712463,0.2699717833387048,0.22873231768608093
"(394, 402)",15,2,0,0.1437529071489427,0.11697923392057419,0.16707971195863108,0.1579558402299881
"(394, 403)",15,2,0,0.1403799584046076,0.1055884063243866,0.11877152232544996,0.13539135456085205
"(394, 404)",15,2,1,0.22399831442908516,0.2628173232078552,0.22235484197247427,0.22078785300254822
"(394, 405)",15,2,0,0.17824915306356032,0.061503320932388306,0.22568120538984068,0.3194742202758789
"(394, 406)",15,2,0,0.16352246435850634,0.08944909274578094,0.20553700829962868,0.2008093297481537
"(394, 407)",15,2,0,0.2646740685769482,0.27076956629753113,0.3276479763790152,0.2711718678474426
"(394, 408)",15,2,0,0.23139802816379457,0.10268814861774445,0.2077184333769845,0.20720385015010834
"(394, 409)",15,2,0,0.16032154136258156,0.0884184017777443,0.14602000420275213,0.10862459987401962
"(394, 410)",15,2,0,0.1367448785986609,0.05241857469081879,0.15423695055046366,0.0675448477268219
"(394, 411)",15,2,0,0.1489552439732148,0.02994978427886963,0.22177377637961007,0.15202228724956512
"(394, 412)",15,2,0,0.16964848023766563,0.07440978288650513,0.22068812439818372,0.21678698062896729
"(394, 413)",15,2,0,0.20800857807805126,0.07456686347723007,0.23109271014755606,0.1964062750339508
"(394, 414)",15,2,0,0.17967361092049788,0.05719742923974991,0.16039991890082034,0.1323964148759842
"(394, 415)",15,2,0,0.18686444857732865,0.06569935381412506,0.214637491280583,0.22893765568733215
"(395, 397)",15,2,0,0.11582917735689385,0.11209914833307266,0.15278934008049355,0.08033942431211472
"(395, 398)",15,2,0,0.12613104646689793,0.050155799835920334,0.2400494045578161,0.10083852708339691
"(395, 399)",15,2,0,0.1647776650716528,0.19135461747646332,0.296923607528194,0.20817328989505768
"(395, 400)",15,2,1,0.07672849753873187,0.06828276067972183,0.09567621486660224,0.07456417381763458
"(395, 401)",15,2,0,0.15858095435541836,0.20499710738658905,0.26924923427210035,0.2704993784427643
"(395, 402)",15,2,0,0.08886763281575202,0.11898157000541687,0.15212397784021756,0.10899123549461365
"(395, 403)",15,2,0,0.05547650105876973,0.06528884917497635,0.08431555076892626,0.08326557278633118
"(395, 404)",15,2,0,0.09762424485204975,0.19741739332675934,0.17361704948121173,0.11145315319299698
"(395, 405)",15,2,0,0.1268445316782895,0.09493065625429153,0.2331194773670607,0.3752727210521698
"(395, 406)",15,2,1,0.08871644133947983,0.08089449256658554,0.17217720529198607,0.14237387478351593
"(395, 407)",15,2,0,0.1171040914677361,0.11710669100284576,0.24231356045689903,0.16738401353359222
"(395, 408)",15,2,0,0.10288151532500699,0.08611641824245453,0.15867238359356994,0.1615988314151764
"(395, 409)",15,2,0,0.06563724379542389,0.07742226868867874,0.10769138641591804,0.07514248788356781
"(395, 410)",15,2,0,0.0679039653772173,0.024020809680223465,0.11793909968801104,0.023741155862808228
"(395, 411)",15,2,0,0.13048097800044803,0.07909323275089264,0.22685893906201007,0.15651032328605652
"(395, 412)",15,2,0,0.09234940887823655,0.08127837628126144,0.17505792717478155,0.14284944534301758
"(395, 413)",15,2,0,0.10398431198575019,0.10024560987949371,0.1830505433384543,0.10543728619813919
"(395, 414)",15,2,0,0.10585893158250638,0.05561818554997444,0.13332428358437676,0.11736703664064407
"(395, 415)",15,2,0,0.14285245434983776,0.12457404285669327,0.211538728578917,0.18331652879714966
"(396, 397)",15,2,0,0.18814514263137,0.1134253442287445,0.1638462230243113,0.11577467620372772
"(396, 398)",15,2,0,0.1560011520634782,0.06115933135151863,0.17981658861112693,0.11533353477716446
"(396, 399)",15,2,0,0.19747272361337898,0.06340866535902023,0.24105963057532218,0.16917899250984192
"(396, 400)",15,2,0,0.12185686290073607,0.07377485185861588,0.07346938238985126,0.0648808479309082
"(396, 401)",15,2,0,0.16150990455240638,0.06931177526712418,0.2185542910410914,0.1611168533563614
"(396, 402)",15,2,0,0.11582839840186958,0.1135004311800003,0.21076038469789626,0.1408144235610962
"(396, 403)",15,2,0,0.10030303829941639,0.05679710581898689,0.09235213050036503,0.08680646866559982
"(396, 404)",15,2,0,0.16255160233823435,0.13314540684223175,0.1742079394790057,0.162403866648674
"(396, 405)",15,2,0,0.1486106727109341,0.08531327545642853,0.26172392637379904,0.29311877489089966
"(396, 406)",15,2,0,0.14321960669709682,0.08828337490558624,0.26137244027608925,0.1502303034067154
"(396, 407)",15,2,0,0.19512760425289108,0.11795637011528015,0.23602466129823357,0.18801318109035492
"(396, 408)",15,2,1,0.18285923970422316,0.07155973464250565,0.21513914943637125,0.17136478424072266
"(396, 409)",15,2,0,0.11401694902792806,0.05496814846992493,0.11566613472035889,0.06684737652540207
"(396, 410)",15,2,0,0.10498041540982148,0.028340041637420654,0.10467117942088076,0.04126882925629616
"(396, 411)",15,2,0,0.11686407975556219,0.05940904840826988,0.13938968092928747,0.1256134957075119
"(396, 412)",15,2,0,0.1396413654514313,0.08035687357187271,0.15147636968481806,0.16464468836784363
"(396, 413)",15,2,0,0.1671289627098289,0.033663310110569,0.18128189483677465,0.14122876524925232
"(396, 414)",15,2,1,0.13801438638369923,0.024130282923579216,0.08897549918679383,0.0859823226928711
"(396, 415)",15,2,0,0.15153530031749132,0.03030405379831791,0.15793677266911718,0.11293740570545197
"(416, 422)",16,0,1,0.16031051718415726,0.255497008562088,0.23502740999682503,0.2710362374782562
"(416, 423)",16,0,1,0.21135691905880785,0.1606348156929016,0.2848899971965812,0.3039804697036743
"(416, 424)",16,0,1,0.10120134328067106,0.17458103597164154,0.16184259194879994,0.12465354055166245
"(416, 425)",16,0,0,0.18154116085102864,0.26215964555740356,0.2281519404012123,0.2379680573940277
"(416, 426)",16,0,1,0.2607653017490749,0.2923679053783417,0.3026355119202885,0.27356696128845215
"(416, 427)",16,0,0,0.15352577148499758,0.20292137563228607,0.20680805233207103,0.31537944078445435
"(416, 428)",16,0,1,0.13454536574042836,0.0893283411860466,0.20566086317551152,0.17261143028736115
"(416, 429)",16,0,1,0.24323238079753326,0.2047630399465561,0.3161148160379496,0.3444143831729889
"(417, 422)",16,0,1,0.15368397793440508,0.11285124719142914,0.16908352793328776,0.12651772797107697
"(417, 423)",16,0,0,0.20911590114932838,0.18514688313007355,0.2130075285854456,0.19706381857395172
"(417, 424)",16,0,0,0.10530543190758317,0.07799642533063889,0.12575502308353018,0.0329008549451828
"(417, 425)",16,0,0,0.18988975250805873,0.11369983106851578,0.18975309471340115,0.125770702958107
"(417, 426)",16,0,0,0.19041441037339946,0.1509684920310974,0.18219468353081028,0.12561751902103424
"(417, 427)",16,0,0,0.20694513654580785,0.1053275540471077,0.2280321309609485,0.15024323761463165
"(417, 428)",16,0,0,0.11071140198424123,0.04522410407662392,0.10560255434916158,0.077068030834198
"(417, 429)",16,0,0,0.2519962242861486,0.18607747554779053,0.23485811900250012,0.15807899832725525
"(418, 422)",16,0,0,0.14033413848502585,0.1256762593984604,0.13516367433414805,0.11472324281930923
"(418, 423)",16,0,0,0.1430975995492851,0.07150235027074814,0.14039901702517188,0.13390131294727325
"(418, 424)",16,0,0,0.08096814136142849,0.06375649571418762,0.10793625898727413,0.038049597293138504
"(418, 425)",16,0,0,0.14227569547815605,0.14605210721492767,0.12678035472810906,0.10142599046230316
"(418, 426)",16,0,0,0.18092059132392813,0.17566318809986115,0.14673512509394637,0.1387983113527298
"(418, 427)",16,0,0,0.1227837111578184,0.0855083093047142,0.1207900947918627,0.11688429117202759
"(418, 428)",16,0,0,0.09609013431878294,0.05786997079849243,0.11722642406169703,0.09056752920150757
"(418, 429)",16,0,0,0.2033335490035883,0.13976778090000153,0.184530425924469,0.17885878682136536
"(419, 422)",16,0,1,0.15644917430788563,0.19233061373233795,0.2451131742240797,0.19074082374572754
"(419, 423)",16,0,0,0.24702191027035275,0.4965227544307709,0.3384478511615424,0.38317781686782837
"(419, 424)",16,0,0,0.08900333889039588,0.1047285869717598,0.14361941045485702,0.08562283217906952
"(419, 425)",16,0,0,0.19696925681880395,0.4090806543827057,0.2597481892587458,0.23540851473808289
"(419, 426)",16,0,0,0.23464970749189104,0.39608678221702576,0.30317910173618384,0.20509061217308044
"(419, 427)",16,0,0,0.17689945765651785,0.31781095266342163,0.2569090678196326,0.3630625605583191
"(419, 428)",16,0,0,0.14015529781424263,0.11849012225866318,0.19671432266569963,0.14311480522155762
"(419, 429)",16,0,0,0.2650049303147011,0.24485011398792267,0.3469548152178889,0.2454356849193573
"(420, 422)",16,0,1,0.15049059036219614,0.26279595494270325,0.22833264359358038,0.19705185294151306
"(420, 423)",16,0,0,0.17464451623573013,0.2127818763256073,0.25901010208608144,0.2601330578327179
"(420, 424)",16,0,1,0.09852759214975043,0.17095337808132172,0.12646744366165133,0.07847966998815536
"(420, 425)",16,0,0,0.16555637468915238,0.28186601400375366,0.21710432456119697,0.1645040512084961
"(420, 426)",16,0,0,0.22034013684495737,0.3210206627845764,0.2677314065713631,0.20392967760562897
"(420, 427)",16,0,0,0.14859474795273558,0.14390692114830017,0.20901530393562243,0.2339107245206833
"(420, 428)",16,0,0,0.10270127786169427,0.16944123804569244,0.14406652597284836,0.10347522795200348
"(420, 429)",16,0,0,0.23939756790373393,0.29009971022605896,0.3296322176488198,0.29902052879333496
"(421, 422)",16,0,0,0.1478000702299607,0.28215688467025757,0.15681145303594732,0.18331027030944824
"(421, 423)",16,0,1,0.15406959472565815,0.12871648371219635,0.1583315209163693,0.17578603327274323
"(421, 424)",16,0,0,0.11054322238337323,0.3377668857574463,0.15469106865006166,0.10527609288692474
"(421, 425)",16,0,0,0.1552250084612432,0.3457798361778259,0.14865242527194503,0.1506679505109787
"(421, 426)",16,0,0,0.19849755458565205,0.32651010155677795,0.17756595256613183,0.1896158903837204
"(421, 427)",16,0,0,0.159123796545821,0.23310595750808716,0.1608135624971155,0.1926308274269104
"(421, 428)",16,0,1,0.10193710909629265,0.14040623605251312,0.14467984041240267,0.09810850024223328
"(421, 429)",16,0,0,0.218112926357054,0.27797138690948486,0.21647753089348787,0.24042940139770508
"(430, 440)",17,1,0,0.16995355798215092,0.27422627806663513,0.12912918711741436,0.2077803909778595
"(430, 441)",17,1,0,0.16779151022001923,0.2630954384803772,0.13957856966617443,0.23360836505889893
"(430, 442)",17,1,0,0.16752322374324627,0.14364159107208252,0.14792392428769782,0.19042493402957916
"(430, 443)",17,1,0,0.182843645480691,0.06636973470449448,0.17263105748322455,0.12455452978610992
"(430, 444)",17,1,0,0.19539152554334324,0.21726012229919434,0.12442187724551977,0.17202447354793549
"(430, 445)",17,1,0,0.16534335328780742,0.048043280839920044,0.15239598751279151,0.17281603813171387
"(430, 446)",17,1,0,0.1827771003806077,0.08524461090564728,0.23473380624001244,0.14209052920341492
"(430, 447)",17,1,0,0.12079526629524844,0.07061737775802612,0.13512486322183057,0.15571735799312592
"(430, 448)",17,1,0,0.2664630206492999,0.3553008735179901,0.1645757163726285,0.27112457156181335
"(430, 449)",17,1,0,0.2205403663329262,0.1894626021385193,0.17189559037339927,0.30843430757522583
"(430, 450)",17,1,0,0.1521595445976838,0.09376014024019241,0.06611378849784869,0.22673922777175903
"(430, 451)",17,1,0,0.09490989128910497,0.013272744603455067,0.16148840383544819,0.07140238583087921
"(430, 452)",17,1,0,0.09986191556389046,0.08153132349252701,0.15944554407474593,0.11012711375951767
"(430, 453)",17,1,0,0.07718846700993955,0.08988799899816513,0.12181095150146855,0.11025090515613556
"(431, 440)",17,1,0,0.11991475808478913,0.0856270119547844,0.07538501747312779,0.05894555151462555
"(431, 441)",17,1,0,0.13336027794271343,0.05443645268678665,0.0769408139154996,0.11614501476287842
"(431, 442)",17,1,1,0.1399002144620978,0.08383699506521225,0.08665029394548301,0.13611507415771484
"(431, 443)",17,1,0,0.17264953650731207,0.05095664784312248,0.10607076280962953,0.10386404395103455
"(431, 444)",17,1,0,0.17710896948587246,0.06171566992998123,0.07764957515477551,0.16749007999897003
"(431, 445)",17,1,0,0.16124382214397237,0.011687131598591805,0.09312511992311735,0.08712942153215408
"(431, 446)",17,1,0,0.19559339600769893,0.13486981391906738,0.2020284424199548,0.1991744339466095
"(431, 447)",17,1,0,0.10814823875929258,0.06957521289587021,0.10557432504000015,0.13835769891738892
"(431, 448)",17,1,1,0.21642658170299914,0.11324847489595413,0.11807738090179405,0.15345746278762817
"(431, 449)",17,1,0,0.1716600793932851,0.05601987615227699,0.10430025868007137,0.17407196760177612
"(431, 450)",17,1,0,0.1357228150382855,0.022958308458328247,0.036536213360060146,0.21419551968574524
"(431, 451)",17,1,0,0.09969211968563106,0.014987178146839142,0.13833100610064455,0.09207528829574585
"(431, 452)",17,1,0,0.10529122600917318,0.05804155021905899,0.14551053008356307,0.12967424094676971
"(431, 453)",17,1,0,0.08108708583901728,0.049738042056560516,0.08820970209982736,0.10116706788539886
"(432, 440)",17,1,0,0.10134388682406173,0.09279362112283707,0.12930437746836115,0.13564492762088776
"(432, 441)",17,1,0,0.12599784707316747,0.1390649825334549,0.13784626379040754,0.18586833775043488
"(432, 442)",17,1,1,0.12881903685616447,0.12372726947069168,0.1492523650187692,0.1862764060497284
"(432, 443)",17,1,0,0.14774975147327668,0.060374174267053604,0.12999448177071457,0.1441861391067505
"(432, 444)",17,1,0,0.15243959016206599,0.12543407082557678,0.13815097316323943,0.17962093651294708
"(432, 445)",17,1,1,0.15122420905996747,0.03286660462617874,0.1480210438571504,0.1755056530237198
"(432, 446)",17,1,1,0.17061422136949878,0.12921079993247986,0.2129322869704511,0.1599215269088745
"(432, 447)",17,1,0,0.08700233363010854,0.08064442873001099,0.06857707918875368,0.12262614816427231
"(432, 448)",17,1,0,0.1988221887144501,0.21322952210903168,0.19059760840944281,0.2775093615055084
"(432, 449)",17,1,0,0.14848449166384003,0.14965127408504486,0.14911556209683138,0.37363165616989136
"(432, 450)",17,1,1,0.12521515207578174,0.07215295732021332,0.06520373659921902,0.26762858033180237
"(432, 451)",17,1,0,0.08057421822318514,0.01810271292924881,0.08303356799989287,0.058700740337371826
"(432, 452)",17,1,1,0.0871217907230088,0.043750591576099396,0.08569881606509064,0.05693547800183296
"(432, 453)",17,1,1,0.06502766401095106,0.04397420585155487,0.060251930371658255,0.07454127818346024
"(433, 440)",17,1,0,0.13290187219337302,0.08569207042455673,0.12808138319225573,0.09190341085195541
"(433, 441)",17,1,0,0.15549952384562762,0.18306376039981842,0.12093899191816648,0.15008892118930817
"(433, 442)",17,1,1,0.16862024808388443,0.21271952986717224,0.1525531518916858,0.16429506242275238
"(433, 443)",17,1,0,0.1967329789581334,0.08499357104301453,0.1558972457122149,0.11821785569190979
"(433, 444)",17,1,0,0.20465232766819164,0.1936042457818985,0.13771175398231195,0.16326621174812317
"(433, 445)",17,1,0,0.2201710117869561,0.0510639026761055,0.14307537286398023,0.14665840566158295
"(433, 446)",17,1,1,0.2367848285005777,0.1322801113128662,0.26695175984123504,0.20368081331253052
"(433, 447)",17,1,0,0.1195833407463472,0.07311628013849258,0.08955250333651363,0.1329827606678009
"(433, 448)",17,1,0,0.24538343213579503,0.16506840288639069,0.18984941198188407,0.2140098363161087
"(433, 449)",17,1,0,0.2124882822662326,0.27471569180488586,0.2495839328212302,0.2445882260799408
"(433, 450)",17,1,0,0.16108693170570226,0.13999700546264648,0.058504456019035714,0.18726584315299988
"(433, 451)",17,1,0,0.12606244027265587,0.018975790590047836,0.10105001101118015,0.05173728987574577
"(433, 452)",17,1,0,0.12674193076190357,0.09019239246845245,0.10877136358134676,0.05326499789953232
"(433, 453)",17,1,0,0.09153786073751222,0.07844217121601105,0.07174352373987153,0.06798272579908371
"(434, 440)",17,1,0,0.1682078373532126,0.27185046672821045,0.17143264700956903,0.1267615258693695
"(434, 441)",17,1,0,0.192132333975215,0.34744903445243835,0.16585658175735402,0.1262420117855072
"(434, 442)",17,1,0,0.21247774660245683,0.2909884452819824,0.20891485577890628,0.1742444634437561
"(434, 443)",17,1,0,0.23122808917634488,0.10900239646434784,0.1590685440881846,0.11209890246391296
"(434, 444)",17,1,0,0.25263170328702605,0.2857396602630615,0.20780701690813938,0.1488807648420334
"(434, 445)",17,1,0,0.22429739563111092,0.03964198753237724,0.17738394887180478,0.14269599318504333
"(434, 446)",17,1,0,0.24290050613451697,0.1535765379667282,0.23060860879471629,0.14964920282363892
"(434, 447)",17,1,1,0.13950966857031927,0.058968931436538696,0.07833636882523491,0.10301520675420761
"(434, 448)",17,1,0,0.284276556859796,0.2655458152294159,0.24559794780770636,0.19632413983345032
"(434, 449)",17,1,0,0.22524299875900275,0.16886253654956818,0.20189590832845936,0.3235447406768799
"(434, 450)",17,1,0,0.1831313678039146,0.05996498465538025,0.07615055035917032,0.12604431807994843
"(434, 451)",17,1,0,0.11795647611009853,0.02111845836043358,0.08543769591216753,0.03567804396152496
"(434, 452)",17,1,0,0.11714291634239081,0.055464815348386765,0.07840915405026565,0.042778380215168
"(434, 453)",17,1,0,0.10100592421076457,0.10302707552909851,0.060464771679997156,0.05715152993798256
"(435, 440)",17,1,0,0.24409832198535367,0.22298882901668549,0.3006783515349014,0.3008791208267212
"(435, 441)",17,1,1,0.2656805633788035,0.2791881859302521,0.31375862949781674,0.35745489597320557
"(435, 442)",17,1,0,0.2524139309637534,0.1946636140346527,0.33092774774979966,0.3614336848258972
"(435, 443)",17,1,0,0.2284775699143532,0.1043844223022461,0.2620587191510171,0.20836099982261658
"(435, 444)",17,1,0,0.2325898996146678,0.18249982595443726,0.2275786110667224,0.26072466373443604
"(435, 445)",17,1,0,0.21258337138153022,0.032606542110443115,0.22733511887303323,0.23371292650699615
"(435, 446)",17,1,0,0.23024067493470454,0.182184636592865,0.33629406218967267,0.25749534368515015
"(435, 447)",17,1,0,0.13879914326987605,0.11011684685945511,0.14643601262489964,0.1941797137260437
"(435, 448)",17,1,1,0.40501536012125644,0.2505263388156891,0.36011992325564635,0.3757268190383911
"(435, 449)",17,1,1,0.31544779760606123,0.1994704008102417,0.3865519540850972,0.5002155900001526
"(435, 450)",17,1,0,0.20747119544118928,0.08332496881484985,0.11564766556308041,0.219789519906044
"(435, 451)",17,1,0,0.11407220579776428,0.03219456225633621,0.14107073988806137,0.12407418340444565
"(435, 452)",17,1,0,0.12175980304917336,0.10711748898029327,0.14695955819518755,0.09496250003576279
"(435, 453)",17,1,0,0.1143696717461188,0.13818855583667755,0.14576381860542512,0.14163830876350403
"(436, 440)",17,1,0,0.2440485511782989,0.38355863094329834,0.2544289102337631,0.29717424511909485
"(436, 441)",17,1,0,0.27750441149998584,0.4707932472229004,0.2421390367411222,0.35699260234832764
"(436, 442)",17,1,0,0.2632236686662484,0.45291435718536377,0.27129570982148965,0.37393856048583984
"(436, 443)",17,1,0,0.21111369905613098,0.11891240626573563,0.13894921572333646,0.10649809241294861
"(436, 444)",17,1,0,0.2443083197709323,0.2892293632030487,0.2202714872568879,0.3374205231666565
"(436, 445)",17,1,0,0.21897138473118052,0.07056378573179245,0.1559346457207089,0.17238318920135498
"(436, 446)",17,1,0,0.22564886213469432,0.19808697700500488,0.19117895513724323,0.145533487200737
"(436, 447)",17,1,0,0.1346725921737636,0.10793458670377731,0.0669643846008287,0.11992451548576355
"(436, 448)",17,1,1,0.3887130566792893,0.3671976923942566,0.31247494356921646,0.4204620122909546
"(436, 449)",17,1,1,0.3380611586116398,0.3188459277153015,0.30950957364040693,0.4948015511035919
"(436, 450)",17,1,0,0.21417524343867905,0.14506381750106812,0.0797752110312552,0.17576998472213745
"(436, 451)",17,1,0,0.10838768689328403,0.029494870454072952,0.05586883016471784,0.05141003057360649
"(436, 452)",17,1,0,0.1177012409122724,0.14407208561897278,0.06335272046771286,0.04490038752555847
"(436, 453)",17,1,0,0.11174720591966393,0.17436489462852478,0.056831645825516634,0.05048273503780365
"(437, 440)",17,1,0,0.10250196214935678,0.09002478420734406,0.14239733216663897,0.1146419420838356
"(437, 441)",17,1,1,0.12971735668579892,0.09341027587652206,0.17142681312426786,0.14143669605255127
"(437, 442)",17,1,1,0.11984568534934986,0.11581893265247345,0.18242517961100807,0.18442362546920776
"(437, 443)",17,1,0,0.11545913640506533,0.04466775432229042,0.1332126347889017,0.1058952659368515
"(437, 444)",17,1,0,0.1272847970736254,0.06409408897161484,0.15775887854608253,0.1443614810705185
"(437, 445)",17,1,0,0.11438094681123792,0.025993943214416504,0.1588353404272934,0.11541233211755753
"(437, 446)",17,1,0,0.11810595478288771,0.09156161546707153,0.1949967182989992,0.12947529554367065
"(437, 447)",17,1,0,0.07055268570198155,0.05379301682114601,0.06656903183475911,0.0909164547920227
"(437, 448)",17,1,1,0.20725262244011647,0.1934419870376587,0.23726881145332682,0.27693378925323486
"(437, 449)",17,1,0,0.15691768362766517,0.08980722725391388,0.18982015546182046,0.29965558648109436
"(437, 450)",17,1,0,0.11377839473991463,0.07209920138120651,0.07193343664557375,0.17612126469612122
"(437, 451)",17,1,0,0.05635286677752444,0.007802595850080252,0.07281932906315823,0.03489319607615471
"(437, 452)",17,1,0,0.060254488967726096,0.03857320547103882,0.07473320857973595,0.03829186409711838
"(437, 453)",17,1,0,0.04583906451719011,0.051648933440446854,0.049352348611824644,0.05935767665505409
"(438, 440)",17,1,0,0.10514526521038331,0.0685405507683754,0.1634290775843252,0.11126675456762314
"(438, 441)",17,1,0,0.12405446945562516,0.10586834698915482,0.17148870690453194,0.1711960732936859
"(438, 442)",17,1,0,0.12237517514978964,0.10864293575286865,0.1969937231269831,0.19966624677181244
"(438, 443)",17,1,0,0.11481983912030048,0.03151179105043411,0.14212984747624782,0.10490815341472626
"(438, 444)",17,1,0,0.12515237023073641,0.048273105174303055,0.17455063290343611,0.18040341138839722
"(438, 445)",17,1,0,0.11473911035053794,0.03085903637111187,0.16802202646579362,0.11832135915756226
"(438, 446)",17,1,1,0.11637577623311994,0.08178619295358658,0.20530912511812338,0.14788678288459778
"(438, 447)",17,1,0,0.0697181119599394,0.04782623425126076,0.07076664991954461,0.11483745276927948
"(438, 448)",17,1,0,0.20102069575976853,0.18197409808635712,0.24686978448285027,0.2851385474205017
"(438, 449)",17,1,0,0.15103386186377796,0.08735540509223938,0.20242334551112523,0.2818291485309601
"(438, 450)",17,1,1,0.1089487392547379,0.04909258708357811,0.07323564094310295,0.19586150348186493
"(438, 451)",17,1,0,0.05605440407218046,0.009539956226944923,0.07473975589653199,0.03604616969823837
"(438, 452)",17,1,0,0.05698542573755808,0.053979452699422836,0.07319068710185446,0.04824193939566612
"(438, 453)",17,1,0,0.04505709531559356,0.039430975914001465,0.05090353062311048,0.06995715945959091
"(439, 440)",17,1,0,0.17778503151334912,0.08918094635009766,0.28857806468111397,0.14248593151569366
"(439, 441)",17,1,0,0.2061943620053969,0.11353466659784317,0.2876216796298658,0.19787615537643433
"(439, 442)",17,1,0,0.20870969297528827,0.13311530649662018,0.3177827173865851,0.2390790432691574
"(439, 443)",17,1,0,0.2357490505333178,0.09751191735267639,0.283634232521031,0.14923472702503204
"(439, 444)",17,1,0,0.2543676655498256,0.12748803198337555,0.29110154245990155,0.2775890529155731
"(439, 445)",17,1,1,0.2795092436413011,0.03406646102666855,0.3329957721102515,0.1908004879951477
"(439, 446)",17,1,1,0.2600963083551906,0.08399202674627304,0.40428800505619356,0.16953648626804352
"(439, 447)",17,1,0,0.14371907104568568,0.09079086780548096,0.17794713871074505,0.14632010459899902
"(439, 448)",17,1,1,0.304134499461419,0.2098959982395172,0.38245780697501863,0.24932977557182312
"(439, 449)",17,1,0,0.241661537237393,0.14461281895637512,0.32730235062585983,0.36703044176101685
"(439, 450)",17,1,0,0.2109379502942011,0.05037606507539749,0.16300953371715302,0.20256905257701874
"(439, 451)",17,1,0,0.13286546965956095,0.014562343247234821,0.18946080024140202,0.09228008985519409
"(439, 452)",17,1,0,0.15440895801768986,0.04163997992873192,0.20490301518034998,0.056153859943151474
"(439, 453)",17,1,0,0.10372252835095923,0.03838559612631798,0.13061653210467133,0.06080383434891701
"(454, 460)",18,4,0,0.14554811467337136,0.09283792227506638,0.1919439265392197,0.19878877699375153
"(454, 461)",18,4,0,0.13834803166069642,0.14875927567481995,0.15546976660300604,0.15242473781108856
"(454, 462)",18,4,0,0.06170419815504857,0.03975720331072807,0.05554766520289069,0.06297340989112854
"(454, 463)",18,4,0,0.10662389799153678,0.0918395146727562,0.10383331020770221,0.10755152255296707
"(454, 464)",18,4,0,0.13876199602210104,0.10537134855985641,0.12130052614338828,0.16519373655319214
"(454, 465)",18,4,0,0.12996160107927157,0.15949183702468872,0.18682682480695098,0.17529375851154327
"(455, 460)",18,4,0,0.13084259487816047,0.04936607927083969,0.13508590864998166,0.1368585079908371
"(455, 461)",18,4,0,0.10918274344552863,0.07867128401994705,0.1095656293240522,0.08207127451896667
"(455, 462)",18,4,0,0.048481996113120915,0.04100567474961281,0.05002933908208525,0.06282376497983932
"(455, 463)",18,4,0,0.17781697124163004,0.07252954691648483,0.18555565841106753,0.09356701374053955
"(455, 464)",18,4,0,0.12627518828444112,0.054614000022411346,0.11885610664966091,0.10597526282072067
"(455, 465)",18,4,0,0.13121985094857117,0.08944062143564224,0.14402662647611647,0.12813672423362732
"(456, 460)",18,4,1,0.15887297989890728,0.09211172163486481,0.14519349390309114,0.11509411782026291
"(456, 461)",18,4,0,0.12588027739542643,0.04461918771266937,0.11724912521991453,0.08106468617916107
"(456, 462)",18,4,0,0.0617915498946891,0.015589515678584576,0.05085703139371865,0.05526658892631531
"(456, 463)",18,4,0,0.1254739497019979,0.033229973167181015,0.1239454267470815,0.06525178998708725
"(456, 464)",18,4,0,0.27590959918642394,0.05049104616045952,0.21702024475244117,0.09193546324968338
"(456, 465)",18,4,0,0.11060973884067316,0.06366246938705444,0.10803645933232776,0.07009799778461456
"(457, 460)",18,4,0,0.07394416186243508,0.0571650005877018,0.06279979779806183,0.15254417061805725
"(457, 461)",18,4,0,0.042834951548797365,0.04562530666589737,0.04159254264210048,0.20944681763648987
"(457, 462)",18,4,0,0.030495329898241393,0.016947779804468155,0.040564436272906276,0.3385389745235443
"(457, 463)",18,4,0,0.031571652957201476,0.03063747100532055,0.030440995199234898,0.08060382306575775
"(457, 464)",18,4,0,0.07544860929802069,0.040167223662137985,0.06215701710076645,0.10210633277893066
"(457, 465)",18,4,0,0.043048876618963935,0.12998066842556,0.02651430219370129,0.10089676827192307
"(458, 460)",18,4,0,0.17654221932744105,0.013429258950054646,0.11009930657897408,0.0745178833603859
"(458, 461)",18,4,0,0.13693665326443127,0.023217927664518356,0.08035237754481372,0.04798589274287224
"(458, 462)",18,4,1,0.06765452950699102,0.007639584597200155,0.03270237185392833,0.03584584593772888
"(458, 463)",18,4,0,0.13475527686679398,0.010737557895481586,0.09175852078567301,0.04910513013601303
"(458, 464)",18,4,1,0.2925955947446355,0.02304677478969097,0.14425627980904807,0.1325947791337967
"(458, 465)",18,4,0,0.1205097757459388,0.028518246486783028,0.10507304149270448,0.08089281618595123
"(459, 460)",18,4,0,0.1704726421165531,0.060879528522491455,0.18341711649178113,0.12389462441205978
"(459, 461)",18,4,0,0.17232048703971098,0.04316210001707077,0.17084855009424132,0.09296524524688721
"(459, 462)",18,4,0,0.07452609815989548,0.014903653413057327,0.06968129291260593,0.06500108540058136
"(459, 463)",18,4,0,0.14775249753017844,0.02319309301674366,0.16352954488315277,0.07449596375226974
"(459, 464)",18,4,0,0.25228052560121045,0.02261979505419731,0.2138145394803592,0.12241797149181366
"(459, 465)",18,4,0,0.17397610022423368,0.11739809066057205,0.20510788409878794,0.11483751982450485
"(466, 481)",19,0,0,0.16238690302687064,0.09526780992746353,0.26011830168535754,0.23090563714504242
"(466, 482)",19,0,0,0.15136246960685001,0.07688499242067337,0.21678244458499676,0.19829240441322327
"(466, 483)",19,0,0,0.30363858343562605,0.31870102882385254,0.3321131153953576,0.4132641553878784
"(466, 484)",19,0,0,0.05684051842371697,0.0731133222579956,0.1146811529788129,0.10271802544593811
"(466, 485)",19,0,0,0.11742752500812577,0.07996678352355957,0.16793859678657277,0.2473253756761551
"(466, 486)",19,0,0,0.11639512493595204,0.05311169475317001,0.19050121437136908,0.1787359118461609
"(466, 487)",19,0,0,0.1110393461481416,0.05063629150390625,0.13935280455396726,0.12147148698568344
"(466, 488)",19,0,0,0.11210436861367633,0.17055147886276245,0.1362416825559501,0.16383662819862366
"(466, 489)",19,0,0,0.17303932572733519,0.1336834877729416,0.24384926661919618,0.2249046266078949
"(466, 490)",19,0,0,0.07450733283820615,0.04066251218318939,0.15404334495596333,0.09002827107906342
"(466, 491)",19,0,0,0.14526575843757894,0.17716550827026367,0.2599351068889876,0.22326277196407318
"(466, 492)",19,0,0,0.1695509812279719,0.08902927488088608,0.28885537965690994,0.1670476198196411
"(466, 493)",19,0,0,0.07360599046338154,0.02379351481795311,0.11103163954892477,0.12115342170000076
"(466, 494)",19,0,0,0.16294420754480307,0.09935084730386734,0.2221342893031416,0.18398451805114746
"(466, 495)",19,0,0,0.12374472706600004,0.07143426686525345,0.25217348746016816,0.17593374848365784
"(467, 481)",19,0,1,0.22349443733250215,0.13772767782211304,0.2231712385184859,0.19562365114688873
"(467, 482)",19,0,1,0.23834336562377484,0.3049221634864807,0.2815881868955611,0.2560996115207672
"(467, 483)",19,0,0,0.3682162117557167,0.37231341004371643,0.2752653418107688,0.328684538602829
"(467, 484)",19,0,0,0.05366007071680082,0.05085744336247444,0.0545728151494426,0.04905843362212181
"(467, 485)",19,0,0,0.15425954457441368,0.09906239062547684,0.12620759625025493,0.16322268545627594
"(467, 486)",19,0,0,0.141896950303468,0.12049546837806702,0.1378958300284223,0.13709592819213867
"(467, 487)",19,0,0,0.1335557891705599,0.0685720220208168,0.10124118920659957,0.09828592836856842
"(467, 488)",19,0,0,0.18248549135897207,0.1334007829427719,0.1322833382132381,0.17471779882907867
"(467, 489)",19,0,1,0.30043317991565394,0.4230765700340271,0.3166654709450969,0.2955547571182251
"(467, 490)",19,0,1,0.10378505066848086,0.03981762379407883,0.13118015438143044,0.09003329277038574
"(467, 491)",19,0,1,0.2483620617095853,0.26073887944221497,0.3225259718957471,0.2184164673089981
"(467, 492)",19,0,1,0.21376002185982712,0.2051602452993393,0.2569888492078151,0.11715088784694672
"(467, 493)",19,0,0,0.09340530000184737,0.03120281919836998,0.08092977987772841,0.056474074721336365
"(467, 494)",19,0,0,0.21204766840139094,0.28245508670806885,0.1935527525749448,0.14086797833442688
"(467, 495)",19,0,1,0.16031180271558704,0.09712719172239304,0.22120325671530763,0.11097262799739838
"(468, 481)",19,0,0,0.2493512500685839,0.07459738850593567,0.19536421962309478,0.22872430086135864
"(468, 482)",19,0,1,0.19754478686564297,0.11228730529546738,0.12038744062571177,0.12732888758182526
"(468, 483)",19,0,0,0.37173614874284516,0.1939706653356552,0.21961070890336484,0.32288193702697754
"(468, 484)",19,0,0,0.08555863952961584,0.047765154391527176,0.08664681457789283,0.07546137273311615
"(468, 485)",19,0,0,0.19278043661287836,0.08848118036985397,0.16233734599429706,0.21533548831939697
"(468, 486)",19,0,0,0.17820071279046262,0.08611876517534256,0.17250508490099065,0.15602797269821167
"(468, 487)",19,0,0,0.19182339370582938,0.10787250846624374,0.14379806739984907,0.13801896572113037
"(468, 488)",19,0,0,0.20719161244546333,0.16903536021709442,0.14068977442850508,0.13971228897571564
"(468, 489)",19,0,0,0.23937677479708896,0.11247460544109344,0.14274022403013356,0.15810774266719818
"(468, 490)",19,0,0,0.15880468406769344,0.04177568480372429,0.1309267502211133,0.1379549354314804
"(468, 491)",19,0,0,0.19841205853320418,0.08548834174871445,0.18648142258387607,0.1408248245716095
"(468, 492)",19,0,1,0.2541355064032871,0.08674313873052597,0.28350346724986086,0.13220956921577454
"(468, 493)",19,0,0,0.17308000519970235,0.0669214129447937,0.15813432214244852,0.16994982957839966
"(468, 494)",19,0,1,0.29766928706597645,0.14975117146968842,0.19670817950360067,0.1839742660522461
"(468, 495)",19,0,0,0.1719681719054779,0.0520806610584259,0.22785745701826998,0.1722055822610855
"(469, 481)",19,0,0,0.1824707715506069,0.08778887987136841,0.2182075868020421,0.10980413854122162
"(469, 482)",19,0,0,0.18103217424269716,0.11726827919483185,0.17307675539595632,0.14203424751758575
"(469, 483)",19,0,0,0.34926707990258227,0.291486918926239,0.27946483159913016,0.2890494763851166
"(469, 484)",19,0,0,0.05039866932343617,0.03525400534272194,0.08635257648715769,0.043049998581409454
"(469, 485)",19,0,1,0.14249404307779728,0.14181658625602722,0.16243894496939124,0.1655174344778061
"(469, 486)",19,0,0,0.13822408457156973,0.0961238369345665,0.1759829540641757,0.13885129988193512
"(469, 487)",19,0,0,0.12686491509298822,0.0764438807964325,0.15577948162414088,0.07914986461400986
"(469, 488)",19,0,0,0.13446819760660658,0.20419193804264069,0.1485121970882376,0.11632592976093292
"(469, 489)",19,0,1,0.20503845492387965,0.11192841082811356,0.19304514047519244,0.15828531980514526
"(469, 490)",19,0,0,0.09182177975548084,0.049131736159324646,0.11920930099827333,0.04933598265051842
"(469, 491)",19,0,1,0.17381589786692533,0.19690319895744324,0.25267826657847847,0.14054706692695618
"(469, 492)",19,0,1,0.20333050442119424,0.08969984948635101,0.2815725273797333,0.08609901368618011
"(469, 493)",19,0,1,0.11546345614527309,0.05316341668367386,0.17415486924111578,0.08863354474306107
"(469, 494)",19,0,0,0.19858032946596518,0.10360979288816452,0.18627141677513712,0.09921993315219879
"(469, 495)",19,0,0,0.15074786516107566,0.07785765826702118,0.23976450199054922,0.10943131148815155
"(470, 481)",19,0,0,0.15633532964510896,0.08417251706123352,0.19606628253333494,0.06906463205814362
"(470, 482)",19,0,1,0.16972500446883196,0.04912876337766647,0.13748867547272986,0.0906316265463829
"(470, 483)",19,0,0,0.32207041400944,0.31998032331466675,0.23972627064885704,0.1710314303636551
"(470, 484)",19,0,0,0.06055614278196391,0.1090857982635498,0.09790333568835705,0.08561709523200989
"(470, 485)",19,0,0,0.15960328657864994,0.1644897758960724,0.1747297214924844,0.15416371822357178
"(470, 486)",19,0,0,0.16006384279728883,0.0829586386680603,0.19709013469823514,0.11584682762622833
"(470, 487)",19,0,0,0.10492545770917858,0.023163005709648132,0.14805147379912373,0.07303198426961899
"(470, 488)",19,0,1,0.15670876633663303,0.1961425542831421,0.1686767858702132,0.17662091553211212
"(470, 489)",19,0,1,0.18707490153635029,0.22659075260162354,0.15257983807424488,0.10313093662261963
"(470, 490)",19,0,0,0.10412274998712111,0.03429088369011879,0.12000407228499992,0.10987064242362976
"(470, 491)",19,0,1,0.1656456368831012,0.13163574039936066,0.20101289456084676,0.157989501953125
"(470, 492)",19,0,0,0.22923544350632857,0.083439402282238,0.2713120733757606,0.07679068297147751
"(470, 493)",19,0,0,0.0711158019146074,0.016694875434041023,0.11575862998178123,0.08602271974086761
"(470, 494)",19,0,0,0.22840462111194648,0.1518307477235794,0.19212268624766007,0.1269260048866272
"(470, 495)",19,0,1,0.13846954268224282,0.16193006932735443,0.20647024558492053,0.09131131321191788
"(471, 481)",19,0,0,0.11663099095448728,0.04005363583564758,0.12814552206652033,0.04407048597931862
"(471, 482)",19,0,0,0.1211502978432792,0.06950996071100235,0.08564021520177939,0.06170203536748886
"(471, 483)",19,0,0,0.21426351317160733,0.12296324968338013,0.14844371013837773,0.14858005940914154
"(471, 484)",19,0,0,0.04896177950865815,0.0763443261384964,0.0841435442837844,0.057009506970644
"(471, 485)",19,0,0,0.11066437413038206,0.14680729806423187,0.12811976983740747,0.09278586506843567
"(471, 486)",19,0,0,0.10998193889604314,0.10056427866220474,0.13255660681329792,0.075004942715168
"(471, 487)",19,0,0,0.08220563304471652,0.05761752277612686,0.1103126013021603,0.061549264937639236
"(471, 488)",19,0,0,0.12242106297093557,0.11725988239049911,0.12797619689390377,0.13097935914993286
"(471, 489)",19,0,1,0.1366659623387936,0.1813097894191742,0.09978958284036578,0.07582999765872955
"(471, 490)",19,0,0,0.09053349618395211,0.049403250217437744,0.08813277105373837,0.05035950243473053
"(471, 491)",19,0,0,0.11165986757791146,0.1081477552652359,0.12642674238389276,0.09338671714067459
"(471, 492)",19,0,0,0.16024088512609302,0.04954502731561661,0.18260731882118733,0.09759289026260376
"(471, 493)",19,0,0,0.05532386795831836,0.039399635046720505,0.09206821166356681,0.05184135586023331
"(471, 494)",19,0,0,0.19253415436708157,0.08589699119329453,0.16056276561925423,0.15654699504375458
"(471, 495)",19,0,0,0.10740174359939408,0.061505816876888275,0.15214202630430895,0.0702776089310646
"(472, 481)",19,0,0,0.26950425499905895,0.3689972460269928,0.31796450220994205,0.20753361284732819
"(472, 482)",19,0,1,0.2260654797863613,0.1927436888217926,0.23374023936784497,0.20551972091197968
"(472, 483)",19,0,0,0.42547347428350124,0.6577386260032654,0.3579151245455184,0.4379657804965973
"(472, 484)",19,0,0,0.08523097800410637,0.09550731629133224,0.12956098839021993,0.13598518073558807
"(472, 485)",19,0,0,0.21066458225325888,0.3660263419151306,0.2563624359360152,0.29966506361961365
"(472, 486)",19,0,0,0.21049138128125838,0.1593770980834961,0.3201720300363805,0.19258129596710205
"(472, 487)",19,0,0,0.18725058524944277,0.18033535778522491,0.20938163978040725,0.16713431477546692
"(472, 488)",19,0,0,0.20628907059309085,0.29660913348197937,0.2112341278920339,0.2499912530183792
"(472, 489)",19,0,0,0.2612550752088509,0.4527783989906311,0.26092854000418314,0.2539290189743042
"(472, 490)",19,0,0,0.14148427529114294,0.2195930927991867,0.19356018884369477,0.11458449065685272
"(472, 491)",19,0,0,0.22358874464456865,0.4012816250324249,0.3649608663496567,0.24957075715065002
"(472, 492)",19,0,1,0.29946035204868166,0.36544349789619446,0.3969887025769539,0.19206391274929047
"(472, 493)",19,0,0,0.13078132188856767,0.07242695242166519,0.17139195974968502,0.2059062123298645
"(472, 494)",19,0,0,0.29749833859110436,0.3951972723007202,0.2965188090148929,0.29474076628685
"(472, 495)",19,0,0,0.182201274435901,0.21987293660640717,0.31249779298238023,0.20482730865478516
"(473, 481)",19,0,0,0.12987296639703974,0.053525906056165695,0.13657261035851503,0.07595068216323853
"(473, 482)",19,0,0,0.1506789555677264,0.03935128077864647,0.08252081400446858,0.09321769326925278
"(473, 483)",19,0,0,0.27589826549795765,0.1934146285057068,0.1773588071915559,0.2081296592950821
"(473, 484)",19,0,1,0.08948466668700217,0.08431939035654068,0.1379865109308802,0.05491659790277481
"(473, 485)",19,0,0,0.13331350416291587,0.07388827204704285,0.15072658845958542,0.1359310895204544
"(473, 486)",19,0,0,0.21064815457582348,0.16376632452011108,0.24084329063024532,0.1730014979839325
"(473, 487)",19,0,0,0.10544676058678305,0.03335362300276756,0.13812405960058827,0.0835924968123436
"(473, 488)",19,0,0,0.15700168510158735,0.18175625801086426,0.16055738694362764,0.13252513110637665
"(473, 489)",19,0,0,0.1554557217993711,0.09827595949172974,0.09111167579491905,0.08814600855112076
"(473, 490)",19,0,0,0.10589626507856395,0.02993669919669628,0.09526843844230576,0.04277033731341362
"(473, 491)",19,0,0,0.13953916677693565,0.10503613203763962,0.12748167229931112,0.12645255029201508
"(473, 492)",19,0,0,0.260550834219597,0.07737471908330917,0.2625396232131999,0.15199014544487
"(473, 493)",19,0,0,0.08630758505963781,0.03398822247982025,0.14097576394747585,0.13320937752723694
"(473, 494)",19,0,0,0.24008129699276046,0.08061421662569046,0.167935682681676,0.186650350689888
"(473, 495)",19,0,0,0.1406926019830099,0.035024244338274,0.1573454980824053,0.09854333102703094
"(474, 481)",19,0,0,0.23462161975261947,0.04475032910704613,0.220142741131165,0.04222152382135391
"(474, 482)",19,0,0,0.2763180067998698,0.20791469514369965,0.1436579308731535,0.07153401523828506
"(474, 483)",19,0,0,0.43771313917162474,0.12651972472667694,0.27375407640311994,0.17192508280277252
"(474, 484)",19,0,0,0.14734882328899315,0.06991460919380188,0.1459570302791198,0.03055303730070591
"(474, 485)",19,0,0,0.2401667561143219,0.10724550485610962,0.2548079970722419,0.09738592058420181
"(474, 486)",19,0,1,0.31832796015006154,0.09427574276924133,0.3133173967470379,0.11234167218208313
"(474, 487)",19,0,0,0.19549645683538283,0.018134312704205513,0.1745389184294974,0.02941332943737507
"(474, 488)",19,0,0,0.27241756882462925,0.13054846227169037,0.1931540302442922,0.06799186766147614
"(474, 489)",19,0,1,0.2681523802844913,0.08745619654655457,0.1516489454107187,0.05094757676124573
"(474, 490)",19,0,0,0.19168502736479262,0.03604920580983162,0.1545607416841919,0.02460847981274128
"(474, 491)",19,0,0,0.25363167160848044,0.09601923823356628,0.21291055540138534,0.07842782884836197
"(474, 492)",19,0,1,0.43053004686054186,0.15556633472442627,0.3855507504689376,0.16001026332378387
"(474, 493)",19,0,0,0.1970348127964628,0.04067009314894676,0.2144178632289315,0.07081221044063568
"(474, 494)",19,0,1,0.3962323360620965,0.091552734375,0.2595672392341367,0.15299692749977112
"(474, 495)",19,0,0,0.22472693955707396,0.08091135323047638,0.2286930080444994,0.05175063759088516
"(475, 481)",19,0,0,0.19848892478198946,0.06424947828054428,0.2312774246255072,0.15743111073970795
"(475, 482)",19,0,0,0.1890479921658421,0.08296173065900803,0.15729378349681175,0.15909306704998016
"(475, 483)",19,0,0,0.36152916449778844,0.1853642761707306,0.26927906937941953,0.39098620414733887
"(475, 484)",19,0,0,0.06892056955231374,0.15241801738739014,0.10326408177288707,0.16241949796676636
"(475, 485)",19,0,0,0.17944450303912968,0.23193436861038208,0.20388005331612355,0.2165563553571701
"(475, 486)",19,0,0,0.17703270873074317,0.16103912889957428,0.25801138273487173,0.18019317090511322
"(475, 487)",19,0,0,0.13902747819314293,0.10482693463563919,0.15089060180915023,0.16154161095619202
"(475, 488)",19,0,0,0.173770852775593,0.2888694703578949,0.16226046070162167,0.2573377788066864
"(475, 489)",19,0,1,0.22213565705060792,0.16268868744373322,0.18407555903554415,0.2029763162136078
"(475, 490)",19,0,0,0.11836729785019574,0.10673956573009491,0.14108690819974462,0.1545262336730957
"(475, 491)",19,0,0,0.180260347631787,0.2062683254480362,0.2676745382476226,0.19925139844417572
"(475, 492)",19,0,1,0.24844934989302414,0.10496429353952408,0.29780151789185255,0.1799735575914383
"(475, 493)",19,0,0,0.1246770593853521,0.061533913016319275,0.16590658102862388,0.16460534930229187
"(475, 494)",19,0,0,0.24599500227990287,0.09120252728462219,0.21092635244541746,0.22999738156795502
"(475, 495)",19,0,0,0.15837515184338277,0.070048026740551,0.24103941418665323,0.13383115828037262
"(476, 481)",19,0,0,0.22711842437344598,0.13285712897777557,0.21884395556235509,0.1471661478281021
"(476, 482)",19,0,0,0.19174131888069007,0.056565821170806885,0.15979718074977298,0.11253441870212555
"(476, 483)",19,0,0,0.36133448615079355,0.2597830593585968,0.24884119403018037,0.24756106734275818
"(476, 484)",19,0,1,0.0666318121119402,0.07160665094852448,0.06242904369983138,0.03062383644282818
"(476, 485)",19,0,1,0.1778574718624234,0.16010679304599762,0.14170749056509382,0.13470707833766937
"(476, 486)",19,0,0,0.17710997958128505,0.0987229198217392,0.15582128757220085,0.10554181784391403
"(476, 487)",19,0,0,0.16084873216313145,0.0735199972987175,0.11182689400815599,0.06175607442855835
"(476, 488)",19,0,0,0.17039372553726911,0.20854316651821136,0.10809478983794582,0.10419876873493195
"(476, 489)",19,0,0,0.21871838705701527,0.15968787670135498,0.17905292831351297,0.14395898580551147
"(476, 490)",19,0,0,0.11567904611327577,0.11091036349534988,0.12397657023783812,0.07485707104206085
"(476, 491)",19,0,0,0.18096072938548569,0.17700237035751343,0.1975176771307084,0.12581194937229156
"(476, 492)",19,0,0,0.2501893016589154,0.10616596788167953,0.24770996705820147,0.09786563366651535
"(476, 493)",19,0,0,0.142856784857212,0.0314580574631691,0.11969986705572593,0.04810008406639099
"(476, 494)",19,0,0,0.24352224539191952,0.14654721319675446,0.19552920323120584,0.12429261207580566
"(476, 495)",19,0,0,0.15997227778087036,0.09316276013851166,0.18716026043406042,0.08665168285369873
"(477, 481)",19,0,0,0.2373996212344739,0.03143804892897606,0.24582769245513053,0.06299788504838943
"(477, 482)",19,0,0,0.21970637712410748,0.07410422712564468,0.17792707561108767,0.08996060490608215
"(477, 483)",19,0,0,0.3942713937138137,0.10739438235759735,0.27928881370720815,0.19671399891376495
"(477, 484)",19,0,0,0.07646868610977947,0.03160163015127182,0.09996704464981213,0.030022859573364258
"(477, 485)",19,0,0,0.2093258564207434,0.07746642827987671,0.2188429886093542,0.09674990922212601
"(477, 486)",19,0,0,0.19506691595761408,0.04743804782629013,0.2642319721991463,0.0759202316403389
"(477, 487)",19,0,0,0.1536471949234482,0.02566104754805565,0.1524661766070578,0.03667358681559563
"(477, 488)",19,0,0,0.1881839145331091,0.0800272524356842,0.160120710161686,0.05832599103450775
"(477, 489)",19,0,0,0.26474350695033283,0.10222945362329483,0.20437834474596886,0.1276470273733139
"(477, 490)",19,0,0,0.14139560979044974,0.028497282415628433,0.1459428039526629,0.03421346843242645
"(477, 491)",19,0,0,0.21527071160318378,0.09047745168209076,0.28671917845897493,0.11111155897378922
"(477, 492)",19,0,0,0.2790534132847968,0.07110325247049332,0.31293631331322236,0.08935093134641647
"(477, 493)",19,0,0,0.10598604265827687,0.022149749100208282,0.12584343743240234,0.05889599025249481
"(477, 494)",19,0,0,0.2777990594644512,0.052510473877191544,0.23991649374760085,0.12481428682804108
"(477, 495)",19,0,0,0.19222542528232353,0.0409904308617115,0.27109170077941946,0.10713224112987518
"(478, 481)",19,0,0,0.1812487483226373,0.03362955525517464,0.21592494248539293,0.12594075500965118
"(478, 482)",19,0,0,0.18583414407139534,0.08760933578014374,0.19025434673040684,0.12749406695365906
"(478, 483)",19,0,0,0.35503318098949954,0.16558313369750977,0.27843421036371935,0.22215871512889862
"(478, 484)",19,0,0,0.05179053185845152,0.012801156379282475,0.05908991438746243,0.038920432329177856
"(478, 485)",19,0,0,0.15215132362185738,0.06875702738761902,0.1464909099496335,0.1615271419286728
"(478, 486)",19,0,0,0.137420477581853,0.061622682958841324,0.1506964570698912,0.11042330414056778
"(478, 487)",19,0,0,0.11401353941527857,0.02727455459535122,0.10376702112425765,0.05483051761984825
"(478, 488)",19,0,0,0.1334470463420611,0.045064445585012436,0.10261240606772652,0.062039583921432495
"(478, 489)",19,0,1,0.22026150703348696,0.06618762016296387,0.2125933745265025,0.13833433389663696
"(478, 490)",19,0,0,0.09750052980701239,0.028046177700161934,0.12208997498533894,0.057506024837493896
"(478, 491)",19,0,1,0.188933833690918,0.14024853706359863,0.23216102802182578,0.12916231155395508
"(478, 492)",19,0,0,0.20460574195440473,0.04524745047092438,0.24675784900610356,0.08744056522846222
"(478, 493)",19,0,0,0.1031863431986785,0.03754735365509987,0.11695947753300802,0.06403599679470062
"(478, 494)",19,0,0,0.2025287414950996,0.07133964449167252,0.19777967302579863,0.12236155569553375
"(478, 495)",19,0,0,0.15723664450063846,0.038597386330366135,0.2208663397149288,0.12756112217903137
"(479, 481)",19,0,0,0.20296581183785609,0.09860840439796448,0.225545599091697,0.1898878812789917
"(479, 482)",19,0,0,0.19428371248454185,0.1962965577840805,0.17115479088509802,0.1707618534564972
"(479, 483)",19,0,0,0.36096164796525326,0.37885385751724243,0.2654822428123488,0.4205009639263153
"(479, 484)",19,0,0,0.08041922949079214,0.16458821296691895,0.08261724143282194,0.06843031197786331
"(479, 485)",19,0,0,0.18154720421010712,0.2523094117641449,0.15847632349851495,0.22110295295715332
"(479, 486)",19,0,0,0.17249787248169265,0.19240500032901764,0.1679851382865925,0.16912247240543365
"(479, 487)",19,0,0,0.1609297857265367,0.08934971690177917,0.13226502620990882,0.09464094042778015
"(479, 488)",19,0,0,0.19688750061107876,0.2666749060153961,0.13848484521351365,0.13344460725784302
"(479, 489)",19,0,0,0.22470782574723216,0.3945593535900116,0.19489891496638062,0.22221049666404724
"(479, 490)",19,0,0,0.14223842689554098,0.1420002579689026,0.16235897871839422,0.10161848366260529
"(479, 491)",19,0,0,0.1917287051931914,0.27346667647361755,0.2138422868251386,0.17272810637950897
"(479, 492)",19,0,0,0.25413935920925,0.1977803111076355,0.2692750770069087,0.18861111998558044
"(479, 493)",19,0,0,0.14698832109620982,0.08605988323688507,0.15101419433570504,0.15003609657287598
"(479, 494)",19,0,0,0.28866598393885856,0.23197172582149506,0.24523463915031934,0.2579728066921234
"(479, 495)",19,0,0,0.16185522508065772,0.11190276592969894,0.20354809276724314,0.17444929480552673
"(480, 481)",19,0,0,0.19646116067477656,0.04743155092000961,0.24700218963922393,0.16400989890098572
"(480, 482)",19,0,0,0.20139295830884496,0.12094449996948242,0.22717512950450172,0.1587500423192978
"(480, 483)",19,0,0,0.3764583907012167,0.14582595229148865,0.31628215542485677,0.29007941484451294
"(480, 484)",19,0,0,0.05637427113379847,0.0350494347512722,0.07035302606052314,0.04053279012441635
"(480, 485)",19,0,0,0.1630095234613421,0.10670970380306244,0.16496418897665022,0.17512278258800507
"(480, 486)",19,0,0,0.1513026451045622,0.0912737175822258,0.173757842941146,0.1084824800491333
"(480, 487)",19,0,0,0.12410923212150618,0.046485722064971924,0.1204193401055818,0.05250269174575806
"(480, 488)",19,0,1,0.14423948835095665,0.09033790975809097,0.12211635328436933,0.08247203379869461
"(480, 489)",19,0,1,0.24093522062125103,0.2061382532119751,0.25183664101747943,0.1936444342136383
"(480, 490)",19,0,0,0.10434193862909345,0.06272292137145996,0.14526232675368994,0.0652540847659111
"(480, 491)",19,0,0,0.19987534800772241,0.18024584650993347,0.2655332077086586,0.14864468574523926
"(480, 492)",19,0,1,0.22356805183783304,0.1064879447221756,0.2825218201148023,0.12999559938907623
"(480, 493)",19,0,0,0.08432518581014481,0.030081793665885925,0.09799191894172762,0.0767831802368164
"(480, 494)",19,0,0,0.2201662560198728,0.08847837895154953,0.2355402412486272,0.19594049453735352
"(480, 495)",19,0,0,0.17323228209360228,0.05572302266955376,0.259422345690984,0.1421162188053131
"(496, 502)",20,3,0,0.3019491329439264,0.368045836687088,0.22681020491571546,0.13726553320884705
"(496, 503)",20,3,0,0.14021620603002807,0.2010202258825302,0.08193652475787214,0.04154952988028526
"(496, 504)",20,3,0,0.32703437420566916,0.37285560369491577,0.21913983173080584,0.1782357394695282
"(496, 505)",20,3,1,0.19427339524033946,0.4517677128314972,0.19475054906030367,0.20889632403850555
"(496, 506)",20,3,0,0.1352579846538206,0.4618944823741913,0.1322664555209578,0.19984765350818634
"(496, 507)",20,3,0,0.1359190634357371,0.1515750288963318,0.144591507247316,0.11055571585893631
"(496, 508)",20,3,0,0.08816423640296615,0.18994203209877014,0.15554952351511617,0.18674631416797638
"(497, 502)",20,3,0,0.19488562589879446,0.24217157065868378,0.13080147539136205,0.13287928700447083
"(497, 503)",20,3,0,0.1941620219078371,0.25802066922187805,0.17458219711108192,0.09816513955593109
"(497, 504)",20,3,0,0.229173188275044,0.28409793972969055,0.20593173336918041,0.1562691479921341
"(497, 505)",20,3,0,0.17974847937430422,0.3803893029689789,0.16130771623185183,0.21981610357761383
"(497, 506)",20,3,0,0.11365360804354754,0.23363636434078217,0.11046678747677512,0.14137068390846252
"(497, 507)",20,3,0,0.11242491259477892,0.109132781624794,0.13566039111479664,0.21060749888420105
"(497, 508)",20,3,0,0.07989069171175046,0.1306614726781845,0.1333277707440916,0.10649973899126053
"(498, 502)",20,3,0,0.18000192962638356,0.08718875795602798,0.1148649826597096,0.08764754980802536
"(498, 503)",20,3,0,0.1714051426757859,0.14691747725009918,0.15368056865968371,0.1103317067027092
"(498, 504)",20,3,0,0.19117124927807347,0.07409939169883728,0.1745462683396719,0.17166829109191895
"(498, 505)",20,3,0,0.15712484319517123,0.1828313171863556,0.14091029000985753,0.23491594195365906
"(498, 506)",20,3,0,0.09125637809159143,0.07404385507106781,0.0905684783501353,0.10652554780244827
"(498, 507)",20,3,0,0.09042407362002307,0.030072109773755074,0.11351832803002473,0.13706634938716888
"(498, 508)",20,3,0,0.07233365570497466,0.031107213348150253,0.11676244599958419,0.1512765735387802
"(499, 502)",20,3,0,0.2087737039127547,0.2042660415172577,0.16354159007971017,0.08735702931880951
"(499, 503)",20,3,0,0.1956605547286938,0.30275923013687134,0.18403791578744122,0.0953388586640358
"(499, 504)",20,3,1,0.21241690744044958,0.15489494800567627,0.21234004237047716,0.19385626912117004
"(499, 505)",20,3,0,0.19005050718579808,0.23530852794647217,0.19130871794671653,0.19302761554718018
"(499, 506)",20,3,0,0.10259244125585705,0.20082984864711761,0.12380822123472729,0.13588197529315948
"(499, 507)",20,3,0,0.10269940608557704,0.14479723572731018,0.1341381704166485,0.19256748259067535
"(499, 508)",20,3,1,0.08775129074889614,0.08889870345592499,0.15854334141568302,0.12623608112335205
"(500, 502)",20,3,0,0.17273211638992422,0.08889265358448029,0.16846754094723354,0.07894199341535568
"(500, 503)",20,3,0,0.17548413735692373,0.305224746465683,0.18160213545276035,0.08653418719768524
"(500, 504)",20,3,0,0.1773553108869821,0.13808158040046692,0.1873768440952434,0.1065039336681366
"(500, 505)",20,3,0,0.1455636739278698,0.14376871287822723,0.1991024427871147,0.1846959888935089
"(500, 506)",20,3,0,0.09171874325590973,0.10547395050525665,0.13530868452305292,0.12465523183345795
"(500, 507)",20,3,1,0.09878089409459535,0.10142146795988083,0.15648255615297302,0.18526315689086914
"(500, 508)",20,3,0,0.0654624907894285,0.045163992792367935,0.1677324874948329,0.08794686943292618
"(501, 502)",20,3,0,0.1648883558250303,0.050761546939611435,0.1369543752119761,0.06731125712394714
"(501, 503)",20,3,0,0.1665052753131919,0.157252237200737,0.15855774955711396,0.09393628686666489
"(501, 504)",20,3,1,0.16938992841338,0.07153822481632233,0.17532193552556533,0.12437757104635239
"(501, 505)",20,3,0,0.14165536442710944,0.09177806228399277,0.15635226904839583,0.14845208823680878
"(501, 506)",20,3,0,0.07923275148857194,0.09688723832368851,0.09984649786014779,0.15391983091831207
"(501, 507)",20,3,0,0.08699810334368442,0.09816890954971313,0.11300139514938291,0.1683417707681656
"(501, 508)",20,3,0,0.06126212134946353,0.024263806641101837,0.12486296492830998,0.05584312602877617
"(509, 531)",21,0,0,0.08612767055364674,0.07029397040605545,0.13076729224399222,0.1998959332704544
"(509, 532)",21,0,0,0.10882827406318839,0.06873828172683716,0.14889582127852777,0.07940814644098282
"(509, 533)",21,0,0,0.17181785812221217,0.24010060727596283,0.15625133226817495,0.23204343020915985
"(509, 534)",21,0,0,0.0751419837825374,0.06365156173706055,0.1233399677471724,0.16243398189544678
"(509, 535)",21,0,1,0.09166242242812368,0.07292637974023819,0.09198980246906137,0.12512116134166718
"(509, 536)",21,0,0,0.16105513304215952,0.050189681351184845,0.18920324157314058,0.12978708744049072
"(509, 537)",21,0,1,0.10069591381816796,0.12411563098430634,0.14231779676295853,0.16305896639823914
"(509, 538)",21,0,1,0.16680265339047579,0.10586810111999512,0.1370131561279966,0.1339132934808731
"(509, 539)",21,0,0,0.16337160595016734,0.1269417107105255,0.12260955082572872,0.06349479407072067
"(509, 540)",21,0,0,0.06778841159568946,0.054665978997945786,0.085458001183253,0.06834360212087631
"(509, 541)",21,0,0,0.09358898319002848,0.05661766231060028,0.11603524165335287,0.10259221494197845
"(509, 542)",21,0,0,0.07780389446507331,0.04928191006183624,0.13216985077140161,0.07588488608598709
"(509, 543)",21,0,0,0.07728934658108431,0.0674905925989151,0.11213314984141118,0.05406111478805542
"(509, 544)",21,0,0,0.09465495937093434,0.07193591445684433,0.10680801301998953,0.11523902416229248
"(509, 545)",21,0,0,0.09561872942753556,0.03326531499624252,0.09883860946734463,0.05582965910434723
"(509, 546)",21,0,1,0.17477272400880126,0.10274405032396317,0.12939491755553578,0.0888020470738411
"(509, 547)",21,0,0,0.1766129979231333,0.12902617454528809,0.14009009451867735,0.13179755210876465
"(509, 548)",21,0,1,0.11292147882244126,0.0690154954791069,0.07943200012247617,0.10079778730869293
"(509, 549)",21,0,0,0.14320111840266433,0.2058122158050537,0.10211559947597397,0.12261123210191727
"(509, 550)",21,0,0,0.12601185275155855,0.09424785524606705,0.09159950525904136,0.09393033385276794
"(509, 551)",21,0,0,0.08164898895487346,0.1017223447561264,0.10838810629707013,0.08465147018432617
"(509, 552)",21,0,1,0.179389228760526,0.1569141000509262,0.1772779578273337,0.1402987688779831
"(510, 531)",21,0,0,0.17612431834104364,0.32940348982810974,0.1155799056275601,0.2508337199687958
"(510, 532)",21,0,0,0.21430959880639147,0.18205569684505463,0.17312817214587045,0.174946129322052
"(510, 533)",21,0,1,0.3038084259862918,0.20291854441165924,0.20721515760682666,0.23017463088035583
"(510, 534)",21,0,0,0.15107120993548373,0.11821847409009933,0.14465093269592236,0.12325749546289444
"(510, 535)",21,0,0,0.18049353068854984,0.19808149337768555,0.14339625398303493,0.12017214298248291
"(510, 536)",21,0,1,0.2594259480045568,0.1831820160150528,0.2482629220829687,0.23056958615779877
"(510, 537)",21,0,0,0.20084161739031312,0.20231492817401886,0.15174650020838082,0.14336934685707092
"(510, 538)",21,0,1,0.2772331499616997,0.18668775260448456,0.20476780965892638,0.14124615490436554
"(510, 539)",21,0,0,0.3056518986755533,0.12353958934545517,0.1706687597279742,0.12747259438037872
"(510, 540)",21,0,1,0.1356570837509245,0.3074202239513397,0.12007731053694576,0.10440193861722946
"(510, 541)",21,0,0,0.1858631717807056,0.12283997237682343,0.11114946722992694,0.11001848429441452
"(510, 542)",21,0,0,0.15948818048549732,0.08946772664785385,0.131647857198443,0.10208206623792648
"(510, 543)",21,0,0,0.15903606662304248,0.1533251851797104,0.1119983939306571,0.09793112426996231
"(510, 544)",21,0,0,0.1862363715876575,0.2067168951034546,0.10333351373191133,0.13691051304340363
"(510, 545)",21,0,0,0.1886954284584102,0.12206793576478958,0.1564549629404136,0.11897074431180954
"(510, 546)",21,0,1,0.35515034680744534,0.3937007784843445,0.29294899633066507,0.1770346313714981
"(510, 547)",21,0,0,0.3529694899960633,0.2908378541469574,0.2737582146290125,0.25826141238212585
"(510, 548)",21,0,0,0.2509992479451303,0.15971125662326813,0.17392120945049455,0.14095166325569153
"(510, 549)",21,0,1,0.2951810476441501,0.4245789349079132,0.19284147156074755,0.23941513895988464
"(510, 550)",21,0,0,0.27022991391725293,0.5139085650444031,0.21998272619132003,0.16175411641597748
"(510, 551)",21,0,0,0.19447371571918162,0.4342736005783081,0.2306800335339681,0.16568715870380402
"(510, 552)",21,0,1,0.33014045015003846,0.5922592282295227,0.319330882521644,0.36155664920806885
"(511, 531)",21,0,0,0.15681584301967977,0.15529432892799377,0.19504412665726353,0.2125617414712906
"(511, 532)",21,0,0,0.17438526132195123,0.08017478883266449,0.24339346448333454,0.15356963872909546
"(511, 533)",21,0,0,0.2603687327587098,0.17711561918258667,0.24874352936018657,0.33940839767456055
"(511, 534)",21,0,1,0.17268368668326417,0.05241742357611656,0.22895025966276789,0.17385977506637573
"(511, 535)",21,0,1,0.17546182008892733,0.056028250604867935,0.15383589975803214,0.13442516326904297
"(511, 536)",21,0,0,0.17384893604406845,0.02391008660197258,0.22698489725267476,0.1652848869562149
"(511, 537)",21,0,0,0.21255905096163508,0.18976427614688873,0.2609728022634504,0.18850946426391602
"(511, 538)",21,0,0,0.24155386575162363,0.06422381103038788,0.2622233516057841,0.16970981657505035
"(511, 539)",21,0,0,0.25077916360144353,0.11046695709228516,0.1695266358371574,0.14578606188297272
"(511, 540)",21,0,0,0.16476720079156057,0.17858506739139557,0.19900154195309686,0.11927545070648193
"(511, 541)",21,0,0,0.2301159813300459,0.07027530670166016,0.24112359283252932,0.13087548315525055
"(511, 542)",21,0,1,0.20422451569997427,0.09383305162191391,0.2745243669490291,0.19266551733016968
"(511, 543)",21,0,0,0.15405172602404074,0.11253905296325684,0.19774241848932697,0.16257858276367188
"(511, 544)",21,0,0,0.23043312591001022,0.13949443399906158,0.21454304740035973,0.11956438422203064
"(511, 545)",21,0,0,0.1760534045894597,0.19511106610298157,0.18608099923399846,0.16294139623641968
"(511, 546)",21,0,0,0.19076334770546313,0.03577936440706253,0.18062389433635798,0.12659405171871185
"(511, 547)",21,0,0,0.20007278105901427,0.0448177233338356,0.1737800353755638,0.1731007695198059
"(511, 548)",21,0,1,0.12307913801826571,0.022546906024217606,0.0996407487165079,0.11637907475233078
"(511, 549)",21,0,0,0.1564800060808951,0.08585209399461746,0.11867817144981399,0.127483531832695
"(511, 550)",21,0,0,0.1403406484980205,0.027448337525129318,0.1319186116178584,0.09963535517454147
"(511, 551)",21,0,0,0.11277574357190163,0.02191297709941864,0.1591478039934954,0.09267980605363846
"(511, 552)",21,0,0,0.24995821342431937,0.12536297738552094,0.2757896887147973,0.19614854454994202
"(512, 531)",21,0,0,0.1375937578108701,0.1928918957710266,0.16109506169975318,0.16848409175872803
"(512, 532)",21,0,0,0.16037443631005877,0.12014975398778915,0.23453220869779515,0.08680347353219986
"(512, 533)",21,0,0,0.2446160526034687,0.28222498297691345,0.3286608819766594,0.27157726883888245
"(512, 534)",21,0,0,0.1259253778347277,0.08143611997365952,0.20662588662838074,0.1156800165772438
"(512, 535)",21,0,0,0.15293153884073193,0.14132897555828094,0.2492866303778448,0.15731273591518402
"(512, 536)",21,0,0,0.23145454254068615,0.12107110023498535,0.3993385003808949,0.27415820956230164
"(512, 537)",21,0,0,0.17971931322047394,0.36088046431541443,0.2314723354573373,0.16375906765460968
"(512, 538)",21,0,0,0.2709910545736678,0.21283063292503357,0.3594006475433715,0.2715417444705963
"(512, 539)",21,0,0,0.2716845419127525,0.15249575674533844,0.288416462137019,0.2106538861989975
"(512, 540)",21,0,0,0.11240374146325005,0.11138647049665451,0.22369834418746792,0.12809425592422485
"(512, 541)",21,0,0,0.15934377166016794,0.07087384909391403,0.16461934049500204,0.09786812216043472
"(512, 542)",21,0,0,0.13828098960965773,0.15292130410671234,0.19950579621369413,0.10693062841892242
"(512, 543)",21,0,0,0.12870474010139338,0.11345607042312622,0.16672686224649702,0.1236681342124939
"(512, 544)",21,0,0,0.15946522286021378,0.11964056640863419,0.15354708683441703,0.10842546820640564
"(512, 545)",21,0,0,0.1497303342532038,0.0953587144613266,0.2666407374528185,0.18355877697467804
"(512, 546)",21,0,0,0.25251417721654446,0.1524350643157959,0.3597967795080493,0.22205834090709686
"(512, 547)",21,0,1,0.2678231578461903,0.18349763751029968,0.3497179837575324,0.24964892864227295
"(512, 548)",21,0,0,0.16860308415737624,0.21945449709892273,0.21755554163578372,0.22049850225448608
"(512, 549)",21,0,0,0.19757181423688208,0.24492697417736053,0.23880952240549894,0.1953050196170807
"(512, 550)",21,0,0,0.1889310069869765,0.1959751695394516,0.2812594140905971,0.16692174971103668
"(512, 551)",21,0,0,0.1164525699365435,0.11658365279436111,0.23972401575879654,0.13971658051013947
"(512, 552)",21,0,0,0.2815611058948923,0.2123631089925766,0.46956051702105867,0.37370947003364563
"(513, 531)",21,0,0,0.09947223654952896,0.10476648807525635,0.07762197290716549,0.10228969901800156
"(513, 532)",21,0,0,0.11258625094557005,0.062596894800663,0.12116194970623309,0.07090397924184799
"(513, 533)",21,0,1,0.17652971307589274,0.12943996489048004,0.1817797597432212,0.15785661339759827
"(513, 534)",21,0,0,0.13954122584347484,0.08992573618888855,0.14628629433148327,0.08605210483074188
"(513, 535)",21,0,1,0.14496006855030447,0.05853820964694023,0.16485423110121147,0.11888522654771805
"(513, 536)",21,0,0,0.14933328793349956,0.024051710963249207,0.2284915584396814,0.12359900772571564
"(513, 537)",21,0,1,0.1381836254433717,0.20211243629455566,0.12302845890815099,0.1215607151389122
"(513, 538)",21,0,0,0.1604878099939857,0.06127569079399109,0.1924645366543522,0.15682613849639893
"(513, 539)",21,0,0,0.21370835016531348,0.06436407566070557,0.1609795216200919,0.1200835332274437
"(513, 540)",21,0,0,0.12269238352771689,0.12036394327878952,0.16431978834836275,0.06638474017381668
"(513, 541)",21,0,0,0.15342996656822094,0.040500886738300323,0.09926065244937254,0.08459371328353882
"(513, 542)",21,0,0,0.13231405986874287,0.10250882804393768,0.1230899798552582,0.09403538703918457
"(513, 543)",21,0,0,0.09730857414100198,0.06002405285835266,0.08228880344010667,0.07598375529050827
"(513, 544)",21,0,0,0.15320380324312446,0.07602838426828384,0.09203088359799445,0.08512864261865616
"(513, 545)",21,0,0,0.11275200927005152,0.0728842094540596,0.14690745963904983,0.09845835715532303
"(513, 546)",21,0,1,0.16066179273296335,0.048225037753582,0.20683782209202767,0.12658396363258362
"(513, 547)",21,0,0,0.1724357300273078,0.05739922076463699,0.1950266959568483,0.1666886806488037
"(513, 548)",21,0,0,0.10226250767822784,0.041756611317396164,0.10567971533301111,0.10385164618492126
"(513, 549)",21,0,0,0.13103340503852973,0.08882331848144531,0.12121156739424682,0.14539533853530884
"(513, 550)",21,0,1,0.1151821992528488,0.03373871371150017,0.14959529726856335,0.08321086317300797
"(513, 551)",21,0,0,0.09471817774225097,0.07920246571302414,0.1487057314112897,0.08422138541936874
"(513, 552)",21,0,1,0.21297900345330464,0.20285430550575256,0.3151977368195622,0.18419690430164337
"(514, 531)",21,0,0,0.12248485845180972,0.1252676099538803,0.10172409100314429,0.11335566639900208
"(514, 532)",21,0,0,0.14652413460949823,0.054720230400562286,0.14268581707794464,0.04819988086819649
"(514, 533)",21,0,0,0.19569167596252376,0.16947542130947113,0.19429328901539714,0.2618580162525177
"(514, 534)",21,0,0,0.128570752471617,0.05467396602034569,0.14920803247036982,0.08772624284029007
"(514, 535)",21,0,0,0.17735982187309124,0.10779044032096863,0.181722594947844,0.1151554137468338
"(514, 536)",21,0,0,0.16398924471428247,0.0603732131421566,0.23454440296589366,0.16092592477798462
"(514, 537)",21,0,0,0.17281688206839543,0.17238344252109528,0.13816881705074605,0.10090579837560654
"(514, 538)",21,0,0,0.17264184997540127,0.05440952256321907,0.18310889242604605,0.11223576217889786
"(514, 539)",21,0,0,0.25447591308684375,0.1786552220582962,0.18762077632135327,0.12340356409549713
"(514, 540)",21,0,0,0.12547703062915752,0.1297382116317749,0.14927780408635788,0.07586269080638885
"(514, 541)",21,0,0,0.16922892674169782,0.04000050202012062,0.12106046755799146,0.06452963501214981
"(514, 542)",21,0,0,0.1647591415742357,0.09217830002307892,0.1485558101845011,0.06661642342805862
"(514, 543)",21,0,0,0.1262174200855299,0.05724795535206795,0.10726023214469602,0.05418611690402031
"(514, 544)",21,0,0,0.17492828045977718,0.11584834009408951,0.12062680770355612,0.07212357223033905
"(514, 545)",21,0,0,0.14439350926921474,0.06068190187215805,0.15298267163979615,0.0998118445277214
"(514, 546)",21,0,0,0.18223417492841443,0.07498633116483688,0.19518721676184372,0.143385112285614
"(514, 547)",21,0,0,0.18777604700567077,0.05036771669983864,0.1865098205434746,0.10283246636390686
"(514, 548)",21,0,0,0.13394900077558933,0.08662538975477219,0.1253076981171576,0.14426371455192566
"(514, 549)",21,0,0,0.14699882230975508,0.14669589698314667,0.12725388796131246,0.12829992175102234
"(514, 550)",21,0,0,0.13906864249346065,0.11963970959186554,0.14835161866477078,0.10839930176734924
"(514, 551)",21,0,0,0.10904841762063942,0.10632337629795074,0.14988799428942376,0.12849508225917816
"(514, 552)",21,0,0,0.23238267913402877,0.14873720705509186,0.282216658592076,0.1294233649969101
"(515, 531)",21,0,0,0.12121858429719118,0.11059499531984329,0.07223369141300519,0.09988643229007721
"(515, 532)",21,0,0,0.1429635392597944,0.11467684060335159,0.10432269479391536,0.046188466250896454
"(515, 533)",21,0,0,0.18772275964127744,0.2634199261665344,0.14753622702000777,0.19074630737304688
"(515, 534)",21,0,0,0.12360878955758918,0.05866202712059021,0.10557627586293053,0.06151453033089638
"(515, 535)",21,0,1,0.16866591627098257,0.07804729789495468,0.13263104025237288,0.11676634103059769
"(515, 536)",21,0,0,0.1584446864278576,0.08060064911842346,0.18052174899991977,0.18880818784236908
"(515, 537)",21,0,0,0.16683030619335384,0.15964393317699432,0.09869838147743558,0.06760052591562271
"(515, 538)",21,0,0,0.17190563869070544,0.06156780198216438,0.13837736402754924,0.1403658539056778
"(515, 539)",21,0,0,0.25699113612044194,0.1409522444009781,0.14159503076729718,0.13374672830104828
"(515, 540)",21,0,0,0.11959570508429672,0.0627184510231018,0.10920840548544643,0.09271656721830368
"(515, 541)",21,0,0,0.16825704826138083,0.07844483852386475,0.0845599745830643,0.054217513650655746
"(515, 542)",21,0,0,0.16115554789039405,0.07191471755504608,0.10649206718199349,0.06691743433475494
"(515, 543)",21,0,0,0.12600795489792785,0.07295741885900497,0.07522011871446971,0.05433813855051994
"(515, 544)",21,0,0,0.17005671288012678,0.1605154424905777,0.07969279313070154,0.04649253934621811
"(515, 545)",21,0,0,0.13905082285049197,0.11860150843858719,0.11445491799646397,0.11901050060987473
"(515, 546)",21,0,0,0.1796996716389724,0.08773661404848099,0.15403304215513486,0.15096905827522278
"(515, 547)",21,0,0,0.18329625385560389,0.0754941999912262,0.14137803874480448,0.14326262474060059
"(515, 548)",21,0,0,0.13166294851817043,0.12835082411766052,0.08717440738076469,0.16765108704566956
"(515, 549)",21,0,0,0.1434996789237592,0.10992953181266785,0.09146919073465874,0.09905098378658295
"(515, 550)",21,0,0,0.13541063770982403,0.07295988500118256,0.11228001468322661,0.12683594226837158
"(515, 551)",21,0,0,0.10332840817799692,0.10323090106248856,0.10884766569737327,0.10817001760005951
"(515, 552)",21,0,1,0.22672509173683844,0.17016303539276123,0.2308007387693731,0.2672629654407501
"(516, 531)",21,0,0,0.07540994901535106,0.0783708319067955,0.06843954220810194,0.16725178062915802
"(516, 532)",21,0,0,0.09750379683823183,0.03256183862686157,0.10428899676119018,0.15101495385169983
"(516, 533)",21,0,0,0.13335285354948673,0.09498205780982971,0.10058370656887206,0.2495858520269394
"(516, 534)",21,0,0,0.0726619151972303,0.0385684110224247,0.07501080489171372,0.06949731707572937
"(516, 535)",21,0,1,0.12508047230532104,0.09212511032819748,0.1207136944875159,0.141901433467865
"(516, 536)",21,0,1,0.11883750525266135,0.040035609155893326,0.13254600406341704,0.2091079205274582
"(516, 537)",21,0,0,0.09327649502303882,0.07299164682626724,0.08921316820927995,0.08542809635400772
"(516, 538)",21,0,0,0.12733816190292216,0.03545428067445755,0.10421601502009156,0.11516966670751572
"(516, 539)",21,0,0,0.14481343437778257,0.04562539607286453,0.08570323278960246,0.11390255391597748
"(516, 540)",21,0,0,0.07000472098742129,0.0537073090672493,0.06986387782609862,0.1029774397611618
"(516, 541)",21,0,1,0.09308545620584312,0.02930777333676815,0.07356472936675343,0.0918823778629303
"(516, 542)",21,0,0,0.090938529115898,0.05020635947585106,0.09849279368723766,0.10858990997076035
"(516, 543)",21,0,0,0.07448865755790043,0.041053902357816696,0.0670138676689852,0.10836396366357803
"(516, 544)",21,0,0,0.09393254977363898,0.07237641513347626,0.06448058594666221,0.10057922452688217
"(516, 545)",21,0,0,0.08305274869097885,0.03849611431360245,0.07678493588754959,0.12431249022483826
"(516, 546)",21,0,0,0.13808413916133586,0.05604841932654381,0.12467693903661305,0.14872001111507416
"(516, 547)",21,0,0,0.13642338910323468,0.05961310863494873,0.10243752322256947,0.15207156538963318
"(516, 548)",21,0,0,0.0975799804220781,0.041462454944849014,0.06183213096042868,0.13180765509605408
"(516, 549)",21,0,1,0.107150316060259,0.06398662179708481,0.06217914174214587,0.12656688690185547
"(516, 550)",21,0,0,0.10273852005058645,0.10121559351682663,0.08604802894883033,0.10802700370550156
"(516, 551)",21,0,1,0.07789077344921967,0.07934587448835373,0.1010622151057877,0.1623493731021881
"(516, 552)",21,0,1,0.15411015002128559,0.2372482866048813,0.19100239037032837,0.2297181487083435
"(517, 531)",21,0,0,0.1239860816099448,0.27163437008857727,0.12289658722612601,0.1490357667207718
"(517, 532)",21,0,0,0.15589017777722533,0.1618763953447342,0.17947328565451898,0.11614711582660675
"(517, 533)",21,0,0,0.23888561602415123,0.3505071699619293,0.22650741676537206,0.22740523517131805
"(517, 534)",21,0,0,0.13710581439193217,0.1027233675122261,0.18941357783822713,0.14264725148677826
"(517, 535)",21,0,0,0.15739307557394613,0.18505936861038208,0.1760121546441013,0.1528661847114563
"(517, 536)",21,0,0,0.24619698098225024,0.26402002573013306,0.29191078290437705,0.24253910779953003
"(517, 537)",21,0,0,0.14801845976616368,0.21361827850341797,0.16735873039498725,0.16238072514533997
"(517, 538)",21,0,0,0.2776539561209841,0.3368399441242218,0.24716099457752985,0.2541116178035736
"(517, 539)",21,0,0,0.23080737968082693,0.21801917254924774,0.17962479234728906,0.18203197419643402
"(517, 540)",21,0,0,0.12033308568270519,0.11674808710813522,0.1606919387502652,0.1317562311887741
"(517, 541)",21,0,0,0.16333871774079903,0.1032162681221962,0.14466975271089474,0.11263412982225418
"(517, 542)",21,0,0,0.14045997636077648,0.15645921230316162,0.17324887553771212,0.13824069499969482
"(517, 543)",21,0,0,0.11177978578840829,0.31980398297309875,0.11993561199551285,0.12819091975688934
"(517, 544)",21,0,0,0.1641464686876204,0.18951332569122314,0.13300358247219457,0.12187694758176804
"(517, 545)",21,0,0,0.13500120754177408,0.08710136264562607,0.16253364970767373,0.11968620121479034
"(517, 546)",21,0,0,0.27821247344496824,0.46190404891967773,0.2482147410934864,0.2856290340423584
"(517, 547)",21,0,0,0.2898243391672372,0.3104065954685211,0.24665974077414998,0.2547125220298767
"(517, 548)",21,0,0,0.18622747139823415,0.14704762399196625,0.1396734425052817,0.19022411108016968
"(517, 549)",21,0,0,0.20138476156479737,0.34152165055274963,0.15385533973953025,0.2066127508878708
"(517, 550)",21,0,0,0.20837609377625305,0.3870695233345032,0.1832782137587793,0.1956833302974701
"(517, 551)",21,0,0,0.14251772263412482,0.20749853551387787,0.21542542252553334,0.16103562712669373
"(517, 552)",21,0,0,0.2592117948031392,0.5071922540664673,0.3318174052585376,0.30868610739707947
"(518, 531)",21,0,0,0.12311147326276903,0.09939459711313248,0.10078686638453004,0.15408378839492798
"(518, 532)",21,0,0,0.1413156931318533,0.1870543509721756,0.15177591787880154,0.12868817150592804
"(518, 533)",21,0,0,0.21458160132168164,0.1869322508573532,0.2252956956014225,0.19127893447875977
"(518, 534)",21,0,0,0.11424083456487169,0.020682798698544502,0.13449800632289338,0.09775900840759277
"(518, 535)",21,0,1,0.14907244436521494,0.14348386228084564,0.16744544835480965,0.1387500762939453
"(518, 536)",21,0,0,0.18201987101346304,0.090581014752388,0.2745311638976771,0.13295981287956238
"(518, 537)",21,0,0,0.17134973896223699,0.3499564230442047,0.1574321494413733,0.12714652717113495
"(518, 538)",21,0,0,0.18777514662954134,0.09085681289434433,0.22746053107657688,0.14654666185379028
"(518, 539)",21,0,0,0.2550326180971337,0.1955106109380722,0.20118396145460613,0.16699500381946564
"(518, 540)",21,0,0,0.102738518772779,0.16292230784893036,0.1422162374929516,0.11737619340419769
"(518, 541)",21,0,0,0.16031398238650263,0.05604483559727669,0.10911515958987325,0.07915190607309341
"(518, 542)",21,0,0,0.1359295620327505,0.11788976937532425,0.13311144091306276,0.11546428501605988
"(518, 543)",21,0,0,0.12365284513336816,0.14725232124328613,0.10876490561374604,0.12263549119234085
"(518, 544)",21,0,0,0.1602100765254196,0.09942644089460373,0.10398714111504163,0.13988330960273743
"(518, 545)",21,0,0,0.14219514915723758,0.08533171564340591,0.18393245979207454,0.16700729727745056
"(518, 546)",21,0,1,0.19993461525097658,0.10824868828058243,0.24836779880642904,0.13787522912025452
"(518, 547)",21,0,1,0.20188492170293076,0.1879182904958725,0.2309536725798798,0.1665835827589035
"(518, 548)",21,0,1,0.1295234995872058,0.10868386179208755,0.13458565851277626,0.12332331389188766
"(518, 549)",21,0,1,0.1658478071376562,0.17552796006202698,0.1539254922911585,0.14837998151779175
"(518, 550)",21,0,1,0.14246670598103117,0.0662258043885231,0.17827991029756887,0.06535756587982178
"(518, 551)",21,0,0,0.09677633285927884,0.061916910111904144,0.14680875609525842,0.06953085958957672
"(518, 552)",21,0,0,0.24667277813382818,0.33727386593818665,0.34356573897603265,0.26320239901542664
"(519, 531)",21,0,0,0.13203782475573034,0.1518322378396988,0.10936714308987988,0.10481388121843338
"(519, 532)",21,0,0,0.1698379190445231,0.04775446280837059,0.1565268865594179,0.06619273126125336
"(519, 533)",21,0,0,0.22673266807106604,0.09135697036981583,0.2179200794493737,0.20461149513721466
"(519, 534)",21,0,0,0.10378313067353433,0.018711503595113754,0.12275817275158611,0.057054031640291214
"(519, 535)",21,0,0,0.13647564393223896,0.06733276695013046,0.15774029689023558,0.06575717777013779
"(519, 536)",21,0,0,0.19054726897327,0.04575106501579285,0.25941020431337347,0.1473395973443985
"(519, 537)",21,0,0,0.1570819609277256,0.08351632952690125,0.13726764142114709,0.09009796380996704
"(519, 538)",21,0,0,0.20180634169669723,0.03829950466752052,0.20761378488774374,0.09443099051713943
"(519, 539)",21,0,0,0.2460094723506206,0.08517514914274216,0.20152804245215866,0.1519453078508377
"(519, 540)",21,0,0,0.09957284702765101,0.05535705015063286,0.12702484256754434,0.06805668026208878
"(519, 541)",21,0,0,0.13189124079230136,0.03544168174266815,0.09787311578049769,0.04807461053133011
"(519, 542)",21,0,0,0.12417527165786676,0.033349379897117615,0.12208377379059633,0.06690990924835205
"(519, 543)",21,0,0,0.1274638850412073,0.04646209627389908,0.11026321577253156,0.07647913694381714
"(519, 544)",21,0,0,0.13270194609027455,0.084964819252491,0.09499972580767457,0.05536625161767006
"(519, 545)",21,0,0,0.14875643386307996,0.021150320768356323,0.172241187133631,0.1319444477558136
"(519, 546)",21,0,0,0.21708608834808665,0.06332762539386749,0.2350781085444795,0.13532166182994843
"(519, 547)",21,0,0,0.2133333311535289,0.053516604006290436,0.20661953088583276,0.13079199194908142
"(519, 548)",21,0,0,0.1593021251547265,0.08398107439279556,0.14781266965839304,0.1487111747264862
"(519, 549)",21,0,0,0.16795086075027746,0.06542615592479706,0.13780070143467346,0.11213359981775284
"(519, 550)",21,0,0,0.16053260473361003,0.039256881922483444,0.17629834423143156,0.08900304138660431
"(519, 551)",21,0,0,0.1048905362135539,0.06864652782678604,0.14120687771990567,0.05681910365819931
"(519, 552)",21,0,0,0.2480164220760326,0.15315978229045868,0.31689071085657344,0.20784492790699005
"(520, 531)",21,0,0,0.14222402967554476,0.23871615529060364,0.11796387924616206,0.21002183854579926
"(520, 532)",21,0,0,0.17222324077168646,0.14254853129386902,0.16526365852343822,0.14645594358444214
"(520, 533)",21,0,0,0.25620824330278535,0.3507925570011139,0.20701841419711547,0.24134007096290588
"(520, 534)",21,0,0,0.12345409168902978,0.06906440854072571,0.1712316771676589,0.12259373068809509
"(520, 535)",21,0,0,0.14528895532354005,0.10091951489448547,0.1329409852150073,0.11402510106563568
"(520, 536)",21,0,0,0.24722611155405547,0.2424117773771286,0.26333601394940925,0.25402387976646423
"(520, 537)",21,0,0,0.20183513531430522,0.18950356543064117,0.18156139720934303,0.14299693703651428
"(520, 538)",21,0,0,0.2653534275909383,0.18011975288391113,0.21780354122136256,0.17961207032203674
"(520, 539)",21,0,0,0.3028126405957955,0.13594365119934082,0.19892279361814005,0.16749195754528046
"(520, 540)",21,0,0,0.1089459140123231,0.07855154573917389,0.11746285131525937,0.10094676166772842
"(520, 541)",21,0,0,0.15592085066690378,0.0855606272816658,0.1145233285165179,0.08844055235385895
"(520, 542)",21,0,0,0.13478972580033502,0.0898444652557373,0.13616979464402731,0.11126025021076202
"(520, 543)",21,0,0,0.12947026618972665,0.09731325507164001,0.10931923913086167,0.11875507235527039
"(520, 544)",21,0,0,0.1550007103306197,0.19102410972118378,0.09987153628904329,0.12899914383888245
"(520, 545)",21,0,0,0.14949463623376788,0.09838966280221939,0.14871414426683852,0.13401366770267487
"(520, 546)",21,0,0,0.31683429809618563,0.23083463311195374,0.2577354711695568,0.19183287024497986
"(520, 547)",21,0,0,0.32597188929031246,0.29693692922592163,0.25312223724518307,0.2612746059894562
"(520, 548)",21,0,0,0.21521395747428995,0.17380358278751373,0.14926765499833775,0.15177056193351746
"(520, 549)",21,0,0,0.26700881407216964,0.4181734621524811,0.17003008813939188,0.22663286328315735
"(520, 550)",21,0,0,0.24007375951263152,0.13468827307224274,0.19043410295689955,0.12356876581907272
"(520, 551)",21,0,0,0.1310982216385711,0.23406633734703064,0.1712865890660876,0.14128755033016205
"(520, 552)",21,0,0,0.3308878657399576,0.5036811828613281,0.35900826709703576,0.4130140244960785
"(521, 531)",21,0,0,0.10814594955097014,0.18258213996887207,0.14434935596432186,0.2254994511604309
"(521, 532)",21,0,0,0.1310614614124926,0.1162252426147461,0.2049080187345608,0.126585453748703
"(521, 533)",21,0,0,0.19501446014770213,0.24239297211170197,0.28910365860030063,0.3509570360183716
"(521, 534)",21,0,1,0.09034403097118252,0.04277060553431511,0.17096640994854587,0.16566918790340424
"(521, 535)",21,0,1,0.11043707163599316,0.14835107326507568,0.19853655239859447,0.20016725361347198
"(521, 536)",21,0,0,0.1650421224763145,0.11402111500501633,0.33852402622510164,0.30863067507743835
"(521, 537)",21,0,0,0.15317458172841197,0.16873197257518768,0.22066090139803113,0.1835959106683731
"(521, 538)",21,0,1,0.17779724714126274,0.11172190308570862,0.2866176870415357,0.25447532534599304
"(521, 539)",21,0,0,0.23598188914509471,0.18485893309116364,0.2769143179403147,0.2788873314857483
"(521, 540)",21,0,0,0.08410344441237527,0.0889541357755661,0.1876968098776821,0.16063176095485687
"(521, 541)",21,0,0,0.11284576043090724,0.05780874192714691,0.13583715958359688,0.11539101600646973
"(521, 542)",21,0,0,0.09908493612846676,0.08475654572248459,0.16692857402234712,0.1247103288769722
"(521, 543)",21,0,0,0.09679817141883937,0.11268331855535507,0.14067560396895998,0.12931543588638306
"(521, 544)",21,0,0,0.11640947202003155,0.11669842898845673,0.12764565443250492,0.12775014340877533
"(521, 545)",21,0,1,0.11206272732595224,0.06575535982847214,0.21942865585313082,0.16241317987442017
"(521, 546)",21,0,0,0.2185704528709434,0.227303147315979,0.33301177286682687,0.2645915150642395
"(521, 547)",21,0,0,0.22316170238430993,0.21789006888866425,0.3270195001260761,0.2994225025177002
"(521, 548)",21,0,1,0.14315901539927156,0.2623296082019806,0.20214819793871786,0.25411033630371094
"(521, 549)",21,0,0,0.17674098639108213,0.2124965935945511,0.23337474273675385,0.23042738437652588
"(521, 550)",21,0,1,0.1592760493382556,0.2294788658618927,0.2570749354783196,0.212681844830513
"(521, 551)",21,0,1,0.08795399579728658,0.14121057093143463,0.19596549068320607,0.1655963659286499
"(521, 552)",21,0,0,0.2562807242346003,0.45589566230773926,0.4395405958074058,0.47449609637260437
"(522, 531)",21,0,0,0.11925621650765449,0.09462255984544754,0.11530229222896804,0.0989881157875061
"(522, 532)",21,0,0,0.13575896678267255,0.02975444309413433,0.15826831145426845,0.05672042444348335
"(522, 533)",21,0,0,0.20317486408153043,0.1326036900281906,0.22462629092103492,0.18449780344963074
"(522, 534)",21,0,0,0.10782306400422849,0.03658842295408249,0.14269821821345136,0.07849027216434479
"(522, 535)",21,0,0,0.14316663482857617,0.03918973729014397,0.17385110089088449,0.08353336155414581
"(522, 536)",21,0,0,0.16889855349714356,0.03999168425798416,0.2682375435230491,0.1317915916442871
"(522, 537)",21,0,0,0.1751727344950774,0.08093096315860748,0.1631667701238713,0.12061973661184311
"(522, 538)",21,0,0,0.18041858354303392,0.05695876479148865,0.21545706201516612,0.14227569103240967
"(522, 539)",21,0,1,0.33085415086550957,0.1302311271429062,0.29334088009953396,0.15929792821407318
"(522, 540)",21,0,0,0.10114317826664178,0.04264035075902939,0.14681053618318918,0.07405082881450653
"(522, 541)",21,0,0,0.14330807713212568,0.020538002252578735,0.11680174694369944,0.0757853165268898
"(522, 542)",21,0,0,0.12857154791996175,0.04782310500741005,0.14201410638421944,0.08335793763399124
"(522, 543)",21,0,0,0.11655396924181732,0.03374622389674187,0.12472769644292528,0.06135774031281471
"(522, 544)",21,0,1,0.14966090032380666,0.06670534610748291,0.11668396353556634,0.06831245124340057
"(522, 545)",21,0,1,0.13611569290032705,0.022945480421185493,0.16724109882629984,0.07942303270101547
"(522, 546)",21,0,1,0.18708065364096008,0.06143767759203911,0.22159572134866298,0.10166534036397934
"(522, 547)",21,0,0,0.19105854332037367,0.02929246984422207,0.2142524435046592,0.12071067839860916
"(522, 548)",21,0,0,0.12232989246319176,0.03981567174196243,0.13386123862938318,0.10407181084156036
"(522, 549)",21,0,1,0.14999848047850062,0.07289925962686539,0.15072795046652102,0.10294162482023239
"(522, 550)",21,0,0,0.1387379824103025,0.0853077694773674,0.17175706728576112,0.0931607112288475
"(522, 551)",21,0,0,0.09177056003755024,0.04465136677026749,0.13869308670149486,0.0596005879342556
"(522, 552)",21,0,0,0.23553797366029416,0.15359415113925934,0.3125777881036657,0.19066159427165985
"(523, 531)",21,0,0,0.12272086998795581,0.11353377997875214,0.18259497556169918,0.14141389727592468
"(523, 532)",21,0,1,0.15295646409059976,0.09476280957460403,0.20099165091147891,0.07727880030870438
"(523, 533)",21,0,0,0.22644121597043543,0.2627039849758148,0.19975150606610476,0.2060321718454361
"(523, 534)",21,0,0,0.12906984474977365,0.07512818276882172,0.2058019324508144,0.16755551099777222
"(523, 535)",21,0,0,0.15933398017176312,0.12573961913585663,0.14503543578972683,0.09107290953397751
"(523, 536)",21,0,0,0.2045189233148824,0.0976710170507431,0.2328347132696753,0.12774242460727692
"(523, 537)",21,0,0,0.14527757087827342,0.17197000980377197,0.1906933795805999,0.15835267305374146
"(523, 538)",21,0,0,0.21470927903604536,0.12318044155836105,0.17716535113016108,0.10571517795324326
"(523, 539)",21,0,0,0.22555853619803837,0.15508051216602325,0.15375885074934525,0.07655058056116104
"(523, 540)",21,0,0,0.11775837949578524,0.07928834855556488,0.13949017183573043,0.07322791963815689
"(523, 541)",21,0,0,0.16292596402391202,0.10504146665334702,0.2025073267420885,0.09977791458368301
"(523, 542)",21,0,0,0.13880565702794184,0.11140119284391403,0.21312139023161764,0.08547689020633698
"(523, 543)",21,0,0,0.11472459695528162,0.15523433685302734,0.15429528967682218,0.0682259276509285
"(523, 544)",21,0,1,0.16498862474283066,0.17644003033638,0.18009570473311282,0.08595103025436401
"(523, 545)",21,0,0,0.1349613713998266,0.11209627240896225,0.1341980851430026,0.07327352464199066
"(523, 546)",21,0,0,0.22957967898829845,0.18329744040966034,0.1634108008179563,0.0998709499835968
"(523, 547)",21,0,0,0.22877717358986055,0.15476687252521515,0.18016604370779243,0.116086445748806
"(523, 548)",21,0,0,0.151742644467276,0.14034537971019745,0.10531529729835454,0.07529983669519424
"(523, 549)",21,0,0,0.18716743126221388,0.26783859729766846,0.1379954619073897,0.09336479753255844
"(523, 550)",21,0,0,0.16787764732381102,0.1935366690158844,0.11908520556870146,0.1063959002494812
"(523, 551)",21,0,0,0.13716781548737084,0.1530105024576187,0.1731533044428296,0.09738242626190186
"(523, 552)",21,0,0,0.2478933996796685,0.3023010790348053,0.21194369036624414,0.13405713438987732
"(524, 531)",21,0,1,0.08298692197279953,0.1236933246254921,0.08921250501506073,0.17767271399497986
"(524, 532)",21,0,1,0.1022251924952687,0.14399617910385132,0.12095545452588835,0.19719354808330536
"(524, 533)",21,0,0,0.13923433181330166,0.2093798816204071,0.11455721567981876,0.19615963101387024
"(524, 534)",21,0,1,0.10034991050873145,0.14209210872650146,0.12366901130405215,0.09312528371810913
"(524, 535)",21,0,1,0.10494604829764079,0.16563120484352112,0.09595728182801702,0.07319899648427963
"(524, 536)",21,0,1,0.1136723068193954,0.11142217367887497,0.13987790870861658,0.10801272839307785
"(524, 537)",21,0,0,0.10288273890677073,0.3036854863166809,0.11200097523616301,0.1404682695865631
"(524, 538)",21,0,1,0.12084823684982236,0.15674149990081787,0.10116520928192055,0.12373030930757523
"(524, 539)",21,0,1,0.16322049363610278,0.12846766412258148,0.10368127702506864,0.08675123751163483
"(524, 540)",21,0,0,0.09592447435743817,0.21738141775131226,0.09815340268806759,0.06648272275924683
"(524, 541)",21,0,0,0.10207604665445918,0.1088932603597641,0.09807584760008199,0.12713520228862762
"(524, 542)",21,0,1,0.09849821281033146,0.1370125710964203,0.12160146847601816,0.1342545598745346
"(524, 543)",21,0,0,0.08263228062751232,0.17702166736125946,0.09237821402357498,0.12285888195037842
"(524, 544)",21,0,0,0.10685806407395042,0.2018115371465683,0.09847014907214019,0.1815260350704193
"(524, 545)",21,0,0,0.09335077993097984,0.12282539904117584,0.08246734314028192,0.12207868695259094
"(524, 546)",21,0,1,0.12827340285417235,0.08922292292118073,0.10875097465855331,0.10911007970571518
"(524, 547)",21,0,1,0.130116571193449,0.1277221143245697,0.10586897569604252,0.10915200412273407
"(524, 548)",21,0,1,0.09170765961825023,0.0712626501917839,0.06307456295705584,0.1151055097579956
"(524, 549)",21,0,1,0.10322272265383543,0.17394982278347015,0.0707926765742012,0.10811230540275574
"(524, 550)",21,0,1,0.09738385567682728,0.08885075896978378,0.07957951362023821,0.08195842057466507
"(524, 551)",21,0,0,0.07293803220027766,0.15984584391117096,0.09575112457304104,0.09066459536552429
"(524, 552)",21,0,1,0.1620532852348494,0.3060304820537567,0.15690924186388397,0.25617432594299316
"(525, 531)",21,0,0,0.12529675386476988,0.27886566519737244,0.12810215092542138,0.19383402168750763
"(525, 532)",21,0,0,0.14224050172862535,0.15128740668296814,0.18437676582069276,0.12036852538585663
"(525, 533)",21,0,0,0.21800873533490733,0.35945582389831543,0.2635537934604524,0.30228444933891296
"(525, 534)",21,0,0,0.11398245370133815,0.039008669555187225,0.1599801267422534,0.17077209055423737
"(525, 535)",21,0,0,0.14052621779388236,0.20141059160232544,0.2013296345656084,0.18318365514278412
"(525, 536)",21,0,0,0.1827952893902073,0.17983707785606384,0.31142171203513674,0.2595387101173401
"(525, 537)",21,0,0,0.19078356741490538,0.2384513020515442,0.20766170077977317,0.1681927591562271
"(525, 538)",21,0,0,0.18850946035899124,0.22932806611061096,0.24667885830906253,0.2298714965581894
"(525, 539)",21,0,0,0.28546938276641715,0.40145817399024963,0.28394193004358814,0.23311199247837067
"(525, 540)",21,0,0,0.10520838505116868,0.11626683175563812,0.17040373026979275,0.1609487682580948
"(525, 541)",21,0,0,0.14646920678773992,0.09051477164030075,0.12834757562497884,0.1369858682155609
"(525, 542)",21,0,0,0.12499625060892464,0.1408914476633072,0.1541814287669813,0.14118042588233948
"(525, 543)",21,0,0,0.12360622889993275,0.204544797539711,0.1421514439532287,0.16360154747962952
"(525, 544)",21,0,0,0.14879944671731887,0.16746725142002106,0.13465158645581524,0.1437341421842575
"(525, 545)",21,0,0,0.1435444850550493,0.15009990334510803,0.2060994009700074,0.13389210402965546
"(525, 546)",21,0,0,0.23872999566736425,0.17575690150260925,0.31206221415213836,0.20436954498291016
"(525, 547)",21,0,0,0.24194077259948354,0.18923243880271912,0.29589883498626596,0.2514236271381378
"(525, 548)",21,0,0,0.15686190743189454,0.292581707239151,0.19833587035251107,0.22586150467395782
"(525, 549)",21,0,0,0.19726439875544427,0.27310842275619507,0.21490759676460314,0.2129323035478592
"(525, 550)",21,0,0,0.17188517041867118,0.19173197448253632,0.24529774174493402,0.1531306803226471
"(525, 551)",21,0,0,0.0985952892440726,0.1818595975637436,0.1699627671982805,0.15461809933185577
"(525, 552)",21,0,0,0.2867719034710537,0.5252089500427246,0.3983650653796166,0.3107679784297943
"(526, 531)",21,0,0,0.08325348112187252,0.15737251937389374,0.11954030653859828,0.21914489567279816
"(526, 532)",21,0,0,0.10418724014597006,0.04155092313885689,0.15967634001676426,0.08578845113515854
"(526, 533)",21,0,0,0.1502981157763974,0.2075120061635971,0.1902973836860333,0.21886658668518066
"(526, 534)",21,0,1,0.08059133504120224,0.05477191507816315,0.1593889402164454,0.10615773499011993
"(526, 535)",21,0,0,0.10838135922779017,0.12066414207220078,0.15581263769860212,0.12212054431438446
"(526, 536)",21,0,0,0.12652740200684084,0.05275047942996025,0.22974369308441722,0.1835232377052307
"(526, 537)",21,0,0,0.10085358231938332,0.11507100611925125,0.15482230233780786,0.13905678689479828
"(526, 538)",21,0,0,0.1317708955915425,0.06033371016383171,0.1764028291196198,0.15509620308876038
"(526, 539)",21,0,0,0.16090268218973733,0.12159010022878647,0.16352110725178737,0.12533427774906158
"(526, 540)",21,0,0,0.07996116525246129,0.08018723875284195,0.1442028632021333,0.09995723515748978
"(526, 541)",21,0,0,0.10303424188210514,0.06234797090291977,0.12839407096411026,0.08704054355621338
"(526, 542)",21,0,1,0.09583166072505593,0.07955002784729004,0.16171749592707427,0.07689672708511353
"(526, 543)",21,0,0,0.07716167265545386,0.12394110858440399,0.11598138177887232,0.10258820652961731
"(526, 544)",21,0,0,0.1065914299341359,0.09827109426259995,0.12370181547643583,0.11201063543558121
"(526, 545)",21,0,0,0.09001804480192786,0.047578949481248856,0.14059490064708519,0.09027647972106934
"(526, 546)",21,0,0,0.14038114901705287,0.08989415317773819,0.1783205350534841,0.14616240561008453
"(526, 547)",21,0,0,0.14212423129544935,0.052622150629758835,0.17754227051148652,0.17959804832935333
"(526, 548)",21,0,0,0.09317669777548714,0.04500714689493179,0.09730891490947609,0.13250099122524261
"(526, 549)",21,0,0,0.11289285887340686,0.12370482087135315,0.12369524858192389,0.12643656134605408
"(526, 550)",21,0,0,0.10612513400410421,0.04779423773288727,0.13520284666739993,0.0946553573012352
"(526, 551)",21,0,0,0.07998030585129057,0.04629768058657646,0.16030019894486286,0.17075803875923157
"(526, 552)",21,0,0,0.1639929894476498,0.13305985927581787,0.23350187769685046,0.3437044322490692
"(527, 531)",21,0,0,0.11860492379489869,0.1415434330701828,0.10100555901573678,0.20567290484905243
"(527, 532)",21,0,0,0.13245416342260094,0.06379581242799759,0.14068636985376642,0.12195457518100739
"(527, 533)",21,0,0,0.193163579224939,0.08603654056787491,0.17042487823484623,0.24347758293151855
"(527, 534)",21,0,0,0.12314212383427632,0.043959684669971466,0.15813835690623165,0.15268562734127045
"(527, 535)",21,0,0,0.15749798773064033,0.03580036014318466,0.15421612730830803,0.1757802963256836
"(527, 536)",21,0,0,0.15934410152199963,0.07774847000837326,0.20821651753687376,0.21117188036441803
"(527, 537)",21,0,0,0.1447717572943287,0.08790436387062073,0.12744433290757604,0.15971338748931885
"(527, 538)",21,0,0,0.16606038100271572,0.02131640911102295,0.16591526145418772,0.1832563579082489
"(527, 539)",21,0,0,0.22346960120539336,0.05167507752776146,0.1564255880476056,0.21812547743320465
"(527, 540)",21,0,0,0.11981086981357109,0.0637715682387352,0.12888686172803482,0.15399418771266937
"(527, 541)",21,0,0,0.15455347534766906,0.06560629606246948,0.10836809470396476,0.14514560997486115
"(527, 542)",21,0,0,0.14011280551302455,0.04825218766927719,0.13937477466117346,0.16636285185813904
"(527, 543)",21,0,0,0.11210415578635323,0.03541164845228195,0.09932913014894602,0.1394466608762741
"(527, 544)",21,0,0,0.15526204329643684,0.08560336381196976,0.10063078447447893,0.15267156064510345
"(527, 545)",21,0,0,0.135241707720766,0.048952553421258926,0.13572106352738325,0.16083689033985138
"(527, 546)",21,0,0,0.18269421829109322,0.05506205931305885,0.19753830996757865,0.16597086191177368
"(527, 547)",21,0,0,0.17577496300066656,0.03646306321024895,0.16505181161430638,0.1977374106645584
"(527, 548)",21,0,0,0.12312254880330613,0.03472215682268143,0.10595065803783388,0.17908762395381927
"(527, 549)",21,0,0,0.14310003288716264,0.05636581778526306,0.10700659630632882,0.14780563116073608
"(527, 550)",21,0,0,0.1354702164916711,0.055161647498607635,0.14656460221397571,0.1378205120563507
"(527, 551)",21,0,0,0.10656559850156758,0.22541050612926483,0.1665209966267407,0.13049264252185822
"(527, 552)",21,0,0,0.22562548521905135,0.14177171885967255,0.29747679631983165,0.3104092478752136
"(528, 531)",21,0,0,0.08746817184342026,0.10846911370754242,0.07885025074674161,0.09019561856985092
"(528, 532)",21,0,0,0.11600791791277827,0.12152313441038132,0.11836802711829,0.07629075646400452
"(528, 533)",21,0,0,0.1593071649244151,0.1586858183145523,0.1380894509430215,0.1288335621356964
"(528, 534)",21,0,0,0.06934144869886928,0.0458863228559494,0.08751072793588185,0.052687447518110275
"(528, 535)",21,0,0,0.08964468281438331,0.06565279513597488,0.09678529883924433,0.06109838932752609
"(528, 536)",21,0,0,0.15889996698643002,0.08229765295982361,0.18314843610052767,0.11536639928817749
"(528, 537)",21,0,0,0.12572359158988405,0.14400698244571686,0.12240058650898386,0.10222591459751129
"(528, 538)",21,0,0,0.17146324153258777,0.08245649933815002,0.1544227021254769,0.09116040170192719
"(528, 539)",21,0,0,0.20117848050085954,0.15384113788604736,0.15482362175933673,0.07208574563264847
"(528, 540)",21,0,0,0.06600145875154817,0.05731824040412903,0.07576846777218563,0.03346642851829529
"(528, 541)",21,0,0,0.08758249054187228,0.06815395504236221,0.07050270906998385,0.06609560549259186
"(528, 542)",21,0,0,0.08053548305226366,0.07443550229072571,0.08938544896793295,0.05454081669449806
"(528, 543)",21,0,0,0.08247945430999261,0.07387587428092957,0.08011462032591311,0.09251540154218674
"(528, 544)",21,0,0,0.0874865381379345,0.08424964547157288,0.06623126931252754,0.07193958014249802
"(528, 545)",21,0,0,0.10002974073809023,0.04951212927699089,0.10522030499710129,0.07732416689395905
"(528, 546)",21,0,0,0.21795138035917253,0.28434595465660095,0.20627429716898332,0.11649783700704575
"(528, 547)",21,0,0,0.20757996969758197,0.24197259545326233,0.17086038226600805,0.10572265088558197
"(528, 548)",21,0,0,0.16318724494844777,0.21133388578891754,0.12611757279816282,0.09607166796922684
"(528, 549)",21,0,0,0.15734330609312444,0.25885599851608276,0.1090383853079888,0.09005025774240494
"(528, 550)",21,0,0,0.165495206977365,0.22369466722011566,0.15432762936968808,0.05632542818784714
"(528, 551)",21,0,0,0.07593316192453174,0.11835867911577225,0.11083971402467954,0.07451887428760529
"(528, 552)",21,0,0,0.20384494162191805,0.2980286478996277,0.28059701009977994,0.147976815700531
"(529, 531)",21,0,0,0.1320699780135008,0.1711149662733078,0.22278239758648818,0.3007279336452484
"(529, 532)",21,0,1,0.14474905050509682,0.10741187632083893,0.28805004539457796,0.12251598387956619
"(529, 533)",21,0,0,0.21052541306154712,0.15608298778533936,0.29267732870310137,0.30172792077064514
"(529, 534)",21,0,1,0.11569954756506641,0.15729588270187378,0.22744523374255343,0.24559156596660614
"(529, 535)",21,0,0,0.11678689863162456,0.08637240529060364,0.16034422965018078,0.15862171351909637
"(529, 536)",21,0,0,0.1362209078349129,0.04796208441257477,0.2651898471114372,0.16262288391590118
"(529, 537)",21,0,0,0.22349035846905047,0.26653531193733215,0.3346809431810847,0.29898154735565186
"(529, 538)",21,0,0,0.18824921205979933,0.07672643661499023,0.28226573378487824,0.20573243498802185
"(529, 539)",21,0,0,0.2585095504998823,0.13967837393283844,0.23140834927161072,0.11288105696439743
"(529, 540)",21,0,0,0.11097339301387628,0.14479492604732513,0.2010429762061416,0.15728512406349182
"(529, 541)",21,0,0,0.15408530346890018,0.05530041083693504,0.22007275607029284,0.19562821090221405
"(529, 542)",21,0,0,0.138064459712161,0.120853953063488,0.2591631662193458,0.16430050134658813
"(529, 543)",21,0,0,0.12367940168116592,0.05990049988031387,0.21556102523963255,0.1343991458415985
"(529, 544)",21,0,0,0.15762393741121467,0.12219177186489105,0.20484819401465054,0.24075333774089813
"(529, 545)",21,0,0,0.145605244908776,0.14603514969348907,0.23511004278626738,0.11261658370494843
"(529, 546)",21,0,0,0.18222630760733413,0.09863069653511047,0.24767908307283443,0.1266409307718277
"(529, 547)",21,0,0,0.18717450127782156,0.08330103754997253,0.2547552126267439,0.15015432238578796
"(529, 548)",21,0,0,0.12003966447475617,0.09658516943454742,0.1447448651836342,0.09771988540887833
"(529, 549)",21,0,0,0.15006978348566075,0.2083163559436798,0.17874672642730474,0.15414200723171234
"(529, 550)",21,0,0,0.1346515879437922,0.09690459817647934,0.18636382622159683,0.14058750867843628
"(529, 551)",21,0,0,0.0724590678322096,0.08156343549489975,0.17594542164592175,0.09667826443910599
"(529, 552)",21,0,0,0.23030614350891215,0.2928616404533386,0.3482264720168375,0.1985066533088684
"(530, 531)",21,0,0,0.11112898197444915,0.12069935351610184,0.21107798609487674,0.20038695633411407
"(530, 532)",21,0,0,0.12355331345846748,0.06249307096004486,0.21160030459892418,0.15008211135864258
"(530, 533)",21,0,0,0.19448283849520268,0.20366299152374268,0.21943187523166469,0.2247149646282196
"(530, 534)",21,0,1,0.1269650817080627,0.0981682762503624,0.23178196248274582,0.18975462019443512
"(530, 535)",21,0,0,0.12189858867968995,0.043540868908166885,0.12232130231651696,0.13953173160552979
"(530, 536)",21,0,0,0.12353223183593166,0.033282019197940826,0.18442984417030744,0.10996606200933456
"(530, 537)",21,0,0,0.15868396359419676,0.09810391813516617,0.22927436820188193,0.1891854703426361
"(530, 538)",21,0,0,0.16621411814138468,0.05620139092206955,0.17545904804641801,0.07129047811031342
"(530, 539)",21,0,0,0.18663660632681164,0.05542468652129173,0.13021214572359388,0.07429548352956772
"(530, 540)",21,0,0,0.11518237875473784,0.13401849567890167,0.16757535143958266,0.10715997964143753
"(530, 541)",21,0,0,0.16412815629281047,0.05460117384791374,0.22675519714535375,0.1359090954065323
"(530, 542)",21,0,0,0.14011533901549514,0.042751558125019073,0.24808759375142694,0.104469895362854
"(530, 543)",21,0,0,0.10464134370803735,0.026688842102885246,0.17459313118152484,0.06755871325731277
"(530, 544)",21,0,1,0.1652827891733181,0.07039292901754379,0.20789828625362494,0.13214164972305298
"(530, 545)",21,0,0,0.12526315555435547,0.07051128149032593,0.154818525006265,0.05299903079867363
"(530, 546)",21,0,0,0.1322637574310474,0.04710184037685394,0.12183318184543028,0.07650318741798401
"(530, 547)",21,0,0,0.1413899006040082,0.03103858418762684,0.14144201174993126,0.12109970301389694
"(530, 548)",21,0,0,0.08291180692322814,0.02639954350888729,0.07015461502226925,0.06362294405698776
"(530, 549)",21,0,0,0.1089794788524869,0.07747267186641693,0.10148509202165763,0.08765126019716263
"(530, 550)",21,0,0,0.09405940450729527,0.045932017266750336,0.0877680496498872,0.09116784483194351
"(530, 551)",21,0,0,0.0781996888367613,0.024636724963784218,0.1279373441352591,0.0635887086391449
"(530, 552)",21,0,0,0.17245428132648424,0.08522940427064896,0.15837203895142146,0.1205383688211441
