pair,tabpfn,tabpfn_direct,tabpfn_her,tabpfn_his
"(1, 11)",0.09466498029340187,0.11033080518245697,0.3041386604309082,0.3112559914588928
"(1, 12)",0.27463056127453456,0.3356154263019562,0.57940673828125,0.47398579120635986
"(1, 13)",0.20788211900935494,0.13780848681926727,0.3926043212413788,0.5294952392578125
"(1, 14)",0.267701022642278,0.30138522386550903,0.6425328850746155,0.4166339635848999
"(1, 15)",0.25671886722818016,0.20975559949874878,0.5219571590423584,0.4918389618396759
"(1, 16)",0.14244149474881596,0.16706497967243195,0.4728100299835205,0.30126580595970154
"(1, 17)",0.19252550233356036,0.12122975289821625,0.45750871300697327,0.4208127558231354
"(1, 18)",0.12086913576164804,0.12963011860847473,0.3766285181045532,0.3209240138530731
"(1, 19)",0.24295724167651933,0.20545600354671478,0.5295533537864685,0.45879653096199036
"(1, 20)",0.2913183711472449,0.28883039951324463,0.5573930144309998,0.5226444602012634
"(2, 11)",0.17381862929717684,0.17550158500671387,0.3568969964981079,0.48702743649482727
"(2, 12)",0.286118033417182,0.38165417313575745,0.5097508430480957,0.5612899661064148
"(2, 13)",0.17371715239254648,0.1750349998474121,0.3025316298007965,0.5742115378379822
"(2, 14)",0.321667523441036,0.3615933060646057,0.5924832820892334,0.542914092540741
"(2, 15)",0.2900046752613221,0.2919108271598816,0.48603856563568115,0.5966700911521912
"(2, 16)",0.25155672104413895,0.2496839314699173,0.5065639019012451,0.49659425020217896
"(2, 17)",0.21027056578351733,0.1796535700559616,0.408375084400177,0.5148956775665283
"(2, 18)",0.22560503691734013,0.22067788243293762,0.41106584668159485,0.5488294363021851
"(2, 19)",0.2881008180702338,0.3151639699935913,0.5241221189498901,0.5496826171875
"(2, 20)",0.3262725112918936,0.37009772658348083,0.520780622959137,0.6265066266059875
"(3, 11)",0.15153634974271313,0.1673564314842224,0.27688777446746826,0.5472843647003174
"(3, 12)",0.2625861516681738,0.3518492579460144,0.447109580039978,0.5872970819473267
"(3, 13)",0.08480917790601517,0.10374541580677032,0.17069050669670105,0.4968593716621399
"(3, 14)",0.28388519390115974,0.3056478500366211,0.4920608103275299,0.5769311189651489
"(3, 15)",0.13424045081774238,0.16574856638908386,0.27874755859375,0.4815843105316162
"(3, 16)",0.21980616293288335,0.22430700063705444,0.40690529346466064,0.5401899814605713
"(3, 17)",0.21410041843046201,0.1761094033718109,0.3711538314819336,0.5768508911132812
"(3, 18)",0.19119477677234897,0.1921011060476303,0.3361820578575134,0.5687239170074463
"(3, 19)",0.28920240690203514,0.32000547647476196,0.45179688930511475,0.6401159763336182
"(3, 20)",0.31009724848448705,0.41621917486190796,0.46264657378196716,0.6702681183815002
"(4, 11)",0.1407348731312652,0.16749200224876404,0.26201605796813965,0.5371230840682983
"(4, 12)",0.275208199650411,0.39953505992889404,0.45078045129776,0.6105149388313293
"(4, 13)",0.1494527239241794,0.1679588109254837,0.25435689091682434,0.5875709652900696
"(4, 14)",0.3075328673208091,0.380737841129303,0.5244428515434265,0.5863991975784302
"(4, 15)",0.256933639321133,0.3124796748161316,0.4040313959121704,0.6359249353408813
"(4, 16)",0.21392849484755772,0.24869145452976227,0.4109515845775604,0.5205686092376709
"(4, 17)",0.16700567933378352,0.15945832431316376,0.31421077251434326,0.5315084457397461
"(4, 18)",0.17576029117000047,0.19680294394493103,0.3158966302871704,0.5563854575157166
"(4, 19)",0.25671446523985963,0.3258477449417114,0.44754260778427124,0.5736089944839478
"(4, 20)",0.2891080602467788,0.3917188048362732,0.4419716000556946,0.6541326642036438
"(5, 11)",0.15016076328750572,0.14402063190937042,0.4084298014640808,0.3676537871360779
"(5, 12)",0.30309026744709655,0.4027123749256134,0.6210567951202393,0.48802343010902405
"(5, 13)",0.13136523792784516,0.14518515765666962,0.29968827962875366,0.43833959102630615
"(5, 14)",0.3318671063627576,0.394146591424942,0.693109929561615,0.47880876064300537
"(5, 15)",0.21180514387945948,0.2557300627231598,0.47830212116241455,0.44282710552215576
"(5, 16)",0.23183099566538345,0.22328297793865204,0.5782731771469116,0.4009022116661072
"(5, 17)",0.2048320989846939,0.15253129601478577,0.485597163438797,0.42181485891342163
"(5, 18)",0.19848540413527793,0.18399786949157715,0.47039732336997986,0.42195266485214233
"(5, 19)",0.28196193263497094,0.29416364431381226,0.5877065658569336,0.47976651787757874
"(5, 20)",0.32984547082014615,0.38550060987472534,0.6128082275390625,0.5382523536682129
"(6, 11)",0.1139258129056735,0.15621516108512878,0.3504859209060669,0.32505103945732117
"(6, 12)",0.28395576810198264,0.395523339509964,0.5842204689979553,0.4860421419143677
"(6, 13)",0.21780862311310045,0.2024039924144745,0.44332993030548096,0.49130141735076904
"(6, 14)",0.31277060481338737,0.380597323179245,0.6737490892410278,0.4642241597175598
"(6, 15)",0.31416127073047306,0.3347553014755249,0.5962557196617126,0.5268901586532593
"(6, 16)",0.1551739076812666,0.21344998478889465,0.5051671862602234,0.30717337131500244
"(6, 17)",0.22210369153391873,0.16483135521411896,0.501053512096405,0.4432733952999115
"(6, 18)",0.12464552845298016,0.16965052485466003,0.40820008516311646,0.3053539991378784
"(6, 19)",0.273185116795446,0.26333990693092346,0.5746452808380127,0.47539782524108887
"(6, 20)",0.31753905503697055,0.3514150083065033,0.5965226292610168,0.5323168635368347
"(7, 11)",0.13506002407420503,0.16373208165168762,0.3338641822338104,0.40453583002090454
"(7, 12)",0.3085745673397149,0.45789793133735657,0.5929415822029114,0.5204131007194519
"(7, 13)",0.25379865510331,0.22936591506004333,0.45684814453125,0.5555427074432373
"(7, 14)",0.32420219065220834,0.4213598370552063,0.6647936701774597,0.48767340183258057
"(7, 15)",0.32015128211599375,0.3573799133300781,0.5839217901229858,0.5482776761054993
"(7, 16)",0.18992182130907764,0.256011039018631,0.4970713257789612,0.38208162784576416
"(7, 17)",0.20867358677092795,0.16356080770492554,0.4363366365432739,0.47823989391326904
"(7, 18)",0.15447099242178197,0.19428959488868713,0.42608895897865295,0.36253225803375244
"(7, 19)",0.2901476079607299,0.3120482265949249,0.5832518339157104,0.4974654018878937
"(7, 20)",0.3272026229150171,0.4142473638057709,0.5903493165969849,0.554252564907074
"(8, 11)",0.19915981621688772,0.15310196578502655,0.36944469809532166,0.5390788316726685
"(8, 12)",0.2820266977027046,0.27992334961891174,0.5021675825119019,0.5616186857223511
"(8, 13)",0.17012460632398607,0.10826968401670456,0.2924405634403229,0.5817407965660095
"(8, 14)",0.323957562220194,0.25399526953697205,0.5896600484848022,0.5493971705436707
"(8, 15)",0.2838325309188843,0.19521500170230865,0.464903324842453,0.6105194687843323
"(8, 16)",0.29555830227434043,0.19621452689170837,0.5416755080223083,0.5456371903419495
"(8, 17)",0.2401685011607846,0.16912627220153809,0.43379679322242737,0.5536428689956665
"(8, 18)",0.2603443345950751,0.17092105746269226,0.47074586153030396,0.553046464920044
"(8, 19)",0.3165318436610107,0.24143245816230774,0.5373209118843079,0.5890927314758301
"(8, 20)",0.3374719657707175,0.34609055519104004,0.5301210880279541,0.6365941166877747
"(9, 11)",0.15776915870197783,0.14587724208831787,0.3568320870399475,0.4421383738517761
"(9, 12)",0.27762576854598464,0.2944498658180237,0.5090053677558899,0.5454279780387878
"(9, 13)",0.1861154589037426,0.12679696083068848,0.31697607040405273,0.5871593356132507
"(9, 14)",0.32037837033492167,0.27211010456085205,0.6024277210235596,0.5318121314048767
"(9, 15)",0.2727761359499432,0.22220507264137268,0.4703548848628998,0.5799368619918823
"(9, 16)",0.20906619829260364,0.1780756115913391,0.5040760636329651,0.4147512912750244
"(9, 17)",0.2387737113180357,0.1749175488948822,0.4363139569759369,0.5472520589828491
"(9, 18)",0.17982050723655085,0.1597411334514618,0.39168232679367065,0.45909783244132996
"(9, 19)",0.31968008783974255,0.25997960567474365,0.556975245475769,0.5739574432373047
"(9, 20)",0.3417672263762981,0.31976112723350525,0.5526734590530396,0.6183890700340271
"(10, 11)",0.22380141799963127,0.17956599593162537,0.45765864849090576,0.4890138506889343
"(10, 12)",0.3435835433431649,0.38677987456321716,0.5976580381393433,0.5748831629753113
"(10, 13)",0.16167358123361453,0.13041795790195465,0.3004752993583679,0.5380594730377197
"(10, 14)",0.3617611475824418,0.3565659821033478,0.6623744368553162,0.5461580753326416
"(10, 15)",0.28201418329892647,0.23016369342803955,0.49255484342575073,0.5725538730621338
"(10, 16)",0.30347761570695475,0.2567497491836548,0.6110370755195618,0.49665990471839905
"(10, 17)",0.2729025308471478,0.19523833692073822,0.4976038634777069,0.5484333038330078
"(10, 18)",0.24675214017051417,0.20213690400123596,0.47840869426727295,0.5157768726348877
"(10, 19)",0.33100703683467714,0.29848432540893555,0.6089226007461548,0.5435945987701416
"(10, 20)",0.37989823434054415,0.39636653661727905,0.60304856300354,0.6299629211425781
"(21, 40)",0.12437700907216787,0.07306663691997528,0.3157128691673279,0.39395609498023987
"(21, 41)",0.08490134048269082,0.04988393187522888,0.21753831207752228,0.3902822434902191
"(21, 42)",0.19174064565419702,0.10327289253473282,0.3872038424015045,0.4951930344104767
"(21, 43)",0.1030754777218732,0.06715287268161774,0.3130876421928406,0.3292224407196045
"(21, 44)",0.08535502532131467,0.08385822176933289,0.3115858733654022,0.2739374041557312
"(21, 45)",0.05309569295580108,0.04005756601691246,0.22035029530525208,0.24096038937568665
"(21, 46)",0.07199774077850662,0.053362295031547546,0.33047929406166077,0.21785855293273926
"(21, 47)",0.07017232547778995,0.04172340780496597,0.3354905843734741,0.20916332304477692
"(21, 48)",0.12436147753121851,0.07846677303314209,0.4380495846271515,0.28389817476272583
"(21, 49)",0.17240143558723275,0.07308129966259003,0.4721088409423828,0.3651730716228485
"(21, 50)",0.10850992461351794,0.05834578722715378,0.37365615367889404,0.2904004752635956
"(21, 51)",0.08309222680190942,0.08204439282417297,0.35937583446502686,0.23121261596679688
"(21, 52)",0.10251994487060045,0.11661260575056076,0.4732367992401123,0.21663561463356018
"(21, 53)",0.059529854990294506,0.040014058351516724,0.3006891906261444,0.19797803461551666
"(21, 54)",0.09842958623787013,0.06139805540442467,0.4504384994506836,0.21851947903633118
"(21, 55)",0.16434835706615658,0.16089804470539093,0.3791458010673523,0.43347007036209106
"(22, 40)",0.18081694463491615,0.10878593474626541,0.3392776846885681,0.532946765422821
"(22, 41)",0.14194830703831585,0.11629297584295273,0.25526875257492065,0.5560739636421204
"(22, 42)",0.20340742826834912,0.13362610340118408,0.35280513763427734,0.5765432715415955
"(22, 43)",0.19106397244111406,0.13755767047405243,0.4117025136947632,0.46408259868621826
"(22, 44)",0.21173334594404203,0.22061562538146973,0.4384935200214386,0.4828653931617737
"(22, 45)",0.16804821847568974,0.13052022457122803,0.3563236892223358,0.4716167449951172
"(22, 46)",0.202893457874735,0.1500069797039032,0.49224787950515747,0.4121774137020111
"(22, 47)",0.244819745201319,0.17060703039169312,0.5255287885665894,0.46585410833358765
"(22, 48)",0.20714783302093664,0.17468218505382538,0.5399175882339478,0.38366565108299255
"(22, 49)",0.31107623688633623,0.17285487055778503,0.55907142162323,0.5564159154891968
"(22, 50)",0.3398701475962653,0.25097811222076416,0.597103476524353,0.5691980719566345
"(22, 51)",0.14707356910061442,0.13556556403636932,0.40788766741752625,0.3605737090110779
"(22, 52)",0.14935384070364766,0.14616547524929047,0.46262964606285095,0.3228367269039154
"(22, 53)",0.24408298941849438,0.18635311722755432,0.5179352164268494,0.4712616205215454
"(22, 54)",0.25512654520259304,0.22911372780799866,0.6362903118133545,0.4009593427181244
"(22, 55)",0.35677321024478914,0.37333112955093384,0.5421579480171204,0.6580613851547241
"(23, 40)",0.16915449453374087,0.1348906010389328,0.3706231713294983,0.4564056098461151
"(23, 41)",0.13858543225387265,0.1219533383846283,0.3038403391838074,0.45611268281936646
"(23, 42)",0.19941108125242302,0.16622263193130493,0.41331395506858826,0.48246878385543823
"(23, 43)",0.13616751571765828,0.15442076325416565,0.35113391280174255,0.3877936899662018
"(23, 44)",0.23447841960972937,0.3273196816444397,0.5027727484703064,0.4663705825805664
"(23, 45)",0.13477744573546602,0.13659071922302246,0.364669531583786,0.36958789825439453
"(23, 46)",0.1233080870342178,0.14451682567596436,0.4193307161331177,0.29405927658081055
"(23, 47)",0.14982461863364716,0.16370558738708496,0.47928085923194885,0.3126029670238495
"(23, 48)",0.19747987136202738,0.25670289993286133,0.5391031503677368,0.36631184816360474
"(23, 49)",0.2752441116625217,0.1714458167552948,0.5902535319328308,0.46631506085395813
"(23, 50)",0.17948274112935536,0.18514500558376312,0.4792686104774475,0.3744930028915405
"(23, 51)",0.10653435426197433,0.16334308683872223,0.3943521976470947,0.2701502740383148
"(23, 52)",0.14031599883109536,0.2227734625339508,0.4922996759414673,0.28502151370048523
"(23, 53)",0.1585992022438134,0.16089604794979095,0.4759429097175598,0.3332315683364868
"(23, 54)",0.1744902694688797,0.2139061689376831,0.5859774947166443,0.29777640104293823
"(23, 55)",0.2637294351865762,0.37386777997016907,0.48079049587249756,0.5485329627990723
"(24, 40)",0.12124831827364346,0.09543227404356003,0.23863819241523743,0.5080842971801758
"(24, 41)",0.09053684561316189,0.10166651010513306,0.16465553641319275,0.5498560667037964
"(24, 42)",0.11000319252398949,0.11287423223257065,0.21116505563259125,0.5209346413612366
"(24, 43)",0.13384870452109432,0.11273810267448425,0.3533327281475067,0.37881773710250854
"(24, 44)",0.17485148538305229,0.18695230782032013,0.37902721762657166,0.46131643652915955
"(24, 45)",0.11357317616272233,0.10998482257127762,0.26438048481941223,0.42958229780197144
"(24, 46)",0.16056356182684084,0.11978467553853989,0.445292592048645,0.3605799078941345
"(24, 47)",0.15485531735189184,0.12866924703121185,0.46988070011138916,0.32956305146217346
"(24, 48)",0.17324212925885085,0.12387223541736603,0.4840400516986847,0.3579086661338806
"(24, 49)",0.22997424766888486,0.15189512073993683,0.4230061173439026,0.5436664819717407
"(24, 50)",0.1991237092060496,0.16124288737773895,0.4124216139316559,0.4828158915042877
"(24, 51)",0.11570492356800521,0.12280996143817902,0.3463950455188751,0.33402591943740845
"(24, 52)",0.1373280610368397,0.14127404987812042,0.38208627700805664,0.3594163656234741
"(24, 53)",0.14976063216369795,0.13676616549491882,0.40848851203918457,0.3666214048862457
"(24, 54)",0.1847973057090826,0.17132724821567535,0.5780990123748779,0.31966376304626465
"(24, 55)",0.24334790074505008,0.2785053253173828,0.3798842430114746,0.6405843496322632
"(25, 40)",0.0868206504871516,0.08511044085025787,0.16759003698825836,0.5180537700653076
"(25, 41)",0.06318066840403702,0.08119841665029526,0.11236529052257538,0.562279224395752
"(25, 42)",0.07851347931875363,0.09566324204206467,0.14583028852939606,0.5383893847465515
"(25, 43)",0.13306767294313548,0.11815109848976135,0.29614588618278503,0.44933149218559265
"(25, 44)",0.16060916379880297,0.20212335884571075,0.30119407176971436,0.5332414507865906
"(25, 45)",0.11629933615172927,0.12640246748924255,0.2165037840604782,0.5371699929237366
"(25, 46)",0.14705369052420636,0.13635759055614471,0.3247080445289612,0.45287972688674927
"(25, 47)",0.16392513987888258,0.1383991539478302,0.35526734590530396,0.4614134728908539
"(25, 48)",0.1669829004493808,0.1489737182855606,0.41603466868400574,0.40136775374412537
"(25, 49)",0.14769982032202478,0.12065309286117554,0.2655660808086395,0.5561697483062744
"(25, 50)",0.13775470989402017,0.1513785719871521,0.2854238450527191,0.4826321005821228
"(25, 51)",0.12088644146746574,0.13572679460048676,0.29800641536712646,0.40565046668052673
"(25, 52)",0.15553462782414762,0.16257265210151672,0.3608803153038025,0.4309867322444916
"(25, 53)",0.13648764244232847,0.14227387309074402,0.309915155172348,0.4404032528400421
"(25, 54)",0.1799903729717922,0.16987234354019165,0.4490364193916321,0.40083691477775574
"(25, 55)",0.17752374636583568,0.2781086266040802,0.2792849540710449,0.6356366276741028
"(26, 40)",0.13155950839770902,0.09849497675895691,0.24590972065925598,0.5349910855293274
"(26, 41)",0.10275113794411261,0.10985551029443741,0.18719807267189026,0.5488899350166321
"(26, 42)",0.13225273344343869,0.1290546953678131,0.23154839873313904,0.5711666941642761
"(26, 43)",0.17850361231899115,0.1458960622549057,0.40570008754730225,0.4399890899658203
"(26, 44)",0.20599601041356408,0.2482558935880661,0.41194242238998413,0.5000602006912231
"(26, 45)",0.14817539324413076,0.13972307741641998,0.3261295258998871,0.4543452262878418
"(26, 46)",0.18870848759594772,0.15243428945541382,0.446351021528244,0.42278045415878296
"(26, 47)",0.1635256282639279,0.16596701741218567,0.4781791865825653,0.3419756293296814
"(26, 48)",0.23502600846952149,0.19684943556785583,0.5546205639839172,0.42375999689102173
"(26, 49)",0.2954216119569395,0.1852422058582306,0.49919915199279785,0.5917910933494568
"(26, 50)",0.22401774248266904,0.2054421752691269,0.44383522868156433,0.5047317743301392
"(26, 51)",0.16499501859045296,0.17111968994140625,0.392436146736145,0.42043787240982056
"(26, 52)",0.19939144565527744,0.20590811967849731,0.456725150346756,0.4365676939487457
"(26, 53)",0.17953942495915953,0.17674461007118225,0.475522518157959,0.37756240367889404
"(26, 54)",0.20476117464622412,0.20129287242889404,0.6139448285102844,0.3335172235965729
"(26, 55)",0.3059273846198085,0.3813905417919159,0.4635019600391388,0.660034716129303
"(27, 40)",0.12237206273152523,0.09860526025295258,0.24150846898555756,0.5066988468170166
"(27, 41)",0.09358722818541843,0.10599016398191452,0.18597570061683655,0.5032228827476501
"(27, 42)",0.1477735165631735,0.12443745136260986,0.2639569938182831,0.5598393678665161
"(27, 43)",0.16032628394056303,0.12427424639463425,0.33182358741760254,0.48316723108291626
"(27, 44)",0.2757592793908934,0.3451562523841858,0.4793536365032196,0.5752731561660767
"(27, 45)",0.12319455932297885,0.11178982257843018,0.2787477672100067,0.44195711612701416
"(27, 46)",0.1853376138924201,0.1490536779165268,0.4220685362815857,0.43911734223365784
"(27, 47)",0.16986596013204291,0.155577152967453,0.44828206300735474,0.37892651557922363
"(27, 48)",0.18990465981661409,0.1750650256872177,0.47066810727119446,0.4034789204597473
"(27, 49)",0.2797604012530144,0.18243339657783508,0.5152591466903687,0.5429508686065674
"(27, 50)",0.24050037158184523,0.20839786529541016,0.48151683807373047,0.49946409463882446
"(27, 51)",0.15172089156173918,0.15694434940814972,0.36826378107070923,0.4119897186756134
"(27, 52)",0.14705827507542502,0.16817446053028107,0.41346868872642517,0.35566967725753784
"(27, 53)",0.1837248604573105,0.1843508929014206,0.4555770754814148,0.4032794237136841
"(27, 54)",0.20931179474559158,0.21244937181472778,0.5806268453598022,0.3604927957057953
"(27, 55)",0.3277894651457771,0.3981098234653473,0.505585789680481,0.6483359932899475
"(28, 40)",0.15994436969577208,0.149905264377594,0.27151021361351013,0.5890915393829346
"(28, 41)",0.1401065542221147,0.1513533741235733,0.21141231060028076,0.6627171039581299
"(28, 42)",0.13574313771816726,0.1160031408071518,0.22057101130485535,0.615416944026947
"(28, 43)",0.19415608767022974,0.17887139320373535,0.3573005795478821,0.543397068977356
"(28, 44)",0.29626488131431117,0.26504039764404297,0.41745802760124207,0.7096878290176392
"(28, 45)",0.17920985361541852,0.21555019915103912,0.3023868799209595,0.5926508903503418
"(28, 46)",0.23267635042632762,0.20162326097488403,0.41898778080940247,0.5553296804428101
"(28, 47)",0.2514583359358724,0.20750626921653748,0.43410584330558777,0.5792558193206787
"(28, 48)",0.2581544786049328,0.19416698813438416,0.47764453291893005,0.5404740571975708
"(28, 49)",0.2620069848594646,0.17964929342269897,0.3802691102027893,0.689004123210907
"(28, 50)",0.2444194312697192,0.25378355383872986,0.39060139656066895,0.6257515549659729
"(28, 51)",0.15390882939032124,0.17879393696784973,0.33154457807540894,0.4642176032066345
"(28, 52)",0.20162710548487617,0.21953263878822327,0.4135558009147644,0.48754510283470154
"(28, 53)",0.23860920796208163,0.20919281244277954,0.4068617522716522,0.5864626169204712
"(28, 54)",0.27459514429801857,0.2519201636314392,0.4745979309082031,0.5785847902297974
"(28, 55)",0.25407042848317474,0.2957547903060913,0.345644474029541,0.7350628972053528
"(29, 40)",0.11443016236916037,0.08438891917467117,0.22178149223327637,0.5159590244293213
"(29, 41)",0.06783761571726554,0.08497483283281326,0.14252528548240662,0.47596898674964905
"(29, 42)",0.10553697064243117,0.10116982460021973,0.20003673434257507,0.5275879502296448
"(29, 43)",0.150320274507032,0.11421764642000198,0.3429546654224396,0.4383094608783722
"(29, 44)",0.16390724953780733,0.19455395638942719,0.35788992047309875,0.45798230171203613
"(29, 45)",0.11495493085746133,0.10588343441486359,0.2706677317619324,0.42470866441726685
"(29, 46)",0.1416175755614093,0.12032751739025116,0.3725337088108063,0.3801470100879669
"(29, 47)",0.1352871802345632,0.12774020433425903,0.4075995683670044,0.33191198110580444
"(29, 48)",0.17792259769031205,0.15650418400764465,0.45268160104751587,0.39304137229919434
"(29, 49)",0.22159221255031447,0.1396968960762024,0.4223059117794037,0.5247196555137634
"(29, 50)",0.17951502804472153,0.15302833914756775,0.3943499028682709,0.4552176296710968
"(29, 51)",0.13114483174972946,0.13110379874706268,0.34472304582595825,0.38043534755706787
"(29, 52)",0.19831608784443233,0.18348467350006104,0.440673828125,0.450029194355011
"(29, 53)",0.137731432917235,0.1328849494457245,0.3970513641834259,0.34688568115234375
"(29, 54)",0.16890582312458946,0.1664811372756958,0.5455060005187988,0.30963146686553955
"(29, 55)",0.2635772099381448,0.31864693760871887,0.42019060254096985,0.6272801160812378
"(30, 40)",0.08862646984812095,0.09994044154882431,0.18199476599693298,0.4869726300239563
"(30, 41)",0.07014365058104488,0.11231841892004013,0.15001855790615082,0.46756649017333984
"(30, 42)",0.07696685666831016,0.10512906312942505,0.14426499605178833,0.5335102677345276
"(30, 43)",0.10953079607706329,0.12291905283927917,0.2706463038921356,0.4047008752822876
"(30, 44)",0.205769002327731,0.26822033524513245,0.36507195234298706,0.5636395812034607
"(30, 45)",0.10442238905635559,0.12786602973937988,0.23033370077610016,0.4533526301383972
"(30, 46)",0.1391569094156324,0.13642947375774384,0.33420872688293457,0.4163772463798523
"(30, 47)",0.14897675581274683,0.15111654996871948,0.37314581871032715,0.39924541115760803
"(30, 48)",0.21370662188484957,0.1928109973669052,0.4481462240219116,0.47686806321144104
"(30, 49)",0.21819469369810918,0.17591819167137146,0.3964639902114868,0.5503518581390381
"(30, 50)",0.2453073933405001,0.2602495849132538,0.42752763628959656,0.5737813711166382
"(30, 51)",0.16716916974920615,0.1736452281475067,0.3405972123146057,0.49081191420555115
"(30, 52)",0.2253582108881229,0.25964078307151794,0.43867745995521545,0.5137218832969666
"(30, 53)",0.14913746160027586,0.13992595672607422,0.3580150604248047,0.4165675640106201
"(30, 54)",0.1789814420338809,0.19036200642585754,0.4596564471721649,0.38938090205192566
"(30, 55)",0.32463306523371926,0.4455573856830597,0.4508749842643738,0.7200068235397339
"(31, 40)",0.12125422119689233,0.09941961616277695,0.22077703475952148,0.5492157340049744
"(31, 41)",0.1348727913150931,0.14096513390541077,0.21672460436820984,0.6223233938217163
"(31, 42)",0.11808383740510386,0.12532462179660797,0.19789020717144012,0.5967139005661011
"(31, 43)",0.14204334913688577,0.14245812594890594,0.2985827326774597,0.4757252633571625
"(31, 44)",0.2116071270332185,0.24149230122566223,0.3848506212234497,0.5498422384262085
"(31, 45)",0.1461176400827,0.13792572915554047,0.27260249853134155,0.5360099077224731
"(31, 46)",0.16893506756527898,0.15494674444198608,0.3764292597770691,0.4487830400466919
"(31, 47)",0.15143610311689937,0.17133870720863342,0.38773319125175476,0.390567809343338
"(31, 48)",0.2046556690236372,0.17834563553333282,0.4584164619445801,0.4464404881000519
"(31, 49)",0.23696089696258582,0.17198282480239868,0.38569656014442444,0.6143712997436523
"(31, 50)",0.29717978443694903,0.23848088085651398,0.4774002134799957,0.6224961280822754
"(31, 51)",0.18167391949905465,0.1808222532272339,0.35622504353523254,0.5099976062774658
"(31, 52)",0.22012699068896247,0.21193790435791016,0.419571191072464,0.5246475338935852
"(31, 53)",0.16465711452133558,0.15016068518161774,0.38814571499824524,0.4242146909236908
"(31, 54)",0.19286718421398774,0.1918814480304718,0.5233148336410522,0.36854904890060425
"(31, 55)",0.3213846230535182,0.36106884479522705,0.4382060170173645,0.7334098815917969
"(32, 40)",0.17210014416923514,0.12075482308864594,0.3543701171875,0.48565083742141724
"(32, 41)",0.12877821193976047,0.13985538482666016,0.25191405415534973,0.5111989974975586
"(32, 42)",0.16625001707887677,0.13117149472236633,0.32192108035087585,0.5164309740066528
"(32, 43)",0.1661480994918083,0.15152791142463684,0.357766330242157,0.4644039571285248
"(32, 44)",0.22856128031763845,0.2891833186149597,0.4410402178764343,0.5182322859764099
"(32, 45)",0.14298915855859207,0.13999292254447937,0.3389661908149719,0.42183899879455566
"(32, 46)",0.175408245086075,0.14987745881080627,0.4367845356464386,0.40158987045288086
"(32, 47)",0.17121102391005394,0.18033474683761597,0.4310021996498108,0.3972393274307251
"(32, 48)",0.16985249477066144,0.19255438446998596,0.47292783856391907,0.3591509759426117
"(32, 49)",0.2759892946185971,0.19829851388931274,0.5354582071304321,0.5154263973236084
"(32, 50)",0.26446188750125543,0.23095545172691345,0.5228407382965088,0.5058172941207886
"(32, 51)",0.12915297485745114,0.15386924147605896,0.36787712574005127,0.3510763943195343
"(32, 52)",0.13921726519035005,0.17830997705459595,0.43144717812538147,0.32267510890960693
"(32, 53)",0.20610130298270413,0.1945924311876297,0.4835025668144226,0.42626723647117615
"(32, 54)",0.21313694638082836,0.21474750339984894,0.5799130201339722,0.3675326108932495
"(32, 55)",0.2791960652690797,0.35701555013656616,0.4477347731590271,0.6235746741294861
"(33, 40)",0.1284256382707838,0.09379757940769196,0.2677776515483856,0.4795980453491211
"(33, 41)",0.13041213010254804,0.15088105201721191,0.20621006190776825,0.6324236989021301
"(33, 42)",0.12329815488743368,0.12474961578845978,0.21927262842655182,0.5623052716255188
"(33, 43)",0.143591114396731,0.13457244634628296,0.34413763880729675,0.41724908351898193
"(33, 44)",0.1915219731928648,0.23647382855415344,0.35939809679985046,0.5328964591026306
"(33, 45)",0.14616899873587386,0.14283961057662964,0.2833974361419678,0.5157738924026489
"(33, 46)",0.1479634369512155,0.14753946661949158,0.3778057098388672,0.39163896441459656
"(33, 47)",0.20207259293078295,0.20144116878509521,0.418353796005249,0.4830184280872345
"(33, 48)",0.1700142655141832,0.15379557013511658,0.42558538913726807,0.399483323097229
"(33, 49)",0.18852064135875146,0.13488881289958954,0.34215912222862244,0.5509735941886902
"(33, 50)",0.18124960633862486,0.15586504340171814,0.3592337965965271,0.5045449733734131
"(33, 51)",0.12660717978227698,0.1489475518465042,0.3130119740962982,0.40448030829429626
"(33, 52)",0.14142574903589278,0.15025125443935394,0.34930869936943054,0.404873251914978
"(33, 53)",0.16318755933752982,0.17846833169460297,0.38909912109375,0.4193984270095825
"(33, 54)",0.20543102069444785,0.20794758200645447,0.5084996223449707,0.40399444103240967
"(33, 55)",0.18969204262736739,0.25089070200920105,0.3049268126487732,0.6220903992652893
"(34, 40)",0.14790895582051178,0.1092873364686966,0.3070695400238037,0.4816790223121643
"(34, 41)",0.08554159228251024,0.09819091856479645,0.19372721016407013,0.4415569305419922
"(34, 42)",0.1496153789262813,0.12351257354021072,0.2975690960884094,0.5027920603752136
"(34, 43)",0.1662539115437056,0.15329700708389282,0.3674759864807129,0.4524211585521698
"(34, 44)",0.154998343806243,0.23323677480220795,0.36721011996269226,0.4220971465110779
"(34, 45)",0.1649024705231028,0.13574591279029846,0.34983396530151367,0.4713735282421112
"(34, 46)",0.20074515812082439,0.165858656167984,0.4579005837440491,0.4384033679962158
"(34, 47)",0.17481811431252936,0.1856374740600586,0.4579124450683594,0.38177192211151123
"(34, 48)",0.1852006177990564,0.21546794474124908,0.48048263788223267,0.38544705510139465
"(34, 49)",0.32341063713090534,0.20094957947731018,0.5732746720314026,0.5641460418701172
"(34, 50)",0.20580736042767533,0.21129055321216583,0.469414621591568,0.43843406438827515
"(34, 51)",0.11793274659927633,0.1468457728624344,0.3648480772972107,0.32323795557022095
"(34, 52)",0.13999565717474383,0.22394077479839325,0.44075149297714233,0.31762945652008057
"(34, 53)",0.1400058046766084,0.1497005820274353,0.3932104706764221,0.35605818033218384
"(34, 54)",0.2130359857769939,0.2331896722316742,0.5791274905204773,0.36785680055618286
"(34, 55)",0.2774467406497383,0.3773978054523468,0.46102091670036316,0.6018094420433044
"(35, 40)",0.09295640002075345,0.10569227486848831,0.19251759350299835,0.4828462600708008
"(35, 41)",0.08096740532456703,0.10578171908855438,0.14233414828777313,0.5688543915748596
"(35, 42)",0.07668264934727631,0.09837435930967331,0.1438644826412201,0.53302001953125
"(35, 43)",0.14332202396498772,0.14354783296585083,0.3189302384853363,0.44938361644744873
"(35, 44)",0.165443607784157,0.23765921592712402,0.3395584225654602,0.48723164200782776
"(35, 45)",0.13311018971364774,0.147159606218338,0.25101423263549805,0.5302894115447998
"(35, 46)",0.1463239431611303,0.15008771419525146,0.3328034579753876,0.43967074155807495
"(35, 47)",0.1368187780154999,0.1715450882911682,0.3592366874217987,0.38085970282554626
"(35, 48)",0.1571593110994165,0.1782604306936264,0.39485809206962585,0.3980146646499634
"(35, 49)",0.19185310452159854,0.16887423396110535,0.3456415832042694,0.5550637245178223
"(35, 50)",0.15760939607675084,0.183921217918396,0.3382355272769928,0.465975284576416
"(35, 51)",0.12254326832214701,0.16613608598709106,0.29874515533447266,0.4101933240890503
"(35, 52)",0.14563181995730368,0.20034202933311462,0.35915645956993103,0.4054829478263855
"(35, 53)",0.1312170195515101,0.16425679624080658,0.3318880796432495,0.39536526799201965
"(35, 54)",0.17768824008869188,0.20583482086658478,0.4799007177352905,0.37026041746139526
"(35, 55)",0.21378552089970526,0.32792097330093384,0.33726978302001953,0.6338709592819214
"(36, 40)",0.12543298444575157,0.11219601333141327,0.24829065799713135,0.5051860809326172
"(36, 41)",0.07776933927338714,0.09940613806247711,0.15559592843055725,0.49981603026390076
"(36, 42)",0.08190824438029409,0.11162069439888,0.16429272294044495,0.4985506534576416
"(36, 43)",0.13240834281022984,0.12279016524553299,0.31951794028282166,0.4144003391265869
"(36, 44)",0.19083117467196686,0.23773491382598877,0.37466999888420105,0.5093313455581665
"(36, 45)",0.1190704804470748,0.12922576069831848,0.25035926699638367,0.47559845447540283
"(36, 46)",0.16087611150448922,0.1464623510837555,0.37003371119499207,0.4347606897354126
"(36, 47)",0.14009131490618643,0.1378115713596344,0.38997066020965576,0.3592355251312256
"(36, 48)",0.19334627615891264,0.1705191731452942,0.45166856050491333,0.42807114124298096
"(36, 49)",0.2396493436451479,0.17442798614501953,0.4419291913509369,0.5422799587249756
"(36, 50)",0.1795318881517005,0.1984291970729828,0.3852715492248535,0.4659879207611084
"(36, 51)",0.11555068848124961,0.12033983319997787,0.3024713695049286,0.3820219039916992
"(36, 52)",0.16011924199745842,0.16973428428173065,0.41034120321273804,0.39021000266075134
"(36, 53)",0.16091054083341838,0.17091280221939087,0.36610928177833557,0.43951505422592163
"(36, 54)",0.2028139154452404,0.18681013584136963,0.5398991107940674,0.3756515085697174
"(36, 55)",0.22736577634582034,0.2765234708786011,0.351642370223999,0.6465824246406555
"(37, 40)",0.14458622496558604,0.10943562537431717,0.26875704526901245,0.5379811525344849
"(37, 41)",0.1015930191868275,0.11571468412876129,0.18126235902309418,0.5604749917984009
"(37, 42)",0.1181729344387552,0.11199413239955902,0.22269240021705627,0.5306554436683655
"(37, 43)",0.1733680916697864,0.1304868757724762,0.43297910690307617,0.4004075229167938
"(37, 44)",0.24969503919796665,0.2758379578590393,0.47273340821266174,0.5281941890716553
"(37, 45)",0.15639281772438896,0.13162845373153687,0.3256847560405731,0.48019692301750183
"(37, 46)",0.1882435811181402,0.1416761875152588,0.47631901502609253,0.3952048420906067
"(37, 47)",0.18259726285022637,0.14853985607624054,0.5060752630233765,0.3608104884624481
"(37, 48)",0.22706327832416662,0.16925284266471863,0.5539118051528931,0.40992677211761475
"(37, 49)",0.2755504608011847,0.17577777802944183,0.4820568561553955,0.5716140270233154
"(37, 50)",0.21991578794430566,0.2001931369304657,0.4587864279747009,0.47934240102767944
"(37, 51)",0.13607373125572764,0.13112525641918182,0.39773058891296387,0.34212538599967957
"(37, 52)",0.1791164155970435,0.17471960186958313,0.46831974387168884,0.38246607780456543
"(37, 53)",0.1906155269085481,0.16869007050991058,0.48015397787094116,0.3969883322715759
"(37, 54)",0.21740775618435393,0.18292340636253357,0.6249784231185913,0.34786441922187805
"(37, 55)",0.2834151644489147,0.31895142793655396,0.4232613742351532,0.6695984601974487
"(38, 40)",0.15133728630027576,0.10087716579437256,0.2586170434951782,0.5851790904998779
"(38, 41)",0.13618959720467672,0.11127365380525589,0.21987155079841614,0.6194052696228027
"(38, 42)",0.13587230714700027,0.09480562806129456,0.23185819387435913,0.5860146880149841
"(38, 43)",0.131317487568694,0.10605765134096146,0.28250768780708313,0.4648280143737793
"(38, 44)",0.16529813836332252,0.1803329586982727,0.3243308961391449,0.509658932685852
"(38, 45)",0.13685847703595044,0.10938136279582977,0.26806533336639404,0.5105414986610413
"(38, 46)",0.15126161205711064,0.11355208605527878,0.35463088750839233,0.4265325367450714
"(38, 47)",0.15382087424527846,0.1326065957546234,0.37532657384872437,0.40983209013938904
"(38, 48)",0.21474533476349755,0.17209777235984802,0.44759079813957214,0.47978049516677856
"(38, 49)",0.2117833866178067,0.1219131350517273,0.37723955512046814,0.5614029169082642
"(38, 50)",0.3441021333389358,0.23558561503887177,0.546116054058075,0.6300897598266602
"(38, 51)",0.18489308552334904,0.17180001735687256,0.3780122995376587,0.4891192317008972
"(38, 52)",0.22647201893687452,0.1928703784942627,0.45103079080581665,0.5021209716796875
"(38, 53)",0.17147305663591794,0.13540393114089966,0.3711588680744171,0.4619936943054199
"(38, 54)",0.20488607939732617,0.16418202221393585,0.494462251663208,0.4143614172935486
"(38, 55)",0.3592421800813934,0.35892632603645325,0.49253639578819275,0.7293718457221985
"(39, 40)",0.14563988668909644,0.12403064221143723,0.25787121057510376,0.5647776126861572
"(39, 41)",0.145997028041986,0.14456190168857574,0.2333633005619049,0.6256211996078491
"(39, 42)",0.15267300591006006,0.15230830013751984,0.2521904706954956,0.6053876876831055
"(39, 43)",0.16051696131859927,0.13909316062927246,0.3123975098133087,0.5138227939605713
"(39, 44)",0.1814215303735054,0.22152340412139893,0.36039698123931885,0.5033935904502869
"(39, 45)",0.13441001992841706,0.14213690161705017,0.25807029008865356,0.5208271741867065
"(39, 46)",0.16487610545133347,0.14722704887390137,0.36358603835105896,0.4534720480442047
"(39, 47)",0.1633413841836706,0.13916724920272827,0.379050612449646,0.43092235922813416
"(39, 48)",0.19941750901304545,0.1853284388780594,0.4653921127319336,0.42849352955818176
"(39, 49)",0.2080582992480089,0.13667121529579163,0.39247316122055054,0.5301210880279541
"(39, 50)",0.2694024144446061,0.1987113058567047,0.4959145784378052,0.5432435870170593
"(39, 51)",0.1802671839562997,0.17481869459152222,0.39597809314727783,0.45524534583091736
"(39, 52)",0.18407207474820453,0.19344767928123474,0.44387900829315186,0.4146897494792938
"(39, 53)",0.16784201935172405,0.16351044178009033,0.3880624771118164,0.43251287937164307
"(39, 54)",0.22370699545779615,0.1971321851015091,0.5268685221672058,0.4245973825454712
"(39, 55)",0.32882397493388993,0.33699408173561096,0.4756149351596832,0.6913659572601318
"(56, 66)",0.1099672382759227,0.11029785871505737,0.18851278722286224,0.5833410024642944
"(56, 67)",0.13701525592943575,0.12689030170440674,0.2404153048992157,0.5699107050895691
"(56, 68)",0.1707799930456666,0.16308870911598206,0.2821408212184906,0.6053005456924438
"(56, 69)",0.15346083904933838,0.1486116349697113,0.3770976960659027,0.40695247054100037
"(56, 70)",0.23761604668226965,0.16791746020317078,0.46921783685684204,0.5064088106155396
"(56, 71)",0.1394247162437523,0.14694274961948395,0.2773420810699463,0.5027174949645996
"(56, 72)",0.15185962993068713,0.14907242357730865,0.2881045937538147,0.5270989537239075
"(56, 73)",0.17481939432654237,0.15403516590595245,0.3861091434955597,0.45277196168899536
"(56, 74)",0.16899055946548458,0.16251268982887268,0.3365490436553955,0.5021275877952576
"(56, 75)",0.13333935915264306,0.14511394500732422,0.23348388075828552,0.5710859298706055
"(57, 66)",0.11165260666527566,0.09212072938680649,0.23434847593307495,0.47643837332725525
"(57, 67)",0.13590160160693898,0.10334563255310059,0.31520628929138184,0.43115130066871643
"(57, 68)",0.16871737344009574,0.12653078138828278,0.3481239676475525,0.48464739322662354
"(57, 69)",0.09429265478037241,0.08646668493747711,0.3744722306728363,0.251801460981369
"(57, 70)",0.1717948903159794,0.10723796486854553,0.5123898386955261,0.3352816104888916
"(57, 71)",0.12670099188930983,0.11256302893161774,0.3368120789527893,0.3761771023273468
"(57, 72)",0.11645989210746421,0.11174211651086807,0.30554091930389404,0.3811597228050232
"(57, 73)",0.1256508439584536,0.11682134121656418,0.4193272590637207,0.299648642539978
"(57, 74)",0.1358357763325735,0.11779696494340897,0.3502172827720642,0.387861430644989
"(57, 75)",0.11431388757102923,0.1007147952914238,0.2802267074584961,0.4079335927963257
"(58, 66)",0.2103016746282549,0.2236565500497818,0.2919316291809082,0.7203798890113831
"(58, 67)",0.23872377222751595,0.22945591807365417,0.31898033618927,0.7483965158462524
"(58, 68)",0.34343286200407874,0.28705528378486633,0.4547562599182129,0.755202054977417
"(58, 69)",0.26662807905482566,0.28043562173843384,0.4974701404571533,0.535968005657196
"(58, 70)",0.367638580643721,0.3243628442287445,0.5761643648147583,0.6380793452262878
"(58, 71)",0.18269077110935683,0.28027066588401794,0.2855948805809021,0.6396850347518921
"(58, 72)",0.15117520385761463,0.21034356951713562,0.24671663343906403,0.6127483248710632
"(58, 73)",0.23229630109362986,0.271240770816803,0.4100112020969391,0.5665608644485474
"(58, 74)",0.2500448127487189,0.23276647925376892,0.34965240955352783,0.7151239514350891
"(58, 75)",0.24426666585912216,0.257853627204895,0.32368308305740356,0.7546476125717163
"(59, 66)",0.2103016746282549,0.2236565500497818,0.2919316291809082,0.7203798890113831
"(59, 67)",0.23872377222751595,0.22945591807365417,0.31898033618927,0.7483965158462524
"(59, 68)",0.34343286200407874,0.28705528378486633,0.4547562599182129,0.755202054977417
"(59, 69)",0.26662807905482566,0.28043562173843384,0.4974701404571533,0.535968005657196
"(59, 70)",0.367638580643721,0.3243628442287445,0.5761643648147583,0.6380793452262878
"(59, 71)",0.18269077110935683,0.28027066588401794,0.2855948805809021,0.6396850347518921
"(59, 72)",0.15117520385761463,0.21034356951713562,0.24671663343906403,0.6127483248710632
"(59, 73)",0.23229630109362986,0.271240770816803,0.4100112020969391,0.5665608644485474
"(59, 74)",0.2500448127487189,0.23276647925376892,0.34965240955352783,0.7151239514350891
"(59, 75)",0.24426666585912216,0.257853627204895,0.32368308305740356,0.7546476125717163
"(60, 66)",0.15359587023116816,0.16867825388908386,0.33084836602211,0.46424853801727295
"(60, 67)",0.20225451102771785,0.17825649678707123,0.4712473750114441,0.42918968200683594
"(60, 68)",0.24900416651134982,0.24162521958351135,0.5081369280815125,0.4900335967540741
"(60, 69)",0.1340424575107022,0.1685064435005188,0.5184621810913086,0.25853854417800903
"(60, 70)",0.19053719094758037,0.18802538514137268,0.5900876522064209,0.32289642095565796
"(60, 71)",0.11605604793556878,0.13956961035728455,0.39383113384246826,0.2946847975254059
"(60, 72)",0.09739842009032884,0.13204661011695862,0.36008530855178833,0.27048707008361816
"(60, 73)",0.11223899923820646,0.13249942660331726,0.48913514614105225,0.22946418821811676
"(60, 74)",0.1717609212077491,0.19632552564144135,0.4873840808868408,0.3524138927459717
"(60, 75)",0.19213325605421083,0.1941649466753006,0.4698569178581238,0.4089186489582062
"(61, 66)",0.16321840380571118,0.1465373933315277,0.291543573141098,0.5598422288894653
"(61, 67)",0.19299105812606854,0.16600069403648376,0.37062525749206543,0.5207175016403198
"(61, 68)",0.25314109271434404,0.22376801073551178,0.4414495825767517,0.5734314918518066
"(61, 69)",0.13850578910460243,0.16905558109283447,0.45904481410980225,0.3017260730266571
"(61, 70)",0.18983378867964973,0.16126234829425812,0.5218231678009033,0.36378949880599976
"(61, 71)",0.12297996347867013,0.1320742666721344,0.315876841545105,0.38932883739471436
"(61, 72)",0.11825610233330508,0.1252032071352005,0.3396850824356079,0.34813451766967773
"(61, 73)",0.1253710257662526,0.14282940328121185,0.43461987376213074,0.2884613275527954
"(61, 74)",0.18414164346852502,0.16484852135181427,0.4406912624835968,0.41784727573394775
"(61, 75)",0.16520002733757622,0.17138509452342987,0.3484921455383301,0.4740423262119293
"(62, 66)",0.20034135758579907,0.1905519813299179,0.33587324619293213,0.596479058265686
"(62, 67)",0.343846072458156,0.3386634886264801,0.5099493265151978,0.6742749810218811
"(62, 68)",0.3356911018603199,0.3233642578125,0.4920337200164795,0.6822522282600403
"(62, 69)",0.1692368280422425,0.19267582893371582,0.476011723279953,0.3555307984352112
"(62, 70)",0.27915561313475123,0.2768963575363159,0.6071380376815796,0.45978936553001404
"(62, 71)",0.2217520311021861,0.25094056129455566,0.44784921407699585,0.4951488673686981
"(62, 72)",0.11680066027083491,0.15288180112838745,0.3315860629081726,0.3522484004497528
"(62, 73)",0.15896755586603817,0.19148236513137817,0.48345720767974854,0.3288141191005707
"(62, 74)",0.20968187235933655,0.22406938672065735,0.4633486866950989,0.45253580808639526
"(62, 75)",0.35901105537319467,0.3268721103668213,0.5256797075271606,0.6829463839530945
"(63, 66)",0.19595153325390413,0.16294920444488525,0.34470832347869873,0.5684560537338257
"(63, 67)",0.3607144581166608,0.2762204110622406,0.5649225115776062,0.6385202407836914
"(63, 68)",0.3307631075308848,0.255397230386734,0.5479854345321655,0.6035983562469482
"(63, 69)",0.18151709340758515,0.18965813517570496,0.5114295482635498,0.35492101311683655
"(63, 70)",0.27302665452217667,0.23464670777320862,0.6457736492156982,0.4227900207042694
"(63, 71)",0.23420762972314435,0.16764913499355316,0.48172006011009216,0.4861903190612793
"(63, 72)",0.1410535208563779,0.13980168104171753,0.3876405358314514,0.3638771176338196
"(63, 73)",0.1550295972361262,0.17231270670890808,0.4947487711906433,0.3133501410484314
"(63, 74)",0.21073945136785177,0.18553173542022705,0.4751919209957123,0.44348281621932983
"(63, 75)",0.32948886752684814,0.2785789668560028,0.5387250185012817,0.611608624458313
"(64, 66)",0.13580724384731013,0.14149722456932068,0.3088343143463135,0.43974143266677856
"(64, 67)",0.1744243464256412,0.15372714400291443,0.4388435184955597,0.3974636495113373
"(64, 68)",0.22455037253830845,0.22718395292758942,0.4545036256313324,0.4940562844276428
"(64, 69)",0.1094574687226686,0.1468505561351776,0.44162505865097046,0.24785158038139343
"(64, 70)",0.15408440195697182,0.14947786927223206,0.5623013973236084,0.2740245759487152
"(64, 71)",0.11029685823370983,0.1314070224761963,0.36123180389404297,0.3053354024887085
"(64, 72)",0.06685820710436952,0.09562299400568008,0.2906070053577423,0.23006398975849152
"(64, 73)",0.08946586114475341,0.12448448687791824,0.43315765261650085,0.20654341578483582
"(64, 74)",0.14003787600248696,0.141429603099823,0.4358615577220917,0.3212898075580597
"(64, 75)",0.14736853776474845,0.14608623087406158,0.40664052963256836,0.3624049425125122
"(65, 66)",0.15101806873589751,0.14051121473312378,0.3429807722568512,0.44031059741973877
"(65, 67)",0.24001687016648532,0.200525164604187,0.5709418058395386,0.4203876256942749
"(65, 68)",0.25300802024492697,0.24437157809734344,0.5334347486495972,0.4742998480796814
"(65, 69)",0.09683716914551255,0.14203105866909027,0.5015415549278259,0.19307905435562134
"(65, 70)",0.15042041026065434,0.1618298590183258,0.644388735294342,0.2334311604499817
"(65, 71)",0.12696329269955875,0.16395089030265808,0.425394743680954,0.2984599471092224
"(65, 72)",0.10587562929351968,0.14772051572799683,0.40850380063056946,0.2591790556907654
"(65, 73)",0.10826675020297039,0.1555183231830597,0.5312844514846802,0.20378302037715912
"(65, 74)",0.1734057492841643,0.2083505392074585,0.5118129253387451,0.3388068974018097
"(65, 75)",0.25782430408253276,0.24728986620903015,0.57073974609375,0.45173707604408264
"(76, 94)",0.08994210973192018,0.08947087824344635,0.24303556978702545,0.3700779676437378
"(76, 95)",0.10584557346174783,0.09923524409532547,0.40571731328964233,0.2608850300312042
"(76, 96)",0.10991452468461205,0.11233329027891159,0.2857329249382019,0.3846757411956787
"(76, 97)",0.12467026905322509,0.11848274618387222,0.49767932295799255,0.25050321221351624
"(76, 98)",0.10635056491312067,0.07700967788696289,0.4081428349018097,0.2605719268321991
"(76, 99)",0.15066750190170808,0.12238235026597977,0.5047793388366699,0.29848191142082214
"(76, 100)",0.09818786733538687,0.10072311013936996,0.3169129192829132,0.3098260164260864
"(76, 101)",0.10466174167284592,0.07780727744102478,0.36264899373054504,0.28860342502593994
"(76, 102)",0.10529297625082279,0.09295643866062164,0.37970030307769775,0.2773054838180542
"(76, 103)",0.0735424752934346,0.09978489577770233,0.3517006039619446,0.20910534262657166
"(76, 104)",0.16269420811703839,0.09887140989303589,0.46452057361602783,0.35024112462997437
"(76, 105)",0.09825076650159303,0.08632221072912216,0.42929232120513916,0.2288668155670166
"(76, 106)",0.10339569996219211,0.07540132105350494,0.3339993953704834,0.30956852436065674
"(76, 107)",0.12487383538151331,0.10452255606651306,0.377015084028244,0.33121708035469055
"(76, 108)",0.07445337803964946,0.06296375393867493,0.2588993310928345,0.2875765562057495
"(76, 109)",0.11776570092793293,0.13066665828227997,0.2569546699523926,0.45831313729286194
"(76, 110)",0.09802073530365263,0.09147877246141434,0.28158125281333923,0.348108172416687
"(76, 111)",0.1414049877508914,0.09147736430168152,0.37691500782966614,0.37516412138938904
"(77, 94)",0.11433047108334016,0.13175490498542786,0.15856881439685822,0.7210148572921753
"(77, 95)",0.24199855879957965,0.15506476163864136,0.4463331699371338,0.5421926379203796
"(77, 96)",0.16206368677611493,0.14374558627605438,0.2327270805835724,0.6963679790496826
"(77, 97)",0.19713791231164635,0.14955876767635345,0.4463313817977905,0.4416850805282593
"(77, 98)",0.1610601007520991,0.10880592465400696,0.3762364685535431,0.42808210849761963
"(77, 99)",0.21543154214225524,0.12751463055610657,0.40871310234069824,0.527097225189209
"(77, 100)",0.07959919393582027,0.09444604814052582,0.1467313915491104,0.5424823760986328
"(77, 101)",0.2315232854978202,0.1474991738796234,0.3453983962535858,0.6703079342842102
"(77, 102)",0.11172753494723864,0.0915067121386528,0.2723584771156311,0.4102223515510559
"(77, 103)",0.24983717555207008,0.1807883232831955,0.500914454460144,0.4987621605396271
"(77, 104)",0.291834596833354,0.14828044176101685,0.49459540843963623,0.5900471210479736
"(77, 105)",0.21478310287987057,0.1499931663274765,0.36930549144744873,0.5815865397453308
"(77, 106)",0.12308440952191457,0.10003627836704254,0.20695437490940094,0.5947417616844177
"(77, 107)",0.2545923892766666,0.16673529148101807,0.4186630845069885,0.6081080436706543
"(77, 108)",0.0789451333868989,0.06808701157569885,0.15290123224258423,0.5163145661354065
"(77, 109)",0.1725604475385456,0.19019900262355804,0.2373761683702469,0.7269493341445923
"(77, 110)",0.1815824048448178,0.12727364897727966,0.2881777286529541,0.6301056146621704
"(77, 111)",0.10647531609262018,0.11239206790924072,0.1822330355644226,0.5842810869216919
"(78, 94)",0.1588969381750296,0.12671056389808655,0.2928876280784607,0.5425184369087219
"(78, 95)",0.14875536299250314,0.13448673486709595,0.4677402973175049,0.31802982091903687
"(78, 96)",0.17327924263272187,0.1540057212114334,0.35915324091911316,0.48246604204177856
"(78, 97)",0.20033375585558844,0.16855326294898987,0.5438128113746643,0.3683873414993286
"(78, 98)",0.17581682832242862,0.13991385698318481,0.4617761969566345,0.38074034452438354
"(78, 99)",0.22757540994038195,0.17387095093727112,0.5386340022087097,0.422504723072052
"(78, 100)",0.09580973459676478,0.1030622348189354,0.2652170956134796,0.36125022172927856
"(78, 101)",0.22805749716211032,0.16703003644943237,0.47435563802719116,0.4807732403278351
"(78, 102)",0.14615080524227153,0.1204628273844719,0.37855592370033264,0.3860745429992676
"(78, 103)",0.1418779855505452,0.15068307518959045,0.496142715215683,0.2859620451927185
"(78, 104)",0.2611401098587436,0.15131552517414093,0.5547250509262085,0.470755934715271
"(78, 105)",0.18515762802470093,0.16193965077400208,0.5051573514938354,0.366534560918808
"(78, 106)",0.17786579450437046,0.12470969557762146,0.378301203250885,0.4701697826385498
"(78, 107)",0.22007892898102455,0.16509999334812164,0.5168628692626953,0.4257975220680237
"(78, 108)",0.12891093361710482,0.11018798500299454,0.2749019265174866,0.4689342677593231
"(78, 109)",0.18880533315284254,0.17679303884506226,0.3171340227127075,0.5953487157821655
"(78, 110)",0.18175108252374628,0.14098507165908813,0.40203872323036194,0.4520735740661621
"(78, 111)",0.1758844333961207,0.12147372215986252,0.3533536195755005,0.49775755405426025
"(79, 94)",0.12572366030254578,0.10217314213514328,0.2583959996700287,0.48655420541763306
"(79, 95)",0.09374301529964324,0.0933084785938263,0.3832589089870453,0.2445944845676422
"(79, 96)",0.12181111431244496,0.1456652283668518,0.26109686493873596,0.46653610467910767
"(79, 97)",0.08694646978333331,0.10532548278570175,0.3882787823677063,0.22392794489860535
"(79, 98)",0.05554602561984545,0.050698377192020416,0.26535564661026,0.20932671427726746
"(79, 99)",0.11691183284945694,0.0959106832742691,0.42205673456192017,0.27700501680374146
"(79, 100)",0.07497036117147271,0.08815476298332214,0.21494117379188538,0.3487947881221771
"(79, 101)",0.15686563652614893,0.09374769777059555,0.43296706676483154,0.36230385303497314
"(79, 102)",0.06603340827304738,0.06431680917739868,0.2423841506242752,0.2724328637123108
"(79, 103)",0.10256681097385467,0.10687118768692017,0.4470386505126953,0.22943611443042755
"(79, 104)",0.1516265439365112,0.0969303548336029,0.431919127702713,0.3510530889034271
"(79, 105)",0.1091587219048673,0.10188023746013641,0.38437172770500183,0.28399258852005005
"(79, 106)",0.0554864115939413,0.07516555488109589,0.18111833930015564,0.30635446310043335
"(79, 107)",0.09699773905555631,0.10175985842943192,0.33659952878952026,0.2881695628166199
"(79, 108)",0.05344493485292201,0.08653728663921356,0.15386435389518738,0.34735098481178284
"(79, 109)",0.15935607767509907,0.15911953151226044,0.30232712626457214,0.5270981788635254
"(79, 110)",0.08295602797962776,0.08356288820505142,0.24726995825767517,0.3354876935482025
"(79, 111)",0.17368856762129958,0.10354164242744446,0.399654358625412,0.4345969557762146
"(80, 94)",0.18801505776126604,0.15449225902557373,0.4172751307487488,0.45057815313339233
"(80, 95)",0.12368775854762148,0.13776811957359314,0.5513317584991455,0.22434361279010773
"(80, 96)",0.16709989371995881,0.1494395136833191,0.3699565529823303,0.45167437195777893
"(80, 97)",0.17513966717162077,0.2605450749397278,0.6264259219169617,0.279585599899292
"(80, 98)",0.10132583707467191,0.10213204473257065,0.437884658575058,0.23139846324920654
"(80, 99)",0.2087475113755488,0.2064344882965088,0.588354229927063,0.3547990322113037
"(80, 100)",0.10553751732000904,0.11395925283432007,0.3386065363883972,0.311681866645813
"(80, 101)",0.188427530005697,0.12054354697465897,0.5308389663696289,0.3549617528915405
"(80, 102)",0.1618726074807526,0.20893320441246033,0.5068632364273071,0.31936150789260864
"(80, 103)",0.0941435087362752,0.1336749792098999,0.5575965046882629,0.16883805394172668
"(80, 104)",0.2798919053797455,0.21568575501441956,0.669188380241394,0.4182557761669159
"(80, 105)",0.16590651823295843,0.16160757839679718,0.5693180561065674,0.29141271114349365
"(80, 106)",0.1139687344934357,0.12626273930072784,0.3355553448200226,0.33964213728904724
"(80, 107)",0.1561749169904525,0.17125046253204346,0.4811568558216095,0.32458212971687317
"(80, 108)",0.0924567288639917,0.10819467157125473,0.27251508831977844,0.3392719626426697
"(80, 109)",0.16053274399753548,0.17132261395454407,0.32421374320983887,0.495144784450531
"(80, 110)",0.1294861533848346,0.13785922527313232,0.37911203503608704,0.34155115485191345
"(80, 111)",0.171215293587613,0.12120168656110764,0.45864614844322205,0.3733058571815491
"(81, 94)",0.11899053548783911,0.11682078242301941,0.19874179363250732,0.5987192392349243
"(81, 95)",0.1752683008699707,0.12374021112918854,0.4036860167980194,0.43416985869407654
"(81, 96)",0.12197339915536531,0.10856802761554718,0.21468496322631836,0.5681506395339966
"(81, 97)",0.1757750536425089,0.13768193125724792,0.43752509355545044,0.40174850821495056
"(81, 98)",0.10230861152086845,0.07047761231660843,0.30574750900268555,0.3346179723739624
"(81, 99)",0.19790532840256247,0.14626605808734894,0.4261983036994934,0.4643503427505493
"(81, 100)",0.11315219044246039,0.10930091142654419,0.2349366694688797,0.4816284775733948
"(81, 101)",0.12725730389918333,0.09394669532775879,0.2887515425682068,0.44071558117866516
"(81, 102)",0.11908682145298144,0.09316373616456985,0.30997705459594727,0.3841794729232788
"(81, 103)",0.15044255245578064,0.15406730771064758,0.3908139169216156,0.3849467635154724
"(81, 104)",0.24051878355376743,0.1350015103816986,0.4355909824371338,0.5521665811538696
"(81, 105)",0.14279726446270757,0.10271506011486053,0.35412776470184326,0.4032365679740906
"(81, 106)",0.0932463372277681,0.07169780135154724,0.2093161642551422,0.4454808235168457
"(81, 107)",0.1464283780528861,0.1126510351896286,0.3070848882198334,0.4768335521221161
"(81, 108)",0.08420707571235297,0.06315027177333832,0.1893664300441742,0.4446779489517212
"(81, 109)",0.11986536343526666,0.1386120319366455,0.2023550271987915,0.5923517942428589
"(81, 110)",0.13026897984645913,0.1119789406657219,0.2392067313194275,0.5445874333381653
"(81, 111)",0.1360402209808953,0.09727799892425537,0.27969542145729065,0.4863870143890381
"(82, 94)",0.19829351401324047,0.1649608016014099,0.2823478877544403,0.702302098274231
"(82, 95)",0.24619132352087725,0.19936485588550568,0.5037854313850403,0.48868289589881897
"(82, 96)",0.2318995673152724,0.21032828092575073,0.337850958108902,0.686396062374115
"(82, 97)",0.2760570107115967,0.2516748309135437,0.5417498350143433,0.5095654726028442
"(82, 98)",0.1722002747186302,0.11821607500314713,0.40614697337150574,0.4239851236343384
"(82, 99)",0.33726488475144834,0.2223370373249054,0.5717812776565552,0.5898494720458984
"(82, 100)",0.21977026398273125,0.16992130875587463,0.35075104236602783,0.6265705227851868
"(82, 101)",0.2776707204737825,0.17963910102844238,0.4613955616950989,0.6018062233924866
"(82, 102)",0.18341255841589543,0.16024531424045563,0.3708774149417877,0.4945368766784668
"(82, 103)",0.23946749654959376,0.20836138725280762,0.534644365310669,0.44790053367614746
"(82, 104)",0.32911970730063445,0.22308406233787537,0.5369698405265808,0.6129202842712402
"(82, 105)",0.31102107011166424,0.21515166759490967,0.5332196950912476,0.5832887887954712
"(82, 106)",0.18580115192396818,0.14540737867355347,0.31670230627059937,0.5866744518280029
"(82, 107)",0.2753281301992594,0.22437697649002075,0.4696795344352722,0.5862042307853699
"(82, 108)",0.13059236686981812,0.12162330746650696,0.23410563170909882,0.5578352212905884
"(82, 109)",0.2352595523400609,0.25066834688186646,0.32965633273124695,0.7136509418487549
"(82, 110)",0.21077179590520245,0.18243354558944702,0.33504295349121094,0.6290888786315918
"(82, 111)",0.20875196848817978,0.1583978682756424,0.33817845582962036,0.6172834634780884
"(83, 94)",0.17498832004461917,0.1705053150653839,0.3732515573501587,0.4688214063644409
"(83, 95)",0.15740823109968005,0.14130569994449615,0.5171947479248047,0.30435001850128174
"(83, 96)",0.15064325506303078,0.14952529966831207,0.32586878538131714,0.4622819423675537
"(83, 97)",0.17579298603325455,0.17461144924163818,0.5684372186660767,0.3092566430568695
"(83, 98)",0.16821226199225237,0.1663939654827118,0.5002148151397705,0.33628004789352417
"(83, 99)",0.2027577971586041,0.1893794685602188,0.5474955439567566,0.3703368902206421
"(83, 100)",0.16224985464123876,0.1697618067264557,0.41254162788391113,0.3932932913303375
"(83, 101)",0.22249279695095936,0.15396471321582794,0.5317748785018921,0.41839659214019775
"(83, 102)",0.17693960530493769,0.1601717621088028,0.4745216369628906,0.3728799521923065
"(83, 103)",0.14013793837971633,0.15411433577537537,0.4929792881011963,0.284267395734787
"(83, 104)",0.17871907239801033,0.1293673813343048,0.48824790120124817,0.3660416603088379
"(83, 105)",0.17022563969467797,0.13990692794322968,0.512495756149292,0.33215034008026123
"(83, 106)",0.13766969487841152,0.12305859476327896,0.3548964262008667,0.38791513442993164
"(83, 107)",0.17387449798719334,0.14994396269321442,0.4786711633205414,0.3632441461086273
"(83, 108)",0.1155975505460729,0.13527601957321167,0.31077298521995544,0.3719678223133087
"(83, 109)",0.16135176065780854,0.1933269500732422,0.32521331310272217,0.49614131450653076
"(83, 110)",0.16640193738867382,0.15404856204986572,0.3938246965408325,0.422527939081192
"(83, 111)",0.21059000922275928,0.18341204524040222,0.49160921573638916,0.4283687174320221
"(84, 94)",0.14154794322947595,0.15331228077411652,0.32794293761253357,0.4316236972808838
"(84, 95)",0.12408727178370249,0.13103491067886353,0.46091923117637634,0.26921695470809937
"(84, 96)",0.14919119524186897,0.1760995090007782,0.31498417258262634,0.4736466407775879
"(84, 97)",0.22884534125268274,0.27876976132392883,0.6125835180282593,0.3735741078853607
"(84, 98)",0.14722419292539968,0.15125413239002228,0.44876742362976074,0.3280634582042694
"(84, 99)",0.21055736775204892,0.20199188590049744,0.534326434135437,0.39406129717826843
"(84, 100)",0.11499481571174641,0.15418285131454468,0.3390108048915863,0.3392069339752197
"(84, 101)",0.17983765389889772,0.11112429201602936,0.4577600061893463,0.39286449551582336
"(84, 102)",0.2041713068902027,0.23079964518547058,0.49676513671875,0.41100168228149414
"(84, 103)",0.1073260870006365,0.1348954439163208,0.4633980989456177,0.23160666227340698
"(84, 104)",0.2324478362238125,0.19212603569030762,0.5505552887916565,0.42220616340637207
"(84, 105)",0.1743716434843261,0.159225195646286,0.4898071587085724,0.3560006022453308
"(84, 106)",0.14601005655622146,0.13444218039512634,0.37223559617996216,0.39225172996520996
"(84, 107)",0.17243032305850647,0.17445336282253265,0.45624974370002747,0.3779296875
"(84, 108)",0.112350692671626,0.14422014355659485,0.29820704460144043,0.3767539858818054
"(84, 109)",0.16745919638832873,0.20883487164974213,0.3190593123435974,0.5248528718948364
"(84, 110)",0.16937871011294625,0.18401965498924255,0.3886057436466217,0.43586260080337524
"(84, 111)",0.18358469861209414,0.15984079241752625,0.43447327613830566,0.4225454330444336
"(85, 94)",0.09420822291903885,0.1169624775648117,0.150703564286232,0.6251227259635925
"(85, 95)",0.12910860980135297,0.10966667532920837,0.30991265177726746,0.41659677028656006
"(85, 96)",0.11774852962016347,0.1251947283744812,0.193966343998909,0.6070564985275269
"(85, 97)",0.1580183753036959,0.1290017068386078,0.41160252690315247,0.3839101195335388
"(85, 98)",0.12264102428632384,0.1176559254527092,0.31047481298446655,0.39501118659973145
"(85, 99)",0.16542273502530236,0.1419622302055359,0.34688234329223633,0.47688427567481995
"(85, 100)",0.08143538649356685,0.10610603541135788,0.16840004920959473,0.48358291387557983
"(85, 101)",0.1535325369467273,0.10831044614315033,0.2809772491455078,0.5464233756065369
"(85, 102)",0.1319696140753983,0.1286897212266922,0.28574830293655396,0.46183866262435913
"(85, 103)",0.13583605382883057,0.12185952812433243,0.34341007471084595,0.39555057883262634
"(85, 104)",0.20223516456735524,0.12260010838508606,0.39408111572265625,0.5131815671920776
"(85, 105)",0.14625154806253704,0.11996838450431824,0.31707000732421875,0.46125948429107666
"(85, 106)",0.1012636452875757,0.0925770103931427,0.20118150115013123,0.503344714641571
"(85, 107)",0.14551171657129736,0.12351575493812561,0.3043055832386017,0.4781762957572937
"(85, 108)",0.06181534342504236,0.0691276490688324,0.1486620306968689,0.4158112406730652
"(85, 109)",0.11386619401993592,0.15331846475601196,0.18222787976264954,0.6248560547828674
"(85, 110)",0.11931604742354551,0.10972731560468674,0.2321522831916809,0.5139559507369995
"(85, 111)",0.10188948644515605,0.0909615010023117,0.20756733417510986,0.49087437987327576
"(86, 94)",0.11657029817493836,0.1326780468225479,0.2108387053012848,0.5528885126113892
"(86, 95)",0.17701999227976462,0.17627015709877014,0.4771994650363922,0.3709559738636017
"(86, 96)",0.16884216911894612,0.18529076874256134,0.28147292137145996,0.5998522639274597
"(86, 97)",0.16531945426162054,0.1947995126247406,0.5255300998687744,0.31457656621932983
"(86, 98)",0.10862259014484721,0.08696793019771576,0.3831333816051483,0.2835111618041992
"(86, 99)",0.18924813027867238,0.14792215824127197,0.4851498305797577,0.39008182287216187
"(86, 100)",0.0877073622622504,0.1035827249288559,0.23402392864227295,0.37477946281433105
"(86, 101)",0.2051095434340553,0.16059157252311707,0.3978840112686157,0.5155008435249329
"(86, 102)",0.11166189236734425,0.0983581393957138,0.3579484224319458,0.3119496703147888
"(86, 103)",0.17406348452461806,0.2092674970626831,0.49813932180404663,0.34942731261253357
"(86, 104)",0.2244773609091908,0.1669696569442749,0.4929358959197998,0.45538854598999023
"(86, 105)",0.20735213275301323,0.20102724432945251,0.48345693945884705,0.4288947284221649
"(86, 106)",0.14141318960760874,0.1234540343284607,0.29295727610588074,0.48270925879478455
"(86, 107)",0.2574082984594064,0.2078491747379303,0.5068177580833435,0.5078912377357483
"(86, 108)",0.07674761214237158,0.09250211715698242,0.2003784477710724,0.3830133080482483
"(86, 109)",0.1748435036264553,0.20263752341270447,0.27568501234054565,0.6342147588729858
"(86, 110)",0.1608656636599335,0.1480201631784439,0.34246826171875,0.46972429752349854
"(86, 111)",0.126704558270335,0.13403964042663574,0.26702290773391724,0.4745081961154938
"(87, 94)",0.08732190292322173,0.08171240240335464,0.14834237098693848,0.5886511206626892
"(87, 95)",0.1628367058490916,0.09998832643032074,0.4021816849708557,0.4048834443092346
"(87, 96)",0.09216438466858445,0.06656722724437714,0.16038145124912262,0.5746573805809021
"(87, 97)",0.14118614539583518,0.1057400181889534,0.39034104347229004,0.3616994619369507
"(87, 98)",0.12758217830014473,0.08884081244468689,0.3769512176513672,0.3384580612182617
"(87, 99)",0.17556418564248677,0.10111363977193832,0.40477094054222107,0.4337371289730072
"(87, 100)",0.07626298968113465,0.07186344265937805,0.17496035993099213,0.43588724732398987
"(87, 101)",0.11827929316496011,0.07945405691862106,0.2506970167160034,0.4718017578125
"(87, 102)",0.10254236031970443,0.06335477530956268,0.3281348645687103,0.31250065565109253
"(87, 103)",0.15874624978301455,0.11842136085033417,0.42952609062194824,0.3695846498012543
"(87, 104)",0.18996115222583398,0.09849761426448822,0.37263503670692444,0.5097780227661133
"(87, 105)",0.10322622930858838,0.07858762890100479,0.24791279435157776,0.41638121008872986
"(87, 106)",0.05225663770878852,0.059589140117168427,0.11983007937669754,0.43608948588371277
"(87, 107)",0.15942280431695366,0.10490021109580994,0.32763731479644775,0.4865831732749939
"(87, 108)",0.06142859999001615,0.0484793558716774,0.15648368000984192,0.39255595207214355
"(87, 109)",0.12377251591554739,0.10229463130235672,0.21213698387145996,0.5834556221961975
"(87, 110)",0.09770882294020389,0.07529927790164948,0.19593757390975952,0.4986732304096222
"(87, 111)",0.07888782184199528,0.062259770929813385,0.18114790320396423,0.4354884624481201
"(88, 94)",0.11403629486308109,0.1342533677816391,0.18381045758724213,0.6204015612602234
"(88, 95)",0.2047896666474811,0.15352508425712585,0.44843146204948425,0.45667997002601624
"(88, 96)",0.09858278710144397,0.12248437106609344,0.16453561186790466,0.5991577506065369
"(88, 97)",0.16436860877893622,0.1494869589805603,0.4364432096481323,0.3766093850135803
"(88, 98)",0.1480512669855969,0.13441191613674164,0.41568541526794434,0.35616180300712585
"(88, 99)",0.1976316348003948,0.16455447673797607,0.42501434683799744,0.4649999141693115
"(88, 100)",0.09738872983838931,0.10664661973714828,0.20375195145606995,0.47797691822052
"(88, 101)",0.1548092783390853,0.1358017921447754,0.2936325967311859,0.5272210240364075
"(88, 102)",0.15494462277517584,0.13073799014091492,0.3904905617237091,0.39679479598999023
"(88, 103)",0.20637945493946575,0.19074587523937225,0.47019946575164795,0.43891894817352295
"(88, 104)",0.27460614563653607,0.1686522364616394,0.4875665605068207,0.5632177591323853
"(88, 105)",0.13316448420181715,0.12983974814414978,0.30493009090423584,0.43670496344566345
"(88, 106)",0.08262677650790096,0.0911160334944725,0.17523205280303955,0.47152775526046753
"(88, 107)",0.19965732731981056,0.16549190878868103,0.3784230053424835,0.5276035666465759
"(88, 108)",0.08313268944557528,0.07716140151023865,0.18566575646400452,0.44775456190109253
"(88, 109)",0.11061430784806703,0.15300624072551727,0.1874476671218872,0.5901076793670654
"(88, 110)",0.12977917385656568,0.13106918334960938,0.25143757462501526,0.5161486864089966
"(88, 111)",0.10305123659041371,0.10141226649284363,0.21395838260650635,0.4816415011882782
"(89, 94)",0.18557916840484268,0.2352222055196762,0.242409348487854,0.7655611038208008
"(89, 95)",0.2726377352467324,0.22413206100463867,0.4363189935684204,0.6248587369918823
"(89, 96)",0.16332783695479236,0.1829701066017151,0.22509729862213135,0.7255877256393433
"(89, 97)",0.22720963797993576,0.21308690309524536,0.4502832293510437,0.5045927166938782
"(89, 98)",0.13347318265005015,0.14182469248771667,0.28326743841171265,0.47119140625
"(89, 99)",0.2329262269687291,0.20924565196037292,0.40126627683639526,0.5804779529571533
"(89, 100)",0.14535150740453417,0.19792217016220093,0.2201579511165619,0.6602146625518799
"(89, 101)",0.2942116451416439,0.2038322538137436,0.42242681980133057,0.6964795589447021
"(89, 102)",0.15769582047081343,0.15384358167648315,0.29062822461128235,0.5426032543182373
"(89, 103)",0.2849876560266651,0.24056097865104675,0.4811146855354309,0.5923486948013306
"(89, 104)",0.3143269888311906,0.2062486857175827,0.4713299572467804,0.666893720626831
"(89, 105)",0.2039065867884915,0.18535463511943817,0.35307079553604126,0.5775232315063477
"(89, 106)",0.11518986755447003,0.13715291023254395,0.20351310074329376,0.566007137298584
"(89, 107)",0.1812585683111756,0.18469077348709106,0.30786070227622986,0.5887681245803833
"(89, 108)",0.06506301161405936,0.09313774108886719,0.12835733592510223,0.5068897008895874
"(89, 109)",0.15632341839051556,0.23897141218185425,0.21632453799247742,0.7226337790489197
"(89, 110)",0.17341510201308097,0.15522485971450806,0.2675270140171051,0.6482152938842773
"(89, 111)",0.16256331496634857,0.1725969910621643,0.25418609380722046,0.6395444869995117
"(90, 94)",0.08593159015351226,0.12675723433494568,0.3136211037635803,0.27399811148643494
"(90, 95)",0.0649777350682812,0.12767177820205688,0.4334910213947296,0.14989407360553741
"(90, 96)",0.0932211495604296,0.13597939908504486,0.29185861349105835,0.3194051682949066
"(90, 97)",0.10852209974880367,0.21916569769382477,0.5240902900695801,0.2070675641298294
"(90, 98)",0.07476276667904447,0.09350625425577164,0.3642962574958801,0.20522518455982208
"(90, 99)",0.1226793400561732,0.18309658765792847,0.46900951862335205,0.26157110929489136
"(90, 100)",0.05413093834385618,0.0899924635887146,0.24819315969944,0.21810004115104675
"(90, 101)",0.1244174577659578,0.1299564242362976,0.444301575422287,0.280029296875
"(90, 102)",0.10217147054903108,0.13703981041908264,0.4004995822906494,0.2551100552082062
"(90, 103)",0.0457095195154249,0.12188931554555893,0.4148758351802826,0.11017638444900513
"(90, 104)",0.14529717583850754,0.15528488159179688,0.5250235199928284,0.27674412727355957
"(90, 105)",0.0894775285243039,0.15805459022521973,0.46845656633377075,0.19100496172904968
"(90, 106)",0.0907825239011153,0.11995512992143631,0.3431156873703003,0.2645828425884247
"(90, 107)",0.0955107830725126,0.16546763479709625,0.40592527389526367,0.23529154062271118
"(90, 108)",0.06481250888121437,0.10892955213785172,0.2537335753440857,0.2554352879524231
"(90, 109)",0.11772757362824038,0.16796866059303284,0.30283433198928833,0.38875240087509155
"(90, 110)",0.09048206418658289,0.13261032104492188,0.37325066328048706,0.2424163520336151
"(90, 111)",0.1277564044745283,0.12411002069711685,0.4120118319988251,0.3100794553756714
"(91, 94)",0.14659750582241315,0.13973399996757507,0.2520068883895874,0.581720232963562
"(91, 95)",0.1720714191474002,0.16091537475585938,0.43820855021476746,0.3926701545715332
"(91, 96)",0.14832479223070294,0.14479583501815796,0.27120858430862427,0.5469030141830444
"(91, 97)",0.1679862155929719,0.16889378428459167,0.4753223657608032,0.3534153401851654
"(91, 98)",0.12225729698513632,0.09279568493366241,0.35199323296546936,0.3473285436630249
"(91, 99)",0.27980147185211024,0.25338494777679443,0.5341959595680237,0.5237805843353271
"(91, 100)",0.16138265468582347,0.13919930160045624,0.3365265130996704,0.47955405712127686
"(91, 101)",0.15909415133000238,0.12994393706321716,0.3452994227409363,0.4607425928115845
"(91, 102)",0.11206667893253908,0.1198124885559082,0.3084496259689331,0.3633224666118622
"(91, 103)",0.14943222541130652,0.17271766066551208,0.46319061517715454,0.32261496782302856
"(91, 104)",0.2160130491923562,0.16398409008979797,0.45421430468559265,0.47557517886161804
"(91, 105)",0.23538704801113397,0.23141860961914062,0.5120079517364502,0.45973318815231323
"(91, 106)",0.1566947634521334,0.16975265741348267,0.32647278904914856,0.47996270656585693
"(91, 107)",0.17392943669534944,0.15156477689743042,0.4014333486557007,0.43327102065086365
"(91, 108)",0.09878655024867511,0.0968635082244873,0.23624561727046967,0.4181518852710724
"(91, 109)",0.1645662423791805,0.18294675648212433,0.2666902542114258,0.6170688271522522
"(91, 110)",0.15125880639808997,0.1313067227602005,0.30151450634002686,0.5016634464263916
"(91, 111)",0.14762382407036156,0.13820762932300568,0.2870423495769501,0.51429283618927
"(92, 94)",0.1266602011020055,0.15333741903305054,0.18095126748085022,0.6999685764312744
"(92, 95)",0.20412446518336402,0.15967020392417908,0.36342665553092957,0.5616661906242371
"(92, 96)",0.1467533470540907,0.16430380940437317,0.20421084761619568,0.7186363935470581
"(92, 97)",0.22719503869539537,0.17615815997123718,0.4334646761417389,0.5241373777389526
"(92, 98)",0.1229731493486419,0.0919540524482727,0.2726014256477356,0.45110970735549927
"(92, 99)",0.20667509447446442,0.14746007323265076,0.36751893162727356,0.5623522400856018
"(92, 100)",0.11970841193187809,0.12866681814193726,0.20161491632461548,0.5937477946281433
"(92, 101)",0.17343662582400832,0.13691583275794983,0.27605995535850525,0.6282570958137512
"(92, 102)",0.13683312637558487,0.11866804212331772,0.27889376878738403,0.49062812328338623
"(92, 103)",0.22534437079139025,0.2197369486093521,0.39063262939453125,0.576870322227478
"(92, 104)",0.23997354400729165,0.15372605621814728,0.3831995129585266,0.6262365579605103
"(92, 105)",0.2151265121660586,0.14553973078727722,0.3580120801925659,0.6008917689323425
"(92, 106)",0.10486805954381673,0.10147210955619812,0.1809593290090561,0.5795117616653442
"(92, 107)",0.18610243899744816,0.15679028630256653,0.3139168918132782,0.5928398370742798
"(92, 108)",0.07105559609120427,0.07963725924491882,0.13290707767009735,0.5346261262893677
"(92, 109)",0.14922745235521973,0.18979212641716003,0.21083855628967285,0.707780659198761
"(92, 110)",0.16286294166292947,0.1596670001745224,0.2461799532175064,0.6615605354309082
"(92, 111)",0.15653489097811324,0.1388542354106903,0.251185804605484,0.6231836676597595
"(93, 94)",0.17079353035533984,0.16006891429424286,0.3233805298805237,0.5281503200531006
"(93, 95)",0.18849673938504985,0.14696004986763,0.5601864457130432,0.3364892899990082
"(93, 96)",0.2249123281706389,0.2316865175962448,0.39282524585723877,0.5725505948066711
"(93, 97)",0.16249876707948374,0.18034496903419495,0.5466486811637878,0.29726362228393555
"(93, 98)",0.12566307983482972,0.10671679675579071,0.43093693256378174,0.29160434007644653
"(93, 99)",0.20452269590368388,0.17545318603515625,0.5572831630706787,0.3669995963573456
"(93, 100)",0.11680973397105987,0.15137705206871033,0.2987210750579834,0.39103278517723083
"(93, 101)",0.1914000093495778,0.11146460473537445,0.4733288586139679,0.4043700397014618
"(93, 102)",0.11534213350573808,0.12017174810171127,0.40895241498947144,0.282042920589447
"(93, 103)",0.17991543972738455,0.1743525117635727,0.5300723314285278,0.3394167721271515
"(93, 104)",0.23872279657072681,0.15633660554885864,0.570347785949707,0.4185565412044525
"(93, 105)",0.19640832300526867,0.15402689576148987,0.5053278207778931,0.3886750638484955
"(93, 106)",0.13312850492583905,0.11666473746299744,0.3282293677330017,0.40559595823287964
"(93, 107)",0.16129624450526237,0.15791194140911102,0.4399875998497009,0.3665927052497864
"(93, 108)",0.09679339425824729,0.10124337673187256,0.2658221423625946,0.3641284108161926
"(93, 109)",0.1854397881834302,0.22453486919403076,0.32881444692611694,0.56396484375
"(93, 110)",0.19306745843758932,0.1579577922821045,0.3855225741863251,0.5007941722869873
"(93, 111)",0.165296274935816,0.14108160138130188,0.39324653148651123,0.4203375279903412
"(112, 122)",0.32260793045651326,0.24634899199008942,0.543318510055542,0.5937731266021729
"(112, 123)",0.2337069788366648,0.16685578227043152,0.4328457713127136,0.5399312973022461
"(112, 124)",0.3399682361360874,0.21022962033748627,0.5469205379486084,0.6216044425964355
"(112, 125)",0.3201210628512925,0.2338024526834488,0.5570052862167358,0.574718177318573
"(112, 126)",0.17066053477905996,0.10824919492006302,0.3978095054626465,0.4290006458759308
"(112, 127)",0.18737316559573003,0.13028734922409058,0.40153205394744873,0.46664559841156006
"(112, 128)",0.22444714863756232,0.16230182349681854,0.46095186471939087,0.4869210124015808
"(112, 129)",0.2718221399425147,0.1583486944437027,0.5219173431396484,0.5208145380020142
"(112, 130)",0.17998229674921618,0.16350394487380981,0.3265187740325928,0.5512157678604126
"(112, 131)",0.17352778919114797,0.13504862785339355,0.33058926463127136,0.5249044895172119
"(113, 122)",0.3673092316321416,0.3214101195335388,0.5130786299705505,0.7158926725387573
"(113, 123)",0.26258019412097156,0.2023119479417801,0.38895654678344727,0.6750887632369995
"(113, 124)",0.4786269544178694,0.3839954137802124,0.6322421431541443,0.7570310831069946
"(113, 125)",0.38064816693994885,0.29229772090911865,0.5572665333747864,0.6830630302429199
"(113, 126)",0.25250851772241845,0.16179054975509644,0.4402734041213989,0.5735266208648682
"(113, 127)",0.2280274675711791,0.19079576432704926,0.4040129482746124,0.5644063353538513
"(113, 128)",0.2800549874478975,0.20498132705688477,0.44322532415390015,0.6318569183349609
"(113, 129)",0.3934099853440429,0.26655113697052,0.5931575894355774,0.6632469892501831
"(113, 130)",0.2023217041046106,0.21926474571228027,0.2975740134716034,0.6799038052558899
"(113, 131)",0.20671135351350856,0.16876301169395447,0.30276697874069214,0.6827407479286194
"(114, 122)",0.34581924736093583,0.33512598276138306,0.5005944967269897,0.69081711769104
"(114, 123)",0.2582315345074093,0.2156371772289276,0.4332984685897827,0.5959668755531311
"(114, 124)",0.451980995517296,0.3628772795200348,0.6135829091072083,0.7366257905960083
"(114, 125)",0.34028694723490815,0.29162514209747314,0.5294638276100159,0.6427010297775269
"(114, 126)",0.22449311614275302,0.14822760224342346,0.4159989356994629,0.5396482944488525
"(114, 127)",0.21700921814976226,0.1948850005865097,0.3899375796318054,0.5565229654312134
"(114, 128)",0.28004002915929505,0.23946547508239746,0.44617700576782227,0.627643346786499
"(114, 129)",0.45783999531336406,0.33734267950057983,0.632877767086029,0.7234256267547607
"(114, 130)",0.2129499429714059,0.23238793015480042,0.33467644453048706,0.6362860202789307
"(114, 131)",0.2109541153902228,0.19787511229515076,0.3544269800186157,0.5951976776123047
"(115, 122)",0.16199679037309878,0.2073594629764557,0.2620190680027008,0.6182633638381958
"(115, 123)",0.12868734006216975,0.1335192322731018,0.23887941241264343,0.5387125611305237
"(115, 124)",0.23939051613300677,0.2029864490032196,0.379737913608551,0.630409836769104
"(115, 125)",0.2648347222082421,0.22913764417171478,0.43749290704727173,0.6053463220596313
"(115, 126)",0.1369461293079013,0.11237218976020813,0.2671596109867096,0.5126004219055176
"(115, 127)",0.13493226407655712,0.14268085360527039,0.29343801736831665,0.45983225107192993
"(115, 128)",0.17504283429202872,0.1504129022359848,0.3331979513168335,0.5253418684005737
"(115, 129)",0.20644683984747125,0.1564333587884903,0.38455548882484436,0.5368453860282898
"(115, 130)",0.09750948507917201,0.1271233856678009,0.17106707394123077,0.57000732421875
"(115, 131)",0.092608499105296,0.09077267348766327,0.16689318418502808,0.5548968315124512
"(116, 122)",0.35953764866881954,0.3800688683986664,0.5272066593170166,0.6819671988487244
"(116, 123)",0.24390552943086163,0.2011723518371582,0.40405356884002686,0.6036465167999268
"(116, 124)",0.37968123160363376,0.29370179772377014,0.5437348484992981,0.6982837915420532
"(116, 125)",0.34222236097513203,0.2887377142906189,0.5292431712150574,0.6466259360313416
"(116, 126)",0.24456723151332938,0.14019675552845,0.4525110721588135,0.540466845035553
"(116, 127)",0.2130746335672029,0.17088830471038818,0.38823023438453674,0.5488357543945312
"(116, 128)",0.27282461120880086,0.1772836148738861,0.46350541710853577,0.5886114835739136
"(116, 129)",0.3470212452506871,0.17946091294288635,0.5677652359008789,0.611205518245697
"(116, 130)",0.23983314368570063,0.21893218159675598,0.3644218444824219,0.6581195592880249
"(116, 131)",0.22669032560459357,0.1822870969772339,0.3569539785385132,0.6350687742233276
"(117, 122)",0.22932511827548296,0.2040870040655136,0.3366100788116455,0.6812782287597656
"(117, 123)",0.17150151381526157,0.1419067680835724,0.27534422278404236,0.6228622198104858
"(117, 124)",0.37683372181686536,0.2854499816894531,0.5174989700317383,0.7281825542449951
"(117, 125)",0.3305693496938442,0.23930738866329193,0.4771401584148407,0.6928139328956604
"(117, 126)",0.20485060014742373,0.12126343697309494,0.3449901342391968,0.5937868356704712
"(117, 127)",0.19452501543642597,0.153206467628479,0.3469652235507965,0.5606470108032227
"(117, 128)",0.2052450720751544,0.15051232278347015,0.33699315786361694,0.6090481877326965
"(117, 129)",0.373497956611498,0.23780831694602966,0.545965850353241,0.6841049790382385
"(117, 130)",0.12294076326069536,0.12486998736858368,0.19012662768363953,0.6466256976127625
"(117, 131)",0.12604025325153856,0.09145860373973846,0.19849641621112823,0.6349749565124512
"(119, 122)",0.22878825723921636,0.17325398325920105,0.3849479556083679,0.5943355560302734
"(119, 123)",0.1650849007061126,0.11479303240776062,0.2967739701271057,0.5562647581100464
"(119, 124)",0.27214979151665375,0.1675630509853363,0.4366631507873535,0.623248815536499
"(119, 125)",0.24481084625573857,0.15870419144630432,0.4309963583946228,0.5680114030838013
"(119, 126)",0.1553342580302708,0.08784113824367523,0.3227338194847107,0.48130765557289124
"(119, 127)",0.1380963585577497,0.10876552760601044,0.2885831594467163,0.4785322844982147
"(119, 128)",0.16255692531117916,0.10117157548666,0.3201511800289154,0.5077505111694336
"(119, 129)",0.257647084691186,0.10948574542999268,0.44868695735931396,0.574224591255188
"(119, 130)",0.14309550635561408,0.10121791809797287,0.24664291739463806,0.5801727771759033
"(119, 131)",0.10793455104915317,0.08642581850290298,0.203184574842453,0.5312142968177795
"(120, 122)",0.26006702343516963,0.24239668250083923,0.40108048915863037,0.6484160423278809
"(120, 123)",0.21210452538589664,0.19432374835014343,0.341331422328949,0.6214034557342529
"(120, 124)",0.30209364873014266,0.27183377742767334,0.4533199667930603,0.6664026975631714
"(120, 125)",0.28011729225222126,0.2619023025035858,0.44649752974510193,0.6273658275604248
"(120, 126)",0.17351528053598386,0.14347396790981293,0.32446497678756714,0.5347735285758972
"(120, 127)",0.15010626043687125,0.16726183891296387,0.2809704542160034,0.5342421531677246
"(120, 128)",0.20766532821692252,0.19209124147891998,0.3440130054950714,0.6036554574966431
"(120, 129)",0.2744353949361553,0.20586737990379333,0.42643481492996216,0.6435576677322388
"(120, 130)",0.15882975351042372,0.19303080439567566,0.24467425048351288,0.6491478085517883
"(120, 131)",0.19720227347315067,0.18528816103935242,0.3039378225803375,0.6488243937492371
"(121, 122)",0.14643268519422037,0.17348238825798035,0.2889863848686218,0.5067113637924194
"(121, 123)",0.10805352685565595,0.12323637306690216,0.22409480810165405,0.482177734375
"(121, 124)",0.18819884361042938,0.19047673046588898,0.3500345051288605,0.5376579761505127
"(121, 125)",0.2146562218838266,0.20936156809329987,0.3948962986469269,0.543576180934906
"(121, 126)",0.12046837066901972,0.11117156594991684,0.2519321143627167,0.47817790508270264
"(121, 127)",0.125816791460438,0.14299046993255615,0.24885956943035126,0.5055734515190125
"(121, 128)",0.13640427059362814,0.133530855178833,0.277914434671402,0.4908139109611511
"(121, 129)",0.16864806187928139,0.15108081698417664,0.3031977415084839,0.5562312602996826
"(121, 130)",0.0805306761159752,0.11103570461273193,0.15166737139225006,0.5309690237045288
"(121, 131)",0.08897036370840894,0.09432650357484818,0.17209377884864807,0.516987681388855
"(132, 137)",0.09734574393743944,0.08281075954437256,0.2036261260509491,0.47806116938591003
"(132, 138)",0.17298197342550115,0.09239408373832703,0.38399162888526917,0.4504837095737457
"(132, 139)",0.04023122906876342,0.04053100571036339,0.08267239481210709,0.48663437366485596
"(132, 140)",0.14683886498812626,0.12095784395933151,0.33748185634613037,0.4351015090942383
"(132, 141)",0.10606663581713693,0.1119033470749855,0.2379976212978363,0.44566258788108826
"(133, 137)",0.13071331350065218,0.07378231734037399,0.45049622654914856,0.2901540696620941
"(133, 138)",0.07186170228185018,0.045363649725914,0.4017584025859833,0.17886795103549957
"(133, 139)",0.07267334430187233,0.04964372143149376,0.1996336281299591,0.364033579826355
"(133, 140)",0.04856772923481856,0.05539413541555405,0.32342660427093506,0.15016615390777588
"(133, 141)",0.053862892079399316,0.06332547217607498,0.32747119665145874,0.16448131203651428
"(134, 137)",0.10774030286010827,0.07618444412946701,0.2377922534942627,0.45308583974838257
"(134, 138)",0.19613418100136837,0.08313959836959839,0.44424793124198914,0.4414971172809601
"(134, 139)",0.035840087864039694,0.040094077587127686,0.07988259941339493,0.4486595094203949
"(134, 140)",0.14662282132437454,0.11159206181764603,0.36167627573013306,0.4053979516029358
"(134, 141)",0.08500038652671549,0.08702722936868668,0.2285659909248352,0.3718855381011963
"(135, 137)",0.16842150415338608,0.20860524475574493,0.3220163583755493,0.5230215787887573
"(135, 138)",0.22209651685832732,0.1896362006664276,0.4537188708782196,0.489502489566803
"(135, 139)",0.0615931692709637,0.08356673270463943,0.12291625887155533,0.5010986328125
"(135, 140)",0.1923142989326152,0.25626569986343384,0.426139771938324,0.4512939453125
"(135, 141)",0.15420538844863607,0.23727770149707794,0.33503350615501404,0.4602685570716858
"(136, 137)",0.2081812768958038,0.17453572154045105,0.3101414740085602,0.6712461709976196
"(136, 138)",0.28265012365968545,0.20853140950202942,0.4576926529407501,0.6175544261932373
"(136, 139)",0.09841186823893011,0.14185769855976105,0.15553101897239685,0.6327475309371948
"(136, 140)",0.2392191651197315,0.2892276644706726,0.3791106343269348,0.6310009360313416
"(136, 141)",0.17532816195188872,0.24809277057647705,0.2723444104194641,0.6437736749649048
"(142, 158)",0.27051719010148645,0.284747451543808,0.4256443977355957,0.635547399520874
"(142, 159)",0.20305508467934885,0.2134397327899933,0.3430575132369995,0.5918980836868286
"(142, 160)",0.26714733607189345,0.19847141206264496,0.40820181369781494,0.6544491648674011
"(142, 161)",0.3059414392300823,0.32826918363571167,0.48040771484375,0.6368370652198792
"(142, 162)",0.1858295991812291,0.1732039451599121,0.2730354964733124,0.6806060075759888
"(142, 163)",0.2756587624645732,0.2333630919456482,0.44218772649765015,0.6233975887298584
"(142, 164)",0.266579931783717,0.17424137890338898,0.488057017326355,0.546206533908844
"(142, 165)",0.2193079832150211,0.15139320492744446,0.40484195947647095,0.5417125821113586
"(142, 166)",0.30076493981334806,0.20444324612617493,0.5106172561645508,0.5890222787857056
"(142, 167)",0.2747782112605428,0.3060797154903412,0.4987005591392517,0.5509883761405945
"(142, 168)",0.2010840257397195,0.16104742884635925,0.3688795268535614,0.5451211333274841
"(142, 169)",0.23330523287938476,0.24415802955627441,0.42476871609687805,0.5492523908615112
"(142, 170)",0.1350078920584039,0.12571179866790771,0.20187097787857056,0.6687830686569214
"(142, 171)",0.28776287778818244,0.33367884159088135,0.4750022292137146,0.60581374168396
"(142, 172)",0.309211996828779,0.34120973944664,0.5072042942047119,0.6096399426460266
"(142, 173)",0.30442678725555083,0.3009259104728699,0.5012688636779785,0.6073123812675476
"(143, 158)",0.1586105703360623,0.12188038229942322,0.3660236597061157,0.43333420157432556
"(143, 159)",0.1444455533733553,0.12710140645503998,0.35788747668266296,0.4036060571670532
"(143, 160)",0.1388141499072706,0.09907278418540955,0.39167752861976624,0.35440927743911743
"(143, 161)",0.1670799456619534,0.1214856505393982,0.40956687927246094,0.4079430103302002
"(143, 162)",0.1122815989576953,0.09788510948419571,0.25561994314193726,0.439252108335495
"(143, 163)",0.21482298689421953,0.14966830611228943,0.43676576018333435,0.491849422454834
"(143, 164)",0.1659121534682697,0.10764700919389725,0.4605990946292877,0.36020946502685547
"(143, 165)",0.1716842800918812,0.0970592200756073,0.3899345397949219,0.44029000401496887
"(143, 166)",0.16490935768490544,0.10192324221134186,0.4914538264274597,0.3355541229248047
"(143, 167)",0.16065266380623378,0.12783703207969666,0.48166221380233765,0.3335380256175995
"(143, 168)",0.10211157295234852,0.08048928529024124,0.34594592452049255,0.2951662838459015
"(143, 169)",0.1498422296673283,0.12426108866930008,0.4170687794685364,0.35927462577819824
"(143, 170)",0.09858619584947093,0.0978325828909874,0.20473700761795044,0.4815260171890259
"(143, 171)",0.16749585221456087,0.17501436173915863,0.44520795345306396,0.37621936202049255
"(143, 172)",0.21234803450611395,0.20871157944202423,0.5295246243476868,0.40101635456085205
"(143, 173)",0.1312874574308145,0.1362035870552063,0.42777690291404724,0.3069063723087311
"(144, 158)",0.21321150652215692,0.29487961530685425,0.41303443908691406,0.5162075757980347
"(144, 159)",0.15818703214965701,0.19603189826011658,0.32596462965011597,0.48528894782066345
"(144, 160)",0.13863799914503705,0.11703142523765564,0.3179936110973358,0.4359773099422455
"(144, 161)",0.26898698682420275,0.3274133503437042,0.5130781531333923,0.5242612361907959
"(144, 162)",0.12320803617439147,0.13730879127979279,0.2243538796901703,0.5491682887077332
"(144, 163)",0.1591036958774339,0.15460163354873657,0.36440134048461914,0.4366166591644287
"(144, 164)",0.1598758363949475,0.11309203505516052,0.43307992815971375,0.36916011571884155
"(144, 165)",0.11166568466531857,0.07732395827770233,0.3049068748950958,0.3662288188934326
"(144, 166)",0.1566559582700604,0.12317031621932983,0.40263721346855164,0.3890747129917145
"(144, 167)",0.2613739084044937,0.3190329968929291,0.5646209716796875,0.4629192352294922
"(144, 168)",0.14067737230399224,0.15164661407470703,0.35813209414482117,0.39280861616134644
"(144, 169)",0.16896493162671078,0.22096866369247437,0.44058072566986084,0.38350504636764526
"(144, 170)",0.07808431508132685,0.1038205623626709,0.140816330909729,0.5545117855072021
"(144, 171)",0.17838596256600248,0.21280260384082794,0.4184655547142029,0.42628589272499084
"(144, 172)",0.19311855680601653,0.2589866518974304,0.4696294963359833,0.4112147092819214
"(144, 173)",0.21397405884465925,0.2567293643951416,0.4925709366798401,0.4344025254249573
"(145, 158)",0.28740217918281985,0.35522180795669556,0.5323067903518677,0.5399183034896851
"(145, 159)",0.2513180372645252,0.2963055968284607,0.4788041114807129,0.524886965751648
"(145, 160)",0.15696034212546373,0.15114770829677582,0.37933212518692017,0.4137807786464691
"(145, 161)",0.3051293519950491,0.34324193000793457,0.5818336009979248,0.5244271755218506
"(145, 162)",0.17795060655171113,0.20777453482151031,0.30570000410079956,0.5821086168289185
"(145, 163)",0.23642350603387197,0.221802219748497,0.4925110638141632,0.4800369441509247
"(145, 164)",0.21889077661750456,0.16785460710525513,0.5654304623603821,0.38712236285209656
"(145, 165)",0.19860812639924674,0.11458257585763931,0.45300447940826416,0.4384241998195648
"(145, 166)",0.2113488378579298,0.1788678914308548,0.49909812211990356,0.4234614968299866
"(145, 167)",0.3041734414437087,0.3782586455345154,0.6355793476104736,0.47857666015625
"(145, 168)",0.18377314461716754,0.20131658017635345,0.4278939664363861,0.42948290705680847
"(145, 169)",0.21714819679462494,0.28349754214286804,0.5353233814239502,0.40563929080963135
"(145, 170)",0.14037927681149398,0.17629434168338776,0.23285405337810516,0.6028637886047363
"(145, 171)",0.21655271202916992,0.2740834355354309,0.5040569305419922,0.42961955070495605
"(145, 172)",0.2782718591408795,0.3796767592430115,0.576912522315979,0.48234671354293823
"(145, 173)",0.23316199488248657,0.28507325053215027,0.5397172570228577,0.43200767040252686
"(146, 158)",0.14446341956980735,0.1483626663684845,0.3631151020526886,0.39784470200538635
"(146, 159)",0.12122207292919107,0.15763333439826965,0.35166898369789124,0.3447050452232361
"(146, 160)",0.1479904641219143,0.14566509425640106,0.36275655031204224,0.40796083211898804
"(146, 161)",0.1595545524378128,0.17880767583847046,0.39798858761787415,0.40090233087539673
"(146, 162)",0.1276004966840496,0.13134753704071045,0.2759450078010559,0.4624127745628357
"(146, 163)",0.1660429400775687,0.1631491333246231,0.4065832495689392,0.40838608145713806
"(146, 164)",0.1643675134229623,0.13863542675971985,0.4438755214214325,0.37030091881752014
"(146, 165)",0.1645190089272912,0.12206315994262695,0.379637211561203,0.43335849046707153
"(146, 166)",0.19543525085395252,0.13928331434726715,0.4733380675315857,0.41288724541664124
"(146, 167)",0.148676038718353,0.1786157488822937,0.4685012102127075,0.31734398007392883
"(146, 168)",0.1278771661818956,0.10034064948558807,0.36679866909980774,0.3486303985118866
"(146, 169)",0.1182676081689289,0.16212132573127747,0.38985493779182434,0.3033631145954132
"(146, 170)",0.10361538907983991,0.11473313719034195,0.223313108086586,0.46399152278900146
"(146, 171)",0.16924218064514207,0.26075759530067444,0.43452930450439453,0.3894839286804199
"(146, 172)",0.17699682896841296,0.24787868559360504,0.4792172908782959,0.36934566497802734
"(146, 173)",0.1541570836781716,0.18614372611045837,0.4405863881111145,0.34989070892333984
"(147, 158)",0.13328478034558344,0.1730593740940094,0.31483808159828186,0.4233438968658447
"(147, 159)",0.10984280670864166,0.15555419027805328,0.28721189498901367,0.38244518637657166
"(147, 160)",0.20501646547921837,0.18339648842811584,0.403316855430603,0.5083260536193848
"(147, 161)",0.15030878688400406,0.2023802399635315,0.39518100023269653,0.38035428524017334
"(147, 162)",0.1379594733245959,0.1470421850681305,0.25982245802879333,0.5309759378433228
"(147, 163)",0.1697281978205334,0.17810027301311493,0.3982482850551605,0.4261868894100189
"(147, 164)",0.15053833685128026,0.15081751346588135,0.4408465325832367,0.34147560596466064
"(147, 165)",0.11688552164612176,0.10257241874933243,0.31563371419906616,0.3703201413154602
"(147, 166)",0.23197936627727067,0.2255251705646515,0.5112455487251282,0.4537533223628998
"(147, 167)",0.16822915564391394,0.2413908839225769,0.45742446184158325,0.36777472496032715
"(147, 168)",0.14711492432911655,0.13053995370864868,0.3650737404823303,0.4029731750488281
"(147, 169)",0.12397501806839628,0.18731632828712463,0.37284862995147705,0.3325076401233673
"(147, 170)",0.11534575641722178,0.1197705864906311,0.2234407365322113,0.516225278377533
"(147, 171)",0.18491734810889238,0.2872615158557892,0.4256194531917572,0.4344663918018341
"(147, 172)",0.2445950277423048,0.3421456515789032,0.471329003572464,0.5189475417137146
"(147, 173)",0.13852324060771082,0.18527790904045105,0.4033321142196655,0.34344708919525146
"(148, 158)",0.11656271907977356,0.14692118763923645,0.3201262950897217,0.36411479115486145
"(148, 159)",0.11972893398022144,0.16230633854866028,0.33351951837539673,0.3589862883090973
"(148, 160)",0.16005788058512493,0.1703353077173233,0.3962835669517517,0.40389734506607056
"(148, 161)",0.13973377443187118,0.17063027620315552,0.4036544859409332,0.3461717367172241
"(148, 162)",0.1585241562382933,0.1484690010547638,0.3248879909515381,0.48793479800224304
"(148, 163)",0.13718567956113148,0.17172929644584656,0.36234772205352783,0.3786022961139679
"(148, 164)",0.13786961495726224,0.1403438299894333,0.44623440504074097,0.30896231532096863
"(148, 165)",0.12251113866725394,0.09939281642436981,0.3362238109111786,0.3643737733364105
"(148, 166)",0.19694575026312222,0.19240480661392212,0.5067152380943298,0.3886714577674866
"(148, 167)",0.12638536030658454,0.17562362551689148,0.42713311314582825,0.29589220881462097
"(148, 168)",0.15034205358200126,0.12036191672086716,0.3996960520744324,0.3761409521102905
"(148, 169)",0.10137162466762106,0.1595468372106552,0.36800289154052734,0.2754642069339752
"(148, 170)",0.11999076123816899,0.12291155010461807,0.25921255350112915,0.4629049003124237
"(148, 171)",0.19535492180408376,0.27131742238998413,0.4503489136695862,0.43378570675849915
"(148, 172)",0.20860123321472201,0.32549673318862915,0.5016472339630127,0.41583251953125
"(148, 173)",0.12782711193330965,0.1622292399406433,0.40889307856559753,0.3126174509525299
"(149, 158)",0.15028004587435184,0.1793462038040161,0.2987461984157562,0.503035843372345
"(149, 159)",0.15723755607655931,0.19488579034805298,0.3096100687980652,0.5078567266464233
"(149, 160)",0.16253258086029732,0.16091498732566833,0.3031417727470398,0.5361602902412415
"(149, 161)",0.18264197024109308,0.20342940092086792,0.34942626953125,0.522691011428833
"(149, 162)",0.12107906678855151,0.14217397570610046,0.20451577007770538,0.592028021812439
"(149, 163)",0.17288275192743185,0.1661454141139984,0.33228737115859985,0.5202808380126953
"(149, 164)",0.17789645951295618,0.13752365112304688,0.39794236421585083,0.44704076647758484
"(149, 165)",0.16294383461728046,0.12567909061908722,0.32883572578430176,0.49551743268966675
"(149, 166)",0.18777751719373725,0.15270721912384033,0.40887442231178284,0.45925474166870117
"(149, 167)",0.19457273016282883,0.20820224285125732,0.430105984210968,0.45238322019577026
"(149, 168)",0.10354137110853756,0.10173804312944412,0.2563724219799042,0.40387094020843506
"(149, 169)",0.1509552781900627,0.1886957287788391,0.35579565167427063,0.4242752194404602
"(149, 170)",0.07866323068398628,0.1198604553937912,0.13146743178367615,0.5983476638793945
"(149, 171)",0.19060793063658465,0.2704378664493561,0.399108350276947,0.4775844216346741
"(149, 172)",0.2299185942492734,0.2963579297065735,0.4606667459011078,0.49909961223602295
"(149, 173)",0.16212747589100118,0.19304108619689941,0.378079354763031,0.42881864309310913
"(150, 158)",0.1472483039702155,0.1932620406150818,0.33370256423950195,0.4412561357021332
"(150, 159)",0.12937405441761207,0.1891017109155655,0.30408021807670593,0.4254602789878845
"(150, 160)",0.17358275249747024,0.21152393519878387,0.3620627820491791,0.4794272184371948
"(150, 161)",0.15015758559116676,0.22054478526115417,0.3560400605201721,0.4217435121536255
"(150, 162)",0.123669979670197,0.15432307124137878,0.2398393750190735,0.515636682510376
"(150, 163)",0.16083879120088174,0.16963690519332886,0.353622704744339,0.45483162999153137
"(150, 164)",0.2159810072344932,0.19356775283813477,0.46086347103118896,0.46864423155784607
"(150, 165)",0.16641357874300056,0.13701137900352478,0.36122244596481323,0.4606955647468567
"(150, 166)",0.19765591817752437,0.16826364398002625,0.4611971378326416,0.4285714328289032
"(150, 167)",0.15984933519538913,0.21093860268592834,0.4535360336303711,0.35245123505592346
"(150, 168)",0.13669903501540404,0.12035492062568665,0.35475531220436096,0.3853332996368408
"(150, 169)",0.13183537807131174,0.2156858742237091,0.3756057024002075,0.3509940803050995
"(150, 170)",0.08879585593396655,0.13228939473628998,0.16755473613739014,0.5299513339996338
"(150, 171)",0.18041654005105556,0.2772195339202881,0.3955879211425781,0.4560719132423401
"(150, 172)",0.17482639140339806,0.2905661463737488,0.4280642867088318,0.40841153264045715
"(150, 173)",0.13361651243839923,0.19743558764457703,0.3705652058124542,0.3605749011039734
"(151, 158)",0.17357075957380097,0.1846064329147339,0.32110634446144104,0.5405398011207581
"(151, 159)",0.18784584263304893,0.19273778796195984,0.35823485255241394,0.5243650674819946
"(151, 160)",0.19556235099571495,0.17277756333351135,0.3426694869995117,0.5707025527954102
"(151, 161)",0.2268156140515103,0.1959095299243927,0.4122282862663269,0.5502184629440308
"(151, 162)",0.14266898706072162,0.14954447746276855,0.23904117941856384,0.5968385338783264
"(151, 163)",0.2209440100943425,0.19061219692230225,0.39437341690063477,0.560240626335144
"(151, 164)",0.19811973853641796,0.15710492432117462,0.42474204301834106,0.46644720435142517
"(151, 165)",0.20615421274913004,0.15705570578575134,0.3868354856967926,0.5329247713088989
"(151, 166)",0.24530163689611584,0.163755863904953,0.45618683099746704,0.5377218723297119
"(151, 167)",0.21017874500062206,0.20408973097801208,0.4286915063858032,0.4902797043323517
"(151, 168)",0.15718239397694322,0.11764287203550339,0.3313179910182953,0.47441551089286804
"(151, 169)",0.1889510680301818,0.2275492548942566,0.38408195972442627,0.49195507168769836
"(151, 170)",0.1216052265186125,0.13390395045280457,0.20202574133872986,0.6019293665885925
"(151, 171)",0.228691377953675,0.24965904653072357,0.42964139580726624,0.5322843194007874
"(151, 172)",0.26984378647780716,0.293514221906662,0.506864607334137,0.5323784351348877
"(151, 173)",0.22636101627316663,0.20236870646476746,0.4564961791038513,0.49586617946624756
"(152, 158)",0.18988838327161695,0.18137221038341522,0.4706147313117981,0.4034900963306427
"(152, 159)",0.13980431375087932,0.1500859558582306,0.41373229026794434,0.33791008591651917
"(152, 160)",0.17833265752290473,0.1297467052936554,0.5012212991714478,0.3557962477207184
"(152, 161)",0.16399379044946727,0.173473060131073,0.5256335139274597,0.3119926452636719
"(152, 162)",0.2150365198845261,0.15403017401695251,0.43207839131355286,0.4976794123649597
"(152, 163)",0.23525367122163132,0.21013398468494415,0.5276678800582886,0.4458366334438324
"(152, 164)",0.19054859651251377,0.13572174310684204,0.5793081521987915,0.32892441749572754
"(152, 165)",0.2083458733448822,0.1374165564775467,0.5100094079971313,0.40851378440856934
"(152, 166)",0.21388582874801187,0.14684003591537476,0.5909186005592346,0.36195480823516846
"(152, 167)",0.16712280075287822,0.1890881508588791,0.5866478681564331,0.2848775386810303
"(152, 168)",0.17129135771941062,0.11459685117006302,0.4896838366985321,0.34979990124702454
"(152, 169)",0.14972258798639615,0.1628880500793457,0.522078275680542,0.2867818772792816
"(152, 170)",0.1740970716950585,0.13409359753131866,0.34120798110961914,0.5102373957633972
"(152, 171)",0.21603376912910477,0.22821153700351715,0.5478818416595459,0.3943072259426117
"(152, 172)",0.2042350204960357,0.26530101895332336,0.608338475227356,0.33572596311569214
"(152, 173)",0.15756977644214487,0.17273283004760742,0.5247538089752197,0.30027371644973755
"(153, 158)",0.215723216192103,0.22734656929969788,0.4358234703540802,0.4949784278869629
"(153, 159)",0.16066648005981676,0.2150769680738449,0.3846386671066284,0.41770756244659424
"(153, 160)",0.19787398812236745,0.1867295503616333,0.479783296585083,0.41242367029190063
"(153, 161)",0.1771796154977885,0.19450385868549347,0.47386687994003296,0.3739016652107239
"(153, 162)",0.23514497798819534,0.1756426990032196,0.40546613931655884,0.5799373984336853
"(153, 163)",0.24824042293698767,0.21617355942726135,0.4761390686035156,0.5213611721992493
"(153, 164)",0.2912397185238511,0.2389291226863861,0.5970216393470764,0.4878210425376892
"(153, 165)",0.1931740967638227,0.14082613587379456,0.43934857845306396,0.4396829903125763
"(153, 166)",0.23251986628827837,0.18041986227035522,0.573896050453186,0.40516024827957153
"(153, 167)",0.22433428943386957,0.23397928476333618,0.571647584438324,0.39243459701538086
"(153, 168)",0.20650112520749708,0.13737978041172028,0.4896160662174225,0.42176133394241333
"(153, 169)",0.19334322979705476,0.23935779929161072,0.5048723816871643,0.3829546570777893
"(153, 170)",0.19399202648968483,0.18265335261821747,0.3291683495044708,0.5893398523330688
"(153, 171)",0.21618097866702612,0.28560492396354675,0.5296189785003662,0.4081820845603943
"(153, 172)",0.244069373810893,0.34550946950912476,0.5831485390663147,0.4185372292995453
"(153, 173)",0.14067682612199484,0.2011840045452118,0.45446962118148804,0.30954065918922424
"(154, 158)",0.1505850646467355,0.13316763937473297,0.3497329354286194,0.430571585893631
"(154, 159)",0.1512122793222943,0.13209277391433716,0.3539464473724365,0.427217960357666
"(154, 160)",0.15043268953663969,0.13644972443580627,0.34082213044166565,0.4413818120956421
"(154, 161)",0.19106188716685146,0.18193268775939941,0.41880327463150024,0.4562091529369354
"(154, 162)",0.09950184291467323,0.09695214778184891,0.2041623294353485,0.48736631870269775
"(154, 163)",0.16324733811018355,0.13197246193885803,0.370525062084198,0.4405837953090668
"(154, 164)",0.17347578739153846,0.12155425548553467,0.46335887908935547,0.3743875324726105
"(154, 165)",0.13783340088830798,0.08419829607009888,0.34167367219924927,0.40340656042099
"(154, 166)",0.1902018693726859,0.14879684150218964,0.46539306640625,0.40869081020355225
"(154, 167)",0.1835970723627831,0.17483003437519073,0.4634654223918915,0.3961397409439087
"(154, 168)",0.10601205491067489,0.08677110075950623,0.31047728657722473,0.34144866466522217
"(154, 169)",0.14606309639935233,0.14306125044822693,0.3937356472015381,0.37096741795539856
"(154, 170)",0.07323556990312063,0.07537545263767242,0.15603405237197876,0.46935632824897766
"(154, 171)",0.212428209141998,0.23948174715042114,0.4595229923725128,0.4622798264026642
"(154, 172)",0.2641914382429462,0.28145989775657654,0.5348808765411377,0.4939257502555847
"(154, 173)",0.1796685863082672,0.16822673380374908,0.4713146686553955,0.38120728731155396
"(155, 158)",0.1463548270007884,0.16791899502277374,0.29405677318573,0.4977094233036041
"(155, 159)",0.1339604039016251,0.1522708386182785,0.2634039521217346,0.5085740089416504
"(155, 160)",0.16645323012198787,0.16406142711639404,0.3035247325897217,0.54840087890625
"(155, 161)",0.1858549044453568,0.18724432587623596,0.36580416560173035,0.5080721378326416
"(155, 162)",0.08392890434841149,0.12433451414108276,0.1436835527420044,0.5841232538223267
"(155, 163)",0.18130901994408433,0.15554162859916687,0.3353918194770813,0.5405886769294739
"(155, 164)",0.18027558452786252,0.14343130588531494,0.412680983543396,0.4368400573730469
"(155, 165)",0.13068963608877482,0.09223121404647827,0.29157745838165283,0.4482158422470093
"(155, 166)",0.21904478766652602,0.17914894223213196,0.43171244859695435,0.5073858499526978
"(155, 167)",0.19055194076761772,0.20253832638263702,0.4118478000164032,0.46267563104629517
"(155, 168)",0.12084764090935707,0.10515646636486053,0.2789354920387268,0.43324583768844604
"(155, 169)",0.137752554363626,0.1683519333600998,0.31364738941192627,0.4391956031322479
"(155, 170)",0.07234066214150303,0.10266198962926865,0.11943446844816208,0.6056933403015137
"(155, 171)",0.1928527664297519,0.26993808150291443,0.3904595971107483,0.4939122200012207
"(155, 172)",0.2564065784961489,0.34142982959747314,0.4432953894138336,0.5784102082252502
"(155, 173)",0.16801367344299933,0.18017561733722687,0.36522865295410156,0.46002325415611267
"(156, 158)",0.20674945106800813,0.1462964415550232,0.4426436722278595,0.4670787453651428
"(156, 159)",0.1723118631781233,0.11886927485466003,0.4198439121246338,0.41041886806488037
"(156, 160)",0.31940465840266086,0.1607634425163269,0.550276517868042,0.5804439187049866
"(156, 161)",0.21933767119298864,0.13047270476818085,0.51995849609375,0.42183688282966614
"(156, 162)",0.18325921115187427,0.10975360125303268,0.33445650339126587,0.5479313731193542
"(156, 163)",0.255711798137753,0.13462357223033905,0.5107370615005493,0.5006721019744873
"(156, 164)",0.2206567251005893,0.10961213707923889,0.5346438884735107,0.41271719336509705
"(156, 165)",0.1954257548766991,0.10801860690116882,0.4480253756046295,0.4361934959888458
"(156, 166)",0.29677289366404835,0.15662509202957153,0.5981452465057373,0.4961552321910858
"(156, 167)",0.22819450473490122,0.1606227308511734,0.5716720819473267,0.39917027950286865
"(156, 168)",0.18279429520263335,0.08812694996595383,0.4392888844013214,0.41611409187316895
"(156, 169)",0.20711779704510036,0.14025329053401947,0.5038003325462341,0.41111087799072266
"(156, 170)",0.16166525275102117,0.1060730367898941,0.3070088326931,0.5265817642211914
"(156, 171)",0.2835188736059848,0.22098472714424133,0.5942235589027405,0.4771249294281006
"(156, 172)",0.28794641234148344,0.2319677323102951,0.610759973526001,0.4714559316635132
"(156, 173)",0.20296632603029252,0.1319432258605957,0.5470843315124512,0.3709964156150818
"(157, 158)",0.14623304471816034,0.16870379447937012,0.29787883162498474,0.490914523601532
"(157, 159)",0.12716160444296065,0.1685376763343811,0.2590665817260742,0.490845263004303
"(157, 160)",0.2279264728410375,0.2046128660440445,0.39886540174484253,0.5714370608329773
"(157, 161)",0.19976482942459128,0.20821432769298553,0.4084039628505707,0.48913538455963135
"(157, 162)",0.1776996719371482,0.1572681963443756,0.28252601623535156,0.6289674639701843
"(157, 163)",0.16072017038891317,0.17854033410549164,0.3229377269744873,0.4976816177368164
"(157, 164)",0.20215410511377385,0.15300609171390533,0.44168245792388916,0.4576910436153412
"(157, 165)",0.14249699082620815,0.10346637666225433,0.30635884404182434,0.4651309847831726
"(157, 166)",0.24611202982512737,0.20746108889579773,0.504227876663208,0.48809683322906494
"(157, 167)",0.20286842162473562,0.2327307164669037,0.4686892032623291,0.43284210562705994
"(157, 168)",0.17258789208566583,0.12392087280750275,0.37323224544525146,0.4624142050743103
"(157, 169)",0.16818737858616117,0.20504195988178253,0.3839585483074188,0.438035249710083
"(157, 170)",0.12181654828240696,0.1321658045053482,0.19240370392799377,0.6331299543380737
"(157, 171)",0.23851846283687905,0.33106887340545654,0.43643611669540405,0.5465140342712402
"(157, 172)",0.2861912093974013,0.37319302558898926,0.5138905048370361,0.5569108724594116
"(157, 173)",0.18825070959648116,0.23674391210079193,0.4284213185310364,0.43940556049346924
"(174, 184)",0.15021750094120367,0.1827746033668518,0.36959049105644226,0.4064430892467499
"(174, 185)",0.15800126370839251,0.10494639724493027,0.3515015244483948,0.4495037794113159
"(174, 186)",0.15326423351569396,0.09348754584789276,0.3178717792034149,0.4821574091911316
"(174, 187)",0.14651683135148907,0.11973665654659271,0.41562947630882263,0.35251790285110474
"(174, 188)",0.16938075148442522,0.1705111414194107,0.3169352114200592,0.5344333648681641
"(174, 189)",0.14649800185140727,0.14851915836334229,0.3182959258556366,0.46025723218917847
"(174, 190)",0.18514850564823604,0.14410889148712158,0.43189817667007446,0.4286855459213257
"(174, 191)",0.20012040824606459,0.1856425702571869,0.48177850246429443,0.4153784513473511
"(174, 192)",0.18319577403383036,0.19864535331726074,0.43746477365493774,0.41876691579818726
"(174, 193)",0.17550665144544908,0.12290376424789429,0.36765414476394653,0.47736889123916626
"(175, 184)",0.10200012096884237,0.1476687490940094,0.3574589490890503,0.2853477895259857
"(175, 185)",0.137466560349349,0.13513720035552979,0.33274370431900024,0.4131304621696472
"(175, 186)",0.10859300623021628,0.12200407683849335,0.26100876927375793,0.4160511791706085
"(175, 187)",0.14431818719477718,0.16677409410476685,0.4306814670562744,0.3350926339626312
"(175, 188)",0.22881372166761693,0.31500235199928284,0.42185860872268677,0.5423943400382996
"(175, 189)",0.19622310358717243,0.2245001643896103,0.42114365100860596,0.46592915058135986
"(175, 190)",0.20644315610102382,0.24398133158683777,0.48779284954071045,0.42321890592575073
"(175, 191)",0.17040844728493276,0.19104105234146118,0.48835891485214233,0.34894099831581116
"(175, 192)",0.16893968862121156,0.27432480454444885,0.4998282194137573,0.3379954993724823
"(175, 193)",0.15290142102933046,0.16666443645954132,0.3566051721572876,0.4287694990634918
"(176, 184)",0.10201916813542944,0.14731253683567047,0.3601894974708557,0.283237487077713
"(176, 185)",0.13973469787397974,0.09585966914892197,0.35408729314804077,0.3946334719657898
"(176, 186)",0.1646002494090837,0.10677823424339294,0.3766047954559326,0.437063604593277
"(176, 187)",0.1371057682378023,0.12283609807491302,0.446378231048584,0.30715155601501465
"(176, 188)",0.12325680535650108,0.14800673723220825,0.3071681261062622,0.40126821398735046
"(176, 189)",0.11664826979540521,0.14443033933639526,0.314595103263855,0.37078857421875
"(176, 190)",0.11971593891104781,0.11309194564819336,0.36873453855514526,0.3246670067310333
"(176, 191)",0.174602194356428,0.19020876288414001,0.48665204644203186,0.35878241062164307
"(176, 192)",0.11540525577044036,0.17437884211540222,0.3983936309814453,0.2896764576435089
"(176, 193)",0.19112857789109405,0.13760903477668762,0.4324619174003601,0.44195470213890076
"(177, 184)",0.0807357376144262,0.09268580377101898,0.26989254355430603,0.2991403043270111
"(177, 185)",0.07234809211868232,0.06443946808576584,0.16555829346179962,0.43699467182159424
"(177, 186)",0.053089736795268294,0.05466976389288902,0.12107449769973755,0.4384881854057312
"(177, 187)",0.14196621625196393,0.11427878588438034,0.34680670499801636,0.409352570772171
"(177, 188)",0.16164238686755183,0.2021981179714203,0.2678445279598236,0.603493332862854
"(177, 189)",0.09232309122925386,0.11373673379421234,0.18863558769226074,0.4894256293773651
"(177, 190)",0.17268229734937535,0.14645381271839142,0.36493220925331116,0.4731900691986084
"(177, 191)",0.14876093222222408,0.11713945865631104,0.3745114207267761,0.397213339805603
"(177, 192)",0.1602812218627161,0.18631795048713684,0.3754691481590271,0.4268825352191925
"(177, 193)",0.08596557383459213,0.08843954652547836,0.1884416937828064,0.45619189739227295
"(178, 184)",0.10836611963330256,0.16281576454639435,0.4187569320201874,0.25878047943115234
"(178, 185)",0.1086239958928843,0.08211835473775864,0.32700949907302856,0.33217382431030273
"(178, 186)",0.10746987314924894,0.06905485689640045,0.3029739558696747,0.35471653938293457
"(178, 187)",0.083814695289675,0.07552454620599747,0.4250640869140625,0.1971813142299652
"(178, 188)",0.13014181686134663,0.1367325335741043,0.34147095680236816,0.3811211884021759
"(178, 189)",0.12292179483394872,0.12329363822937012,0.35951533913612366,0.3419097363948822
"(178, 190)",0.11314119658913402,0.09734536707401276,0.43351492285728455,0.26098570227622986
"(178, 191)",0.16733817080509894,0.14626169204711914,0.5803097486495972,0.2883600890636444
"(178, 192)",0.09524738628637408,0.13069508969783783,0.4446960687637329,0.21418535709381104
"(178, 193)",0.14742788341916935,0.10375270992517471,0.38661277294158936,0.3813321590423584
"(179, 184)",0.10103985809916693,0.12171211838722229,0.3132716715335846,0.3225311040878296
"(179, 185)",0.10366271232137336,0.0763828456401825,0.27667444944381714,0.3746739625930786
"(179, 186)",0.07710466628873203,0.06327958405017853,0.20089104771614075,0.38381335139274597
"(179, 187)",0.11199073667662951,0.08103656768798828,0.3804927468299866,0.29433080554008484
"(179, 188)",0.12474634979451071,0.13925646245479584,0.29006120562553406,0.43006905913352966
"(179, 189)",0.13448020508666403,0.12898662686347961,0.3202306032180786,0.419948011636734
"(179, 190)",0.13863013401181856,0.11188523471355438,0.40472450852394104,0.34252962470054626
"(179, 191)",0.15921396751579664,0.13324220478534698,0.4584196209907532,0.34731054306030273
"(179, 192)",0.11712817444258228,0.13773325085639954,0.4272483289241791,0.2741454243659973
"(179, 193)",0.11226840655293557,0.09029180556535721,0.2823913097381592,0.39756324887275696
"(180, 184)",0.11843739741482295,0.1547154188156128,0.4476432800292969,0.2645798623561859
"(180, 185)",0.15571504632379174,0.10738302767276764,0.4288492202758789,0.36309975385665894
"(180, 186)",0.12778759810893447,0.10818871110677719,0.3473103642463684,0.3679348826408386
"(180, 187)",0.13289988093692529,0.12631601095199585,0.4958021640777588,0.2680502235889435
"(180, 188)",0.1939618351770207,0.1888064444065094,0.43521547317504883,0.4456685185432434
"(180, 189)",0.15761339978591593,0.13708201050758362,0.38953518867492676,0.40461915731430054
"(180, 190)",0.1618657702022075,0.12723951041698456,0.49687597155570984,0.3257669508457184
"(180, 191)",0.1784543554552407,0.1900877058506012,0.5788923501968384,0.30826863646507263
"(180, 192)",0.19814417061389733,0.2654399573802948,0.552761435508728,0.3584623634815216
"(180, 193)",0.1845146503667845,0.13126032054424286,0.4641280770301819,0.39755114912986755
"(181, 184)",0.07159871854952371,0.1039762794971466,0.2689504623413086,0.2662152647972107
"(181, 185)",0.11330199360236293,0.12289617210626602,0.29620361328125,0.3825138807296753
"(181, 186)",0.06324731643911008,0.08483760058879852,0.18136125802993774,0.34873664379119873
"(181, 187)",0.10037569254813494,0.11910679936408997,0.34942755103111267,0.28725752234458923
"(181, 188)",0.15260104788405293,0.21655210852622986,0.3196609616279602,0.4773840606212616
"(181, 189)",0.10973287635610873,0.14773064851760864,0.2731609046459198,0.40171515941619873
"(181, 190)",0.11980909696831077,0.12933383882045746,0.32672119140625,0.3667013347148895
"(181, 191)",0.10520377394740432,0.12318294495344162,0.36143115162849426,0.29107555747032166
"(181, 192)",0.12458678582387961,0.2138787806034088,0.3989376425743103,0.31229639053344727
"(181, 193)",0.10313742643453061,0.12736092507839203,0.28013744950294495,0.3681672215461731
"(182, 184)",0.08891360753860056,0.093621626496315,0.3218640685081482,0.2762458324432373
"(182, 185)",0.11792230219214517,0.08640396595001221,0.3268197774887085,0.3608175218105316
"(182, 186)",0.0814499952121599,0.07817365974187851,0.23082277178764343,0.35286810994148254
"(182, 187)",0.1420450192010314,0.1004309356212616,0.43501681089401245,0.3265276551246643
"(182, 188)",0.20094503051217494,0.18432749807834625,0.41884082555770874,0.4797646701335907
"(182, 189)",0.14001064969951926,0.12670782208442688,0.32450658082962036,0.4314570426940918
"(182, 190)",0.15463454093830364,0.105393186211586,0.4045058488845825,0.3822801113128662
"(182, 191)",0.15292900187113823,0.11383768916130066,0.470527708530426,0.32501593232154846
"(182, 192)",0.1528284588466411,0.18656155467033386,0.4864226281642914,0.3141886293888092
"(182, 193)",0.12456289577052981,0.10133778303861618,0.325592964887619,0.3825724422931671
"(183, 184)",0.1122467159986762,0.12046931684017181,0.31066805124282837,0.3613075613975525
"(183, 185)",0.17700197844590093,0.1264958679676056,0.3544352650642395,0.4993915557861328
"(183, 186)",0.11559276002546248,0.0965145081281662,0.24108734726905823,0.47946423292160034
"(183, 187)",0.1895482866302869,0.13438330590724945,0.42385604977607727,0.44719967246055603
"(183, 188)",0.19325922279191587,0.20032885670661926,0.3121095299720764,0.6192032098770142
"(183, 189)",0.15159682051275425,0.14741875231266022,0.2996515929698944,0.5059102773666382
"(183, 190)",0.23398969860077656,0.16352605819702148,0.4404248595237732,0.5312817692756653
"(183, 191)",0.18905450964879833,0.15592285990715027,0.41324377059936523,0.4574890732765198
"(183, 192)",0.20283685556134756,0.2186879813671112,0.44361960887908936,0.4572314918041229
"(183, 193)",0.17050524445701853,0.1294620931148529,0.33597680926322937,0.5074911117553711
"(194, 214)",0.25794112763833255,0.22304557263851166,0.5356283187866211,0.4815673828125
"(194, 215)",0.16302382724141662,0.1454727053642273,0.35823217034339905,0.45507869124412537
"(194, 216)",0.17852323291725636,0.1919938325881958,0.42916497588157654,0.4159781038761139
"(194, 217)",0.15189510994926358,0.17058947682380676,0.4113939702510834,0.3692205548286438
"(194, 218)",0.2085818645820865,0.1578877866268158,0.42720162868499756,0.48825156688690186
"(194, 219)",0.2183216372048058,0.15418925881385803,0.47015511989593506,0.4643608629703522
"(194, 220)",0.22210768725077656,0.2556210160255432,0.39158380031585693,0.5672034621238708
"(194, 221)",0.11160533973199094,0.0939817726612091,0.23843301832675934,0.4680783748626709
"(194, 222)",0.1641014887110508,0.10976319015026093,0.37666594982147217,0.4356684982776642
"(194, 223)",0.16995369616758627,0.1659914255142212,0.4624645411968231,0.3674956262111664
"(194, 224)",0.16479837926402752,0.1417698711156845,0.39107632637023926,0.42139697074890137
"(194, 225)",0.17832193264223406,0.1428971290588379,0.44277656078338623,0.40273571014404297
"(194, 226)",0.2571651925560303,0.24313884973526,0.5668771266937256,0.45365244150161743
"(194, 227)",0.1765026957780993,0.1882208287715912,0.4026491045951843,0.43835362792015076
"(194, 228)",0.11402280973968004,0.113405242562294,0.2229297161102295,0.5114742517471313
"(194, 229)",0.12404395526317558,0.11465803533792496,0.31203269958496094,0.397535115480423
"(194, 230)",0.14968619015656515,0.10452565550804138,0.3832226097583771,0.3905985355377197
"(194, 231)",0.14725243078953554,0.0968409851193428,0.341331422328949,0.43140602111816406
"(194, 232)",0.1431713390593803,0.09924302995204926,0.42717069387435913,0.33516189455986023
"(194, 233)",0.19499016114303203,0.12943673133850098,0.40802258253097534,0.47789061069488525
"(195, 214)",0.29069205979228485,0.27551379799842834,0.570468544960022,0.5095672011375427
"(195, 215)",0.23237657646254206,0.16792094707489014,0.47719335556030273,0.48696523904800415
"(195, 216)",0.18475755512849013,0.20959573984146118,0.4719201922416687,0.39150169491767883
"(195, 217)",0.20176120021574206,0.23631392419338226,0.4904460906982422,0.4113830327987671
"(195, 218)",0.24353427754379808,0.17501065135002136,0.46231719851493835,0.5267688035964966
"(195, 219)",0.1982347798601225,0.14451827108860016,0.4824845790863037,0.41086241602897644
"(195, 220)",0.23573461351180214,0.26794102787971497,0.4493906795978546,0.5245649814605713
"(195, 221)",0.14791266724432717,0.09549331665039062,0.30287933349609375,0.4883551001548767
"(195, 222)",0.1811104174133007,0.11440660804510117,0.4115941524505615,0.4400218427181244
"(195, 223)",0.1975435783289221,0.18497130274772644,0.5112447142601013,0.3863973021507263
"(195, 224)",0.1483211995142577,0.10547468066215515,0.38710108399391174,0.3831588327884674
"(195, 225)",0.22044635250139066,0.14942608773708344,0.5309022068977356,0.4152296781539917
"(195, 226)",0.2569231549995088,0.26419562101364136,0.5757008790969849,0.4462788999080658
"(195, 227)",0.19600940901585417,0.2054082155227661,0.45304906368255615,0.4326449930667877
"(195, 228)",0.18934644877930396,0.12396132200956345,0.3449082374572754,0.5489763021469116
"(195, 229)",0.16048311503698187,0.16147561371326447,0.3594132959842682,0.4465141296386719
"(195, 230)",0.16246153914868167,0.10309501737356186,0.3997247815132141,0.40643349289894104
"(195, 231)",0.21468594771314642,0.1109965369105339,0.4629405736923218,0.46374407410621643
"(195, 232)",0.15346502685112284,0.10436122119426727,0.45660123229026794,0.3361029624938965
"(195, 233)",0.23919517928172773,0.13612312078475952,0.5056591629981995,0.47303637862205505
"(196, 214)",0.24532231976785113,0.2652871012687683,0.5770943760871887,0.42509913444519043
"(196, 215)",0.2550768779606365,0.24672652781009674,0.5821911096572876,0.43813255429267883
"(196, 216)",0.15680694904767734,0.21682041883468628,0.48870849609375,0.3208598792552948
"(196, 217)",0.1312794300872504,0.204467311501503,0.45300137996673584,0.28979918360710144
"(196, 218)",0.1918972342117975,0.19634868204593658,0.46194714307785034,0.41540950536727905
"(196, 219)",0.24831484410959348,0.2056390345096588,0.5695284605026245,0.4360007643699646
"(196, 220)",0.3007082169638693,0.32985007762908936,0.5425245761871338,0.5542757511138916
"(196, 221)",0.2293835350403537,0.14430847764015198,0.46882352232933044,0.489274799823761
"(196, 222)",0.161349641565816,0.1182657778263092,0.40852102637290955,0.3949604332447052
"(196, 223)",0.2057679116886817,0.2530851364135742,0.5677781105041504,0.3624090254306793
"(196, 224)",0.1729313743340244,0.12596341967582703,0.42449304461479187,0.4073832929134369
"(196, 225)",0.23051979010212165,0.18199396133422852,0.5740734934806824,0.4015510082244873
"(196, 226)",0.29111217443661985,0.3419395983219147,0.6648569107055664,0.43785688281059265
"(196, 227)",0.16689091889190522,0.2158098816871643,0.4901121258735657,0.34051579236984253
"(196, 228)",0.2369257481160254,0.15458211302757263,0.4425204396247864,0.5354006886482239
"(196, 229)",0.10658451458096962,0.13959446549415588,0.3444984257221222,0.30939042568206787
"(196, 230)",0.16857146092497022,0.10783617198467255,0.43232640624046326,0.3899171054363251
"(196, 231)",0.24546347713681804,0.1366536170244217,0.5297245383262634,0.46337947249412537
"(196, 232)",0.15381057193316394,0.11545782536268234,0.48693448305130005,0.3158752918243408
"(196, 233)",0.2925271523297024,0.19220086932182312,0.6202623248100281,0.4716184437274933
"(197, 214)",0.26014508726339614,0.2182122766971588,0.5000274181365967,0.5202616453170776
"(197, 215)",0.24608278539245632,0.17732994258403778,0.4187878966331482,0.587607204914093
"(197, 216)",0.17711619190984607,0.17855167388916016,0.3879575729370117,0.4565349519252777
"(197, 217)",0.12851187774038664,0.15138846635818481,0.3451964855194092,0.3722861707210541
"(197, 218)",0.2053041689680093,0.173939049243927,0.38370218873023987,0.535061240196228
"(197, 219)",0.23837042078209336,0.16090035438537598,0.4437089264392853,0.5372225046157837
"(197, 220)",0.34483007416820044,0.3708128035068512,0.5260756015777588,0.6554762721061707
"(197, 221)",0.15664193133941495,0.11039847135543823,0.2633834183216095,0.5947296619415283
"(197, 222)",0.15752399513446846,0.09543853998184204,0.30963218212127686,0.508745551109314
"(197, 223)",0.18588363314293854,0.16403979063034058,0.41728100180625916,0.4454639256000519
"(197, 224)",0.15312148445445928,0.09678853303194046,0.3228754699230194,0.4742431640625
"(197, 225)",0.22179108493760324,0.1524011790752411,0.4591049551963806,0.4830945134162903
"(197, 226)",0.27485023478055837,0.26904964447021484,0.5618784427642822,0.4891631603240967
"(197, 227)",0.1905432963486362,0.17115634679794312,0.38820332288742065,0.49083375930786133
"(197, 228)",0.1793787796709143,0.13872089982032776,0.28992167115211487,0.6187146306037903
"(197, 229)",0.10306339016223642,0.1152215525507927,0.2424793541431427,0.4250398576259613
"(197, 230)",0.16993562433770304,0.12083504348993301,0.3514183461666107,0.48357072472572327
"(197, 231)",0.30031393428699715,0.16386623680591583,0.48438066244125366,0.6199957132339478
"(197, 232)",0.19830380785868318,0.13437892496585846,0.44252392649650574,0.44811996817588806
"(197, 233)",0.32443161078075633,0.1819819211959839,0.5337470173835754,0.6078377962112427
"(198, 214)",0.12203061344794719,0.16928541660308838,0.4974536895751953,0.24531050026416779
"(198, 215)",0.1616658075565347,0.12230651825666428,0.5137225389480591,0.3146947920322418
"(198, 216)",0.08038487614280054,0.12217836081981659,0.3913419842720032,0.2054082602262497
"(198, 217)",0.06747874261685638,0.10690551996231079,0.37038111686706543,0.18218731880187988
"(198, 218)",0.11179512964791982,0.12491122633218765,0.4024387001991272,0.2777941823005676
"(198, 219)",0.10073950092559514,0.10103925317525864,0.43095648288726807,0.23375794291496277
"(198, 220)",0.17106512853192157,0.22662511467933655,0.44247162342071533,0.3866126537322998
"(198, 221)",0.1424545948988527,0.09035355597734451,0.3948567509651184,0.3607753813266754
"(198, 222)",0.08324417014411978,0.07261025905609131,0.32704660296440125,0.254533052444458
"(198, 223)",0.06102939019118203,0.08915054798126221,0.4029650092124939,0.15145084261894226
"(198, 224)",0.07038699822344618,0.07842288911342621,0.29728397727012634,0.23676687479019165
"(198, 225)",0.1017128922878161,0.11346432566642761,0.45019689202308655,0.22592979669570923
"(198, 226)",0.10499257680911711,0.17431238293647766,0.542391300201416,0.1935734897851944
"(198, 227)",0.0701390375183566,0.10925871133804321,0.39444631338119507,0.17781643569469452
"(198, 228)",0.16351998394838319,0.11679409444332123,0.37212634086608887,0.439420610666275
"(198, 229)",0.05543721883685748,0.0806371420621872,0.2906129062175751,0.19075965881347656
"(198, 230)",0.11971847090558185,0.10279086232185364,0.40090179443359375,0.2986229360103607
"(198, 231)",0.14559643518871113,0.11351804435253143,0.45909443497657776,0.31713831424713135
"(198, 232)",0.07562031036363326,0.08246245980262756,0.4104972779750824,0.18421635031700134
"(198, 233)",0.24059555276138944,0.15822535753250122,0.5993779301643372,0.40140876173973083
"(199, 214)",0.16081764013549105,0.18669527769088745,0.40201902389526367,0.400024950504303
"(199, 215)",0.134591805447414,0.161852166056633,0.3091921806335449,0.43530145287513733
"(199, 216)",0.14361131095713375,0.20150169730186462,0.36641907691955566,0.3919318616390228
"(199, 217)",0.10742877835060938,0.151468425989151,0.3195614218711853,0.33617568016052246
"(199, 218)",0.14727176875358516,0.1266685128211975,0.3440370261669159,0.428069531917572
"(199, 219)",0.1467890476781406,0.13048645853996277,0.367290735244751,0.3996535539627075
"(199, 220)",0.1704411163260371,0.23519179224967957,0.33754321932792664,0.5049460530281067
"(199, 221)",0.0973642110559183,0.10441780090332031,0.21448981761932373,0.4539339542388916
"(199, 222)",0.15361109494936898,0.11204548925161362,0.34956300258636475,0.43943750858306885
"(199, 223)",0.17858172503641967,0.22574582695960999,0.4294366240501404,0.4158511757850647
"(199, 224)",0.13848645324197406,0.10887996852397919,0.3334944248199463,0.4152586758136749
"(199, 225)",0.16551740837975082,0.14521607756614685,0.44340166449546814,0.3732900023460388
"(199, 226)",0.16004605502747715,0.20037829875946045,0.42132097482681274,0.379867285490036
"(199, 227)",0.12100131375463086,0.1837262064218521,0.32853227853775024,0.36830875277519226
"(199, 228)",0.11719299752314605,0.09324817359447479,0.23401638865470886,0.5007897019386292
"(199, 229)",0.09802182115737956,0.1305084526538849,0.2502298951148987,0.3917270600795746
"(199, 230)",0.14770302631561094,0.10586145520210266,0.33980461955070496,0.43467044830322266
"(199, 231)",0.18770564797954137,0.13938292860984802,0.3656163811683655,0.5133950710296631
"(199, 232)",0.1511421002617297,0.13350290060043335,0.3884465992450714,0.38909363746643066
"(199, 233)",0.21299815921079102,0.164939284324646,0.42267972230911255,0.5039232969284058
"(200, 214)",0.22730489475847548,0.2714511752128601,0.4172852635383606,0.5447230339050293
"(200, 215)",0.16620532380825281,0.20095255970954895,0.2818833291530609,0.5896245241165161
"(200, 216)",0.17335106921922971,0.24992439150810242,0.3158971667289734,0.5487579107284546
"(200, 217)",0.1430858139995692,0.20210036635398865,0.30499327182769775,0.46914416551589966
"(200, 218)",0.17750375123182494,0.18491169810295105,0.3105270266532898,0.5716209411621094
"(200, 219)",0.1827305047372647,0.21264606714248657,0.3358977437019348,0.54400634765625
"(200, 220)",0.20636873878632755,0.31052476167678833,0.33856409788131714,0.609541118144989
"(200, 221)",0.09321407359624878,0.1101083755493164,0.15240637958049774,0.6116153001785278
"(200, 222)",0.1393398309271099,0.1153506264090538,0.24878159165382385,0.5600889921188354
"(200, 223)",0.14463294126727533,0.18551090359687805,0.29636621475219727,0.48802101612091064
"(200, 224)",0.1043820225595784,0.0980946347117424,0.2145034372806549,0.4866216778755188
"(200, 225)",0.19793592596663245,0.20711734890937805,0.36700522899627686,0.5393272638320923
"(200, 226)",0.2522139810008639,0.32442083954811096,0.4528391361236572,0.5569615364074707
"(200, 227)",0.16259922475328814,0.23782998323440552,0.29155752062797546,0.557691752910614
"(200, 228)",0.10059615488164653,0.1159735843539238,0.16573843359947205,0.6069573163986206
"(200, 229)",0.09673142006909785,0.12572702765464783,0.19110047817230225,0.5061809420585632
"(200, 230)",0.129966092948683,0.09975326061248779,0.24923117458820343,0.5214680433273315
"(200, 231)",0.15482872903242395,0.10965967178344727,0.2725256681442261,0.568125307559967
"(200, 232)",0.13128591852027682,0.09542495012283325,0.28865671157836914,0.4548167884349823
"(200, 233)",0.1928047005252438,0.1500352919101715,0.32948988676071167,0.5851612091064453
"(201, 214)",0.20467363587593823,0.20312342047691345,0.40871256589889526,0.500776469707489
"(201, 215)",0.1586748556087727,0.15909375250339508,0.3097602128982544,0.5122506022453308
"(201, 216)",0.1563593685699738,0.21242450177669525,0.3457900583744049,0.45218005776405334
"(201, 217)",0.11815188168418445,0.1553964614868164,0.28877323865890503,0.4091510772705078
"(201, 218)",0.16951700041097695,0.14016318321228027,0.3156644105911255,0.5370165109634399
"(201, 219)",0.1981928622181499,0.18485206365585327,0.39477014541625977,0.5020462274551392
"(201, 220)",0.1474529973845229,0.19650951027870178,0.27305588126182556,0.5400103330612183
"(201, 221)",0.08501865657734697,0.08073481917381287,0.16944289207458496,0.5017540454864502
"(201, 222)",0.09162020539518645,0.07227469980716705,0.1959470957517624,0.4675762355327606
"(201, 223)",0.1340469013556378,0.13213445246219635,0.31986817717552185,0.41906920075416565
"(201, 224)",0.0848007752223463,0.07586973905563354,0.20536883175373077,0.41291940212249756
"(201, 225)",0.13703550315526059,0.13376128673553467,0.34506955742836,0.3971242904663086
"(201, 226)",0.23166557933291188,0.2580048441886902,0.4859619140625,0.4767155051231384
"(201, 227)",0.16396532778195905,0.2002953439950943,0.33339476585388184,0.4918053448200226
"(201, 228)",0.05802866756899494,0.06635862588882446,0.1220785528421402,0.47533875703811646
"(201, 229)",0.0883557611022745,0.09560903161764145,0.19657641649246216,0.4494728446006775
"(201, 230)",0.08755543040106817,0.08065581321716309,0.21788688004016876,0.40183892846107483
"(201, 231)",0.09546900579699802,0.06817644089460373,0.21073094010353088,0.45303744077682495
"(201, 232)",0.09912265258710029,0.06966587901115417,0.2698734700679779,0.3672930598258972
"(201, 233)",0.13928986042474634,0.09436193853616714,0.29689276218414307,0.4691588282585144
"(202, 214)",0.1926662600593918,0.20686039328575134,0.4706270396709442,0.40938204526901245
"(202, 215)",0.09318986812186658,0.10995296388864517,0.253496378660202,0.3676181435585022
"(202, 216)",0.1071454312541249,0.14886511862277985,0.3410855531692505,0.31413066387176514
"(202, 217)",0.0966322510066675,0.13675594329833984,0.31982421875,0.3021417558193207
"(202, 218)",0.14006715780977963,0.1288173943758011,0.31992724537849426,0.43780940771102905
"(202, 219)",0.09469451831541065,0.0863063633441925,0.3496924638748169,0.27079370617866516
"(202, 220)",0.122402697452344,0.17579321563243866,0.2668590545654297,0.45867919921875
"(202, 221)",0.04924652744177571,0.06010107696056366,0.1299753487110138,0.3788912892341614
"(202, 222)",0.12420871805657896,0.10125024616718292,0.2956923544406891,0.4200606346130371
"(202, 223)",0.10079891570726573,0.12181968241930008,0.38341841101646423,0.2628953456878662
"(202, 224)",0.07261905958849013,0.056784238666296005,0.2193237543106079,0.3311043977737427
"(202, 225)",0.0821174943874663,0.09103646874427795,0.2851509153842926,0.2879790663719177
"(202, 226)",0.16750720039134137,0.2204161435365677,0.4958310127258301,0.3378312289714813
"(202, 227)",0.09378633981007312,0.1295667439699173,0.3211436867713928,0.29203855991363525
"(202, 228)",0.04709306059150897,0.07119618356227875,0.10447821021080017,0.45074528455734253
"(202, 229)",0.06907921296436115,0.07323901355266571,0.21948161721229553,0.31473803520202637
"(202, 230)",0.08744328313356675,0.0694696456193924,0.2751087546348572,0.31784987449645996
"(202, 231)",0.08800542673938949,0.058981772512197495,0.25082042813301086,0.3508702516555786
"(202, 232)",0.07375710770091182,0.053335681557655334,0.3087366819381714,0.23889972269535065
"(202, 233)",0.10621763858251754,0.07833965122699738,0.2808043360710144,0.37826210260391235
"(203, 214)",0.28038821661280267,0.2867453098297119,0.4838866591453552,0.5794501900672913
"(203, 215)",0.17757667470086957,0.19959835708141327,0.31811875104904175,0.5582087635993958
"(203, 216)",0.16040612713047597,0.20986104011535645,0.3484279215335846,0.4603710472583771
"(203, 217)",0.15013554093279424,0.19041581451892853,0.3475782871246338,0.43194741010665894
"(203, 218)",0.20123397855450875,0.17950530350208282,0.3502415716648102,0.5745576620101929
"(203, 219)",0.17272126706599167,0.1613941192626953,0.3506860136985779,0.4925239682197571
"(203, 220)",0.1984590836845257,0.2740646004676819,0.33320993185043335,0.5955977439880371
"(203, 221)",0.10394278817341629,0.112197145819664,0.18733803927898407,0.5548408031463623
"(203, 222)",0.16940160122359416,0.14923006296157837,0.31551143527030945,0.536911129951477
"(203, 223)",0.19077692229446175,0.21263617277145386,0.39080819487571716,0.48815998435020447
"(203, 224)",0.12270980273456189,0.09815192222595215,0.26961958408355713,0.4551219940185547
"(203, 225)",0.17705759488596406,0.15934990346431732,0.3715435862541199,0.47654595971107483
"(203, 226)",0.2535179060438857,0.3003780245780945,0.4917614758014679,0.5155302286148071
"(203, 227)",0.17620436512810755,0.2050047069787979,0.3459872305393219,0.5092799663543701
"(203, 228)",0.1010359190522081,0.11997395753860474,0.1766667366027832,0.5719012022018433
"(203, 229)",0.1117967953440715,0.11830633878707886,0.2544907033443451,0.4392961859703064
"(203, 230)",0.14190876242105688,0.10691267251968384,0.3198249638080597,0.44370758533477783
"(203, 231)",0.1596715468334029,0.1051623523235321,0.3051318824291229,0.5232869982719421
"(203, 232)",0.1395987108244423,0.10355626791715622,0.34287363290786743,0.40714332461357117
"(203, 233)",0.20224626458085737,0.15662913024425507,0.3707214891910553,0.5455477237701416
"(204, 214)",0.19238864553173585,0.1302279233932495,0.4280818700790405,0.4494202136993408
"(204, 215)",0.15726425374502817,0.12038283795118332,0.3164885342121124,0.4969034790992737
"(204, 216)",0.16435077123738395,0.16055473685264587,0.384680837392807,0.4272392988204956
"(204, 217)",0.12645553697954526,0.11825139075517654,0.3434242010116577,0.36821964383125305
"(204, 218)",0.1646322938903273,0.10441740602254868,0.3413526117801666,0.4822939336299896
"(204, 219)",0.1914855587577282,0.12767767906188965,0.4085703492164612,0.4686721861362457
"(204, 220)",0.1559963149875756,0.15499988198280334,0.29053759574890137,0.5369229912757874
"(204, 221)",0.08659566596364243,0.0704096108675003,0.17497849464416504,0.4948931932449341
"(204, 222)",0.1330927179486876,0.07346517592668533,0.3005054295063019,0.4428962171077728
"(204, 223)",0.14080633447979096,0.1067921593785286,0.3837240934371948,0.366946816444397
"(204, 224)",0.09803268990271707,0.06615394353866577,0.25246378779411316,0.3883039653301239
"(204, 225)",0.17109439272907068,0.11406208574771881,0.40012338757514954,0.427604079246521
"(204, 226)",0.22713116685343948,0.20179280638694763,0.4944422245025635,0.4593684673309326
"(204, 227)",0.15354001274872076,0.14680199325084686,0.34485161304473877,0.445235013961792
"(204, 228)",0.06597056418420388,0.05690646171569824,0.133789524435997,0.4930921494960785
"(204, 229)",0.09515824393513972,0.07442808151245117,0.23931770026683807,0.39762309193611145
"(204, 230)",0.1230801317832686,0.06941083073616028,0.31880754232406616,0.3860640525817871
"(204, 231)",0.11401100000373177,0.06238500401377678,0.25940603017807007,0.4395079016685486
"(204, 232)",0.1152038550842569,0.06321488320827484,0.3357144594192505,0.3431602418422699
"(204, 233)",0.1541014565313823,0.0776297003030777,0.3273032307624817,0.47082167863845825
"(205, 214)",0.26130624780918765,0.29606297612190247,0.5579644441604614,0.4683206081390381
"(205, 215)",0.1469792783640287,0.12624645233154297,0.36855125427246094,0.39880281686782837
"(205, 216)",0.13029383473555356,0.15377239882946014,0.3825317621231079,0.34060919284820557
"(205, 217)",0.1531315316765376,0.20045216381549835,0.4033810794353485,0.3796200156211853
"(205, 218)",0.22066587239359592,0.19549672305583954,0.42756640911102295,0.5160973072052002
"(205, 219)",0.15531069897200034,0.1310630738735199,0.4159744381904602,0.37336596846580505
"(205, 220)",0.18711602206122446,0.20860585570335388,0.38680651783943176,0.4837457835674286
"(205, 221)",0.08002655981687035,0.06333290785551071,0.20213797688484192,0.3959006667137146
"(205, 222)",0.126424949116835,0.08791834115982056,0.3077978491783142,0.4107401967048645
"(205, 223)",0.1383448358604369,0.13529519736766815,0.4181787967681885,0.330826997756958
"(205, 224)",0.10306807518827643,0.08152171969413757,0.2838417589664459,0.36311808228492737
"(205, 225)",0.12847863214587463,0.10818908363580704,0.41204607486724854,0.31180647015571594
"(205, 226)",0.21517754384227672,0.2610742449760437,0.5476862788200378,0.39288467168807983
"(205, 227)",0.11002600671950802,0.13088008761405945,0.3602898120880127,0.3053819537162781
"(205, 228)",0.14754404404959764,0.13210734724998474,0.2831956446170807,0.5209968686103821
"(205, 229)",0.1180533523302909,0.11920956522226334,0.29203858971595764,0.40423887968063354
"(205, 230)",0.11431630702266826,0.07718877494335175,0.3036902844905853,0.37642398476600647
"(205, 231)",0.13428523946252824,0.07455917447805405,0.331607460975647,0.40495240688323975
"(205, 232)",0.10780716989653794,0.06853719055652618,0.360272616147995,0.29923775792121887
"(205, 233)",0.15724069572014798,0.09551402926445007,0.3974987864494324,0.39557528495788574
"(206, 214)",0.18101461007465858,0.15713045001029968,0.4258488416671753,0.4250677525997162
"(206, 215)",0.24211175966870613,0.18092259764671326,0.44814273715019226,0.5402559041976929
"(206, 216)",0.17357274834370884,0.18206551671028137,0.4050036668777466,0.42857080698013306
"(206, 217)",0.11423208513206262,0.12349412590265274,0.33278295397758484,0.34326303005218506
"(206, 218)",0.16180925074730368,0.11876843869686127,0.36161237955093384,0.44746601581573486
"(206, 219)",0.2426736894488215,0.17762449383735657,0.46330761909484863,0.5237852334976196
"(206, 220)",0.21913264646691033,0.23523953557014465,0.3949354290962219,0.5548568964004517
"(206, 221)",0.1586501835348315,0.09816021472215652,0.2931482791900635,0.5411943197250366
"(206, 222)",0.12388955866917772,0.08319854736328125,0.28292784094810486,0.4378839433193207
"(206, 223)",0.16294260458036902,0.1539042592048645,0.38618990778923035,0.42192351818084717
"(206, 224)",0.15643582205979456,0.12173714488744736,0.33833348751068115,0.46237167716026306
"(206, 225)",0.23367691774026866,0.16526880860328674,0.5167951583862305,0.4521654546260834
"(206, 226)",0.2739834871281346,0.26437249779701233,0.5316765904426575,0.51531982421875
"(206, 227)",0.1490777977295581,0.14476683735847473,0.35386237502098083,0.42128750681877136
"(206, 228)",0.14722458616386724,0.09191897511482239,0.2793342173099518,0.5270553231239319
"(206, 229)",0.10628038157641129,0.10196927934885025,0.2634447515010834,0.4034256935119629
"(206, 230)",0.1424367019390047,0.08818745613098145,0.30975350737571716,0.4598388671875
"(206, 231)",0.23251179922186793,0.13013403117656708,0.4094727039337158,0.5678322315216064
"(206, 232)",0.17548065286520131,0.1269778609275818,0.39547958970069885,0.4437160789966583
"(206, 233)",0.2853950769376752,0.15522286295890808,0.5144513845443726,0.5547561645507812
"(207, 214)",0.3305421540325142,0.4138624668121338,0.5482335090637207,0.6029222011566162
"(207, 215)",0.17917949727237925,0.2046850323677063,0.3232171833515167,0.5543625354766846
"(207, 216)",0.18880049885863315,0.2458946257829666,0.3903440535068512,0.4836771488189697
"(207, 217)",0.20242010514898467,0.27680474519729614,0.4103136956691742,0.49333012104034424
"(207, 218)",0.2629200461149921,0.2599616050720215,0.42004379630088806,0.6259348392486572
"(207, 219)",0.2334849055711139,0.21129250526428223,0.43411514163017273,0.5378409624099731
"(207, 220)",0.223753988720798,0.3057628273963928,0.35762760043144226,0.6256619691848755
"(207, 221)",0.10423892643164656,0.1060117706656456,0.19283708930015564,0.5405543446540833
"(207, 222)",0.13146051831015626,0.12270200252532959,0.25568780303001404,0.5141446590423584
"(207, 223)",0.17214638587598863,0.1951534003019333,0.3695330023765564,0.46584847569465637
"(207, 224)",0.13116973662619102,0.12345310300588608,0.2827011048793793,0.4639873504638672
"(207, 225)",0.16375750191467908,0.1696418821811676,0.3795223832130432,0.43148311972618103
"(207, 226)",0.3274741354214825,0.3843329846858978,0.5754767656326294,0.5690484046936035
"(207, 227)",0.171274211535966,0.22267994284629822,0.3439330756664276,0.4979870319366455
"(207, 228)",0.1361393111915863,0.1773330122232437,0.2441129982471466,0.5576897263526917
"(207, 229)",0.1437835073695588,0.1779644787311554,0.2703405022621155,0.5318607687950134
"(207, 230)",0.13061086715494952,0.10989024490118027,0.2767535150051117,0.4719393253326416
"(207, 231)",0.1302323417274991,0.1093001589179039,0.25567305088043213,0.5093706250190735
"(207, 232)",0.13286569713238183,0.10857361555099487,0.3291415870189667,0.403673380613327
"(207, 233)",0.18225120561315222,0.15150877833366394,0.337184339761734,0.5405091047286987
"(208, 214)",0.2682765820655675,0.19259178638458252,0.57730633020401,0.4647040367126465
"(208, 215)",0.2235413674643496,0.11124642938375473,0.47524261474609375,0.47037315368652344
"(208, 216)",0.15442968900814869,0.11900685727596283,0.43555504083633423,0.35455837845802307
"(208, 217)",0.14419586295488784,0.13716453313827515,0.4295988082885742,0.3356523811817169
"(208, 218)",0.21334996829907027,0.14763016998767853,0.4708700180053711,0.4530973732471466
"(208, 219)",0.18932981739500754,0.1063438206911087,0.5127274394035339,0.36926016211509705
"(208, 220)",0.275203777630189,0.2098151296377182,0.5181602835655212,0.5311170816421509
"(208, 221)",0.1544723182036769,0.0718519538640976,0.31447190046310425,0.49121183156967163
"(208, 222)",0.13411579786679617,0.06628116965293884,0.3546988368034363,0.37811174988746643
"(208, 223)",0.14311577395083042,0.09724336117506027,0.4651337265968323,0.307687371969223
"(208, 224)",0.15127855671251567,0.06964142620563507,0.3765452206134796,0.4017540216445923
"(208, 225)",0.192285779694771,0.10053137689828873,0.4906637668609619,0.3918890953063965
"(208, 226)",0.2418500639216994,0.166358083486557,0.612958550453186,0.39456185698509216
"(208, 227)",0.16076466776706866,0.10792326927185059,0.43139365315437317,0.3726634979248047
"(208, 228)",0.21354985906840795,0.12412533164024353,0.3665793538093567,0.5825474262237549
"(208, 229)",0.1373486471771379,0.10616704821586609,0.35363972187042236,0.3883858025074005
"(208, 230)",0.1400281426292338,0.07143183052539825,0.36747097969055176,0.38105905055999756
"(208, 231)",0.23302212933700872,0.08762094378471375,0.4941709637641907,0.47154152393341064
"(208, 232)",0.13016232071344547,0.06532102823257446,0.43528544902801514,0.2990275025367737
"(208, 233)",0.2559499474714535,0.09393080323934555,0.5106378197669983,0.5012357831001282
"(209, 214)",0.16414557638002858,0.17488989233970642,0.45185986161231995,0.36326655745506287
"(209, 215)",0.1678787324277442,0.14851081371307373,0.389544814825058,0.4309612810611725
"(209, 216)",0.13123706104234145,0.1604396402835846,0.3877953290939331,0.3384183645248413
"(209, 217)",0.10578562942586966,0.1349799633026123,0.3541652262210846,0.2986900508403778
"(209, 218)",0.15037758653225097,0.13441088795661926,0.36958956718444824,0.4068772494792938
"(209, 219)",0.17296336841577897,0.15543122589588165,0.4155697524547577,0.41620779037475586
"(209, 220)",0.22209473343611918,0.2749044597148895,0.42889031767845154,0.5178357362747192
"(209, 221)",0.13434229313363133,0.11002644896507263,0.2904275059700012,0.46256738901138306
"(209, 222)",0.13911441120218893,0.10120359063148499,0.33443179726600647,0.41597244143486023
"(209, 223)",0.15813556645770177,0.17712339758872986,0.4256152808666229,0.37154579162597656
"(209, 224)",0.10045379587076297,0.09643444418907166,0.2942699193954468,0.341366171836853
"(209, 225)",0.1499426017651908,0.14630424976348877,0.4310707151889801,0.3478375971317291
"(209, 226)",0.165851660240234,0.20340542495250702,0.5027143359184265,0.32991233468055725
"(209, 227)",0.12307301398779558,0.142524853348732,0.381671279668808,0.3224581480026245
"(209, 228)",0.10631898550830776,0.09830380231142044,0.24787452816963196,0.4289225935935974
"(209, 229)",0.10641731005130062,0.1279236376285553,0.2879640758037567,0.3695506453514099
"(209, 230)",0.1278624817816585,0.11115168035030365,0.3168366551399231,0.4035596251487732
"(209, 231)",0.22347613355666596,0.15457499027252197,0.4261593520641327,0.5243957042694092
"(209, 232)",0.14248632437292308,0.11932357400655746,0.3950987160205841,0.3606347441673279
"(209, 233)",0.2422668940355237,0.19958561658859253,0.47832828760147095,0.5064866542816162
"(210, 214)",0.22575667324752402,0.1982913315296173,0.4784809947013855,0.47181951999664307
"(210, 215)",0.12025335379131263,0.0801587700843811,0.28205353021621704,0.426349401473999
"(210, 216)",0.1560289142133655,0.15693500638008118,0.38113105297088623,0.4093838930130005
"(210, 217)",0.16561090495694586,0.17090466618537903,0.3930850625038147,0.4213106036186218
"(210, 218)",0.18695538745481333,0.12914931774139404,0.37516555190086365,0.49832770228385925
"(210, 219)",0.1703188128995592,0.10647790133953094,0.40665996074676514,0.4188236594200134
"(210, 220)",0.1406386010978835,0.1810438632965088,0.300469309091568,0.4680631160736084
"(210, 221)",0.07878102812713905,0.05804407596588135,0.17709636688232422,0.44484835863113403
"(210, 222)",0.18244721513438478,0.09752529859542847,0.3702595829963684,0.49275487661361694
"(210, 223)",0.16310077487079155,0.1277051568031311,0.4191083610057831,0.3891613483428955
"(210, 224)",0.11781648054471372,0.08900349587202072,0.2912217080593109,0.4045594036579132
"(210, 225)",0.1246948298330306,0.09664500504732132,0.38783735036849976,0.32151320576667786
"(210, 226)",0.17462003315517904,0.16544413566589355,0.4676096439361572,0.3734312057495117
"(210, 227)",0.14782213932886634,0.12267880141735077,0.3593345880508423,0.4113774299621582
"(210, 228)",0.11007534159826093,0.09321898221969604,0.2067735195159912,0.5323473811149597
"(210, 229)",0.1405090964424165,0.13262400031089783,0.292357861995697,0.4806065261363983
"(210, 230)",0.12392328552340182,0.07435497641563416,0.31380563974380493,0.39490458369255066
"(210, 231)",0.14357545553516715,0.09884820878505707,0.3075275719165802,0.46687018871307373
"(210, 232)",0.12790336078774622,0.08086006343364716,0.35815414786338806,0.3571181893348694
"(210, 233)",0.14380003974750366,0.09510041028261185,0.318259596824646,0.45183253288269043
"(211, 214)",0.22943101332392324,0.22998246550559998,0.4601275324821472,0.4986248314380646
"(211, 215)",0.18161982202938987,0.20303760468959808,0.34566429257392883,0.5254225730895996
"(211, 216)",0.16359579544334757,0.24346983432769775,0.3762568533420563,0.4347981810569763
"(211, 217)",0.15324839454466677,0.2181890904903412,0.35489973425865173,0.43180757761001587
"(211, 218)",0.18517731550617356,0.1675565242767334,0.366129994392395,0.5057693123817444
"(211, 219)",0.19044369936639782,0.18499666452407837,0.4253206253051758,0.4477650225162506
"(211, 220)",0.21536559374553121,0.32167696952819824,0.36392924189567566,0.5917787551879883
"(211, 221)",0.10528963625977461,0.11180196702480316,0.20746977627277374,0.5074938535690308
"(211, 222)",0.1862563970636426,0.15148964524269104,0.3599461019039154,0.5174563527107239
"(211, 223)",0.18529767552149679,0.2351352572441101,0.4229316711425781,0.43812674283981323
"(211, 224)",0.125004837246796,0.1438741385936737,0.28431907296180725,0.43966391682624817
"(211, 225)",0.16865698553457875,0.19794847071170807,0.39994680881500244,0.42169854044914246
"(211, 226)",0.22642069284148292,0.29543337225914,0.49987727403640747,0.4529525637626648
"(211, 227)",0.15527922621913604,0.2157101333141327,0.35067081451416016,0.4428062438964844
"(211, 228)",0.09550056631996995,0.11881698668003082,0.17792600393295288,0.5367431640625
"(211, 229)",0.12928537292753006,0.16229385137557983,0.27725255489349365,0.4663090407848358
"(211, 230)",0.16918287085849215,0.14040663838386536,0.3643040657043457,0.46440017223358154
"(211, 231)",0.2093318200821468,0.19789981842041016,0.3870643079280853,0.5408192276954651
"(211, 232)",0.1642908553641007,0.16939346492290497,0.3984896242618561,0.41228389739990234
"(211, 233)",0.24271141865336077,0.24790862202644348,0.43206319212913513,0.5617498159408569
"(212, 214)",0.204059695711436,0.22165372967720032,0.40518927574157715,0.5036157369613647
"(212, 215)",0.2406879035084053,0.22967582941055298,0.37799301743507385,0.6367522478103638
"(212, 216)",0.19297494162072226,0.2552846670150757,0.36301833391189575,0.5315845608711243
"(212, 217)",0.1139922565116569,0.1588153839111328,0.28314587473869324,0.4025919735431671
"(212, 218)",0.14822129088037173,0.15372803807258606,0.2831130027770996,0.5235410928726196
"(212, 219)",0.23907760018982316,0.23458057641983032,0.3889545202255249,0.6146672368049622
"(212, 220)",0.22821793690500414,0.3139214515686035,0.36755263805389404,0.6209122538566589
"(212, 221)",0.14742033399767251,0.1493840217590332,0.22687029838562012,0.6498000621795654
"(212, 222)",0.11466763861032625,0.09407366812229156,0.21491877734661102,0.5335394144058228
"(212, 223)",0.17645849269039005,0.1880846470594406,0.35182610154151917,0.5015503168106079
"(212, 224)",0.12034205080203719,0.10502837598323822,0.24220025539398193,0.4968700408935547
"(212, 225)",0.27735511143873737,0.23927399516105652,0.4848942160606384,0.571990966796875
"(212, 226)",0.27692422159748276,0.3111605644226074,0.4985005855560303,0.5555143356323242
"(212, 227)",0.17526152198051648,0.21455129981040955,0.33827489614486694,0.518103837966919
"(212, 228)",0.10032613678508717,0.10155598819255829,0.17237505316734314,0.5820223689079285
"(212, 229)",0.0948660445283167,0.12945491075515747,0.20338058471679688,0.4664459228515625
"(212, 230)",0.12461297579675268,0.08944278955459595,0.2608666718006134,0.47768837213516235
"(212, 231)",0.21193310504486007,0.12802480161190033,0.3690597116947174,0.5742515325546265
"(212, 232)",0.15485921886958742,0.1052439883351326,0.328643262386322,0.4712076485157013
"(212, 233)",0.2521116873592817,0.1838638186454773,0.4173215627670288,0.6041185259819031
"(213, 214)",0.21093146478220248,0.274654746055603,0.4817059636116028,0.43788427114486694
"(213, 215)",0.18219516299637561,0.21270851790905,0.3960956037044525,0.45997774600982666
"(213, 216)",0.13504433468102128,0.2202179729938507,0.3919500708580017,0.34454473853111267
"(213, 217)",0.12043811963357598,0.20710399746894836,0.3683258295059204,0.32698798179626465
"(213, 218)",0.1587749540717276,0.18625545501708984,0.3726568818092346,0.42606204748153687
"(213, 219)",0.17137036648495396,0.21171964704990387,0.4171324074268341,0.41082966327667236
"(213, 220)",0.271948089368955,0.3900197744369507,0.46740734577178955,0.5818224549293518
"(213, 221)",0.10952907379029142,0.12407231330871582,0.23784199357032776,0.4605119228363037
"(213, 222)",0.1225777516607458,0.12606006860733032,0.29679471254348755,0.41300517320632935
"(213, 223)",0.13086972028926347,0.1860828399658203,0.38773638010025024,0.3375224173069
"(213, 224)",0.10148082106274714,0.12207791954278946,0.26376038789749146,0.384746253490448
"(213, 225)",0.2116241541057775,0.20943576097488403,0.4903991222381592,0.4315345287322998
"(213, 226)",0.2018727909867799,0.29180708527565,0.5437289476394653,0.3712746798992157
"(213, 227)",0.1352945662067535,0.21206116676330566,0.3755115568637848,0.36029401421546936
"(213, 228)",0.09540950717081609,0.136692076921463,0.19474796950817108,0.4899127185344696
"(213, 229)",0.09624727087898588,0.14151129126548767,0.273785263299942,0.3515429198741913
"(213, 230)",0.12376476925112812,0.12814733386039734,0.3287569284439087,0.3764628469944
"(213, 231)",0.24977179183668596,0.18568620085716248,0.4837592840194702,0.5163142085075378
"(213, 232)",0.11963224970561015,0.1362333446741104,0.36653029918670654,0.32639116048812866
"(213, 233)",0.24013586742384518,0.24644216895103455,0.47712796926498413,0.5032944679260254
"(234, 243)",0.1585331361001323,0.14089155197143555,0.4937739372253418,0.32106420397758484
"(234, 244)",0.07739706590718143,0.10033629834651947,0.3209437131881714,0.24115464091300964
"(234, 245)",0.14622107632415382,0.12179180979728699,0.37634333968162537,0.38853105902671814
"(234, 246)",0.1251859878350885,0.12215295433998108,0.4521634578704834,0.2768600285053253
"(234, 247)",0.11359643757328008,0.08473880589008331,0.21714700758457184,0.5231314897537231
"(234, 248)",0.27590052763391526,0.19490808248519897,0.5827648639678955,0.4734337031841278
"(234, 249)",0.1528234553186465,0.105130136013031,0.3870614767074585,0.3948299288749695
"(234, 250)",0.29075483478272446,0.2496313452720642,0.5376858115196228,0.5407522916793823
"(234, 251)",0.16805897321211916,0.11733077466487885,0.43519699573516846,0.38616758584976196
"(235, 243)",0.14820598339094637,0.11781744658946991,0.358120858669281,0.4138434827327728
"(235, 244)",0.10720990792621876,0.09743890166282654,0.28507399559020996,0.37607747316360474
"(235, 245)",0.12303719789047562,0.10138854384422302,0.27832767367362976,0.442058801651001
"(235, 246)",0.13083410606722623,0.12223327904939651,0.37421131134033203,0.3496262729167938
"(235, 247)",0.06657635025134523,0.05985847860574722,0.1440104991197586,0.4623020589351654
"(235, 248)",0.2314161143980371,0.19969280064105988,0.4169716536998749,0.5549924373626709
"(235, 249)",0.12341528200426666,0.08758547902107239,0.24926495552062988,0.49511685967445374
"(235, 250)",0.2336809493009131,0.265668123960495,0.36539801955223083,0.6395244002342224
"(235, 251)",0.1413584948063118,0.10552700608968735,0.28810808062553406,0.4906439781188965
"(236, 243)",0.13883345922788237,0.17368049919605255,0.4312659502029419,0.3219207525253296
"(236, 244)",0.05015901229624964,0.1020980253815651,0.23986676335334778,0.20911197364330292
"(236, 245)",0.12441828273337308,0.13684716820716858,0.3526005446910858,0.3528590202331543
"(236, 246)",0.14241670775378878,0.21573594212532043,0.45946571230888367,0.30996155738830566
"(236, 247)",0.1334655186622813,0.1407320499420166,0.2184727042913437,0.6109024882316589
"(236, 248)",0.29000455496185396,0.29396852850914,0.5659172534942627,0.5124504566192627
"(236, 249)",0.12054954415194885,0.1192484050989151,0.3084677457809448,0.3908011317253113
"(236, 250)",0.27233556297695927,0.32804396748542786,0.46598711609840393,0.5844272375106812
"(236, 251)",0.1394564561915299,0.13468337059020996,0.34747424721717834,0.40134328603744507
"(237, 243)",0.12264518825199389,0.1356031745672226,0.2981574535369873,0.41134369373321533
"(237, 244)",0.10626196964352586,0.1343303918838501,0.24051477015018463,0.44181057810783386
"(237, 245)",0.1870113736581427,0.1846942901611328,0.33050593733787537,0.5658336281776428
"(237, 246)",0.10936661566706185,0.1078619658946991,0.31703242659568787,0.34496980905532837
"(237, 247)",0.06735376303393004,0.0684809684753418,0.137541264295578,0.489698588848114
"(237, 248)",0.15466207580461955,0.1666366457939148,0.3141478896141052,0.49232250452041626
"(237, 249)",0.09264384904677403,0.12654033303260803,0.19316431879997253,0.4796116054058075
"(237, 250)",0.12932394852702878,0.16605092585086823,0.23486098647117615,0.5506404042243958
"(237, 251)",0.15095055262580814,0.16256140172481537,0.2805823087692261,0.5379902720451355
"(238, 243)",0.20847575517764838,0.1896362602710724,0.3598460853099823,0.5793470144271851
"(238, 244)",0.11513069067570214,0.12104669213294983,0.21366065740585327,0.538848340511322
"(238, 245)",0.17662185592471502,0.16216006875038147,0.3000633120536804,0.5886152982711792
"(238, 246)",0.172678802801574,0.14374014735221863,0.37170422077178955,0.4645597040653229
"(238, 247)",0.08031141797193442,0.07881128042936325,0.11834688484668732,0.6786103248596191
"(238, 248)",0.3590742040726411,0.30071985721588135,0.4762985110282898,0.7538847923278809
"(238, 249)",0.17005081782239806,0.13874197006225586,0.2542450726032257,0.668846070766449
"(238, 250)",0.2878052799939077,0.27839311957359314,0.38773244619369507,0.7422780394554138
"(238, 251)",0.1998866171337106,0.17233088612556458,0.3167141079902649,0.631126344203949
"(239, 243)",0.14354463419533658,0.12175314873456955,0.5216484069824219,0.2751750648021698
"(239, 244)",0.08491966908667603,0.09780481457710266,0.3467859923839569,0.24487629532814026
"(239, 245)",0.1907479917034749,0.14137914776802063,0.4465508460998535,0.42715850472450256
"(239, 246)",0.15498156900853743,0.1438790261745453,0.4922219514846802,0.31486114859580994
"(239, 247)",0.1219146283871253,0.07827669382095337,0.2490534633398056,0.4895118772983551
"(239, 248)",0.2568684368257035,0.2021196484565735,0.6240728497505188,0.4116000831127167
"(239, 249)",0.11803900657920252,0.11334279924631119,0.3454941511154175,0.34165269136428833
"(239, 250)",0.1909708683354836,0.18986734747886658,0.4196832776069641,0.4550356864929199
"(239, 251)",0.15269066885570837,0.13494732975959778,0.41937023401260376,0.36409515142440796
"(240, 243)",0.1586701103892061,0.1682642102241516,0.38841402530670166,0.40850767493247986
"(240, 244)",0.13114261081698508,0.12225684523582458,0.3165268301963806,0.4143175184726715
"(240, 245)",0.15729178204445304,0.16783234477043152,0.3313583731651306,0.4746878147125244
"(240, 246)",0.1152003788660263,0.10822231322526932,0.3754318654537201,0.30684763193130493
"(240, 247)",0.12388691743436553,0.0903518944978714,0.2165166735649109,0.5721818804740906
"(240, 248)",0.31925541079043285,0.26818665862083435,0.5276798009872437,0.6050173044204712
"(240, 249)",0.20175180241642288,0.18963393568992615,0.3634823262691498,0.5550525784492493
"(240, 250)",0.20715803103990993,0.25081005692481995,0.37852370738983154,0.547278881072998
"(240, 251)",0.14871429880801657,0.1589547097682953,0.32774215936660767,0.4537539482116699
"(241, 243)",0.17839945981269878,0.20620284974575043,0.32041463255882263,0.5567768812179565
"(241, 244)",0.11838591791102804,0.1510099470615387,0.22836841642856598,0.5183988213539124
"(241, 245)",0.17848901642784654,0.18919867277145386,0.2862362861633301,0.6235722899436951
"(241, 246)",0.11947722739060751,0.13342425227165222,0.305156409740448,0.39152783155441284
"(241, 247)",0.11057269495621114,0.11109708249568939,0.17166370153427124,0.644123911857605
"(241, 248)",0.3449834792032682,0.2886798679828644,0.4649198353290558,0.7420278787612915
"(241, 249)",0.20635234555079052,0.2036256343126297,0.30006712675094604,0.6876872777938843
"(241, 250)",0.2304589019456671,0.2987278699874878,0.3383369445800781,0.6811520457267761
"(241, 251)",0.19180968500277729,0.19642141461372375,0.32058969140052795,0.5983027219772339
"(242, 243)",0.15477380044311762,0.21619686484336853,0.4250940978527069,0.36409303545951843
"(242, 244)",0.06482222572901541,0.11905530095100403,0.26508182287216187,0.24453666806221008
"(242, 245)",0.15505792410649022,0.1854356825351715,0.34366700053215027,0.45118653774261475
"(242, 246)",0.10673211529984528,0.13860028982162476,0.376060426235199,0.283816397190094
"(242, 247)",0.0889125359925167,0.09186132997274399,0.1641348898410797,0.5417040586471558
"(242, 248)",0.24861604684046767,0.28507357835769653,0.4777671694755554,0.5203707218170166
"(242, 249)",0.1221627034519912,0.15856105089187622,0.27959704399108887,0.43692415952682495
"(242, 250)",0.22555872133307275,0.2873596251010895,0.4005279541015625,0.5631535053253174
"(242, 251)",0.1579485032677681,0.1764669567346573,0.3782128393650055,0.4176180362701416
"(252, 273)",0.16604387176521307,0.24561113119125366,0.47685641050338745,0.34820517897605896
"(252, 274)",0.33399005140488214,0.3064359724521637,0.5559521913528442,0.6007531881332397
"(252, 275)",0.21271643609406254,0.2332010567188263,0.4057452082633972,0.5242611169815063
"(252, 276)",0.19463477631699533,0.20839904248714447,0.46801501512527466,0.4158729314804077
"(252, 277)",0.2087570960449625,0.19174650311470032,0.42359256744384766,0.4928252100944519
"(252, 278)",0.29984569608889444,0.2527957558631897,0.5306675434112549,0.5650349259376526
"(252, 279)",0.21889438239299253,0.19750961661338806,0.44953471422195435,0.48693543672561646
"(252, 280)",0.23778926772901343,0.24536821246147156,0.4769747853279114,0.4985363483428955
"(252, 281)",0.17672343372150312,0.17022404074668884,0.38756856322288513,0.4559797942638397
"(252, 282)",0.2511196943588736,0.25047358870506287,0.4660026431083679,0.5388804078102112
"(252, 283)",0.19574693895905604,0.18017899990081787,0.4170227646827698,0.46939149498939514
"(252, 284)",0.24399956759158314,0.24520666897296906,0.49784743785858154,0.4901091158390045
"(252, 285)",0.25111971320843196,0.25567626953125,0.38840264081954956,0.6465448141098022
"(252, 286)",0.21063840880975881,0.16611897945404053,0.3869607150554657,0.5443405508995056
"(252, 287)",0.1916551821259871,0.20678380131721497,0.4059852063655853,0.4720743000507355
"(252, 288)",0.27282952529670723,0.18891790509223938,0.5260270833969116,0.5186606049537659
"(252, 289)",0.3038541362680718,0.2275877296924591,0.5069444179534912,0.599383533000946
"(252, 290)",0.18700716187153255,0.15287986397743225,0.3683059513568878,0.5077494978904724
"(252, 291)",0.1477183443678598,0.21694490313529968,0.28993523120880127,0.5094873905181885
"(252, 292)",0.22051083973312302,0.26771068572998047,0.44986391067504883,0.4901723265647888
"(252, 293)",0.2818249615359605,0.3147777020931244,0.548926055431366,0.5134115219116211
"(253, 273)",0.05716034296013195,0.15416854619979858,0.5490699410438538,0.1041039377450943
"(253, 274)",0.1968042713315441,0.19216282665729523,0.6519380807876587,0.3018757104873657
"(253, 275)",0.1070638246422746,0.1484699845314026,0.48150724172592163,0.22235143184661865
"(253, 276)",0.08125037950608238,0.1083441749215126,0.521290123462677,0.15586403012275696
"(253, 277)",0.11618408421551152,0.1407562494277954,0.5276226997375488,0.2202029675245285
"(253, 278)",0.14519569429292112,0.19323846697807312,0.6597107648849487,0.22008992731571198
"(253, 279)",0.10336558022623876,0.10619420558214188,0.5314915180206299,0.19448208808898926
"(253, 280)",0.11337271614879185,0.15470090508460999,0.6166616082191467,0.18384915590286255
"(253, 281)",0.12062854644908327,0.14681202173233032,0.5121145248413086,0.2355499416589737
"(253, 282)",0.11335649850380491,0.13742582499980927,0.5545336604118347,0.20441770553588867
"(253, 283)",0.09213888823355365,0.1103985384106636,0.5399722456932068,0.1706363409757614
"(253, 284)",0.09022727544437714,0.16014450788497925,0.6052215099334717,0.14908140897750854
"(253, 285)",0.19242318645892098,0.1859276294708252,0.5018027424812317,0.3834637999534607
"(253, 286)",0.11647002231091719,0.09626021981239319,0.4945453703403473,0.23550927639007568
"(253, 287)",0.09797914958773646,0.13291937112808228,0.4901387691497803,0.19990083575248718
"(253, 288)",0.15139651085495487,0.13876721262931824,0.619939923286438,0.2442115843296051
"(253, 289)",0.16701055783434882,0.14220501482486725,0.6402932405471802,0.2608344852924347
"(253, 290)",0.10033787069590971,0.09969151020050049,0.47417116165161133,0.21160686016082764
"(253, 291)",0.09371697542194113,0.15831328928470612,0.4089096486568451,0.2291874885559082
"(253, 292)",0.08219994858225732,0.12965673208236694,0.5066194534301758,0.16225185990333557
"(253, 293)",0.11588635090780741,0.1594695746898651,0.6163372993469238,0.18802423775196075
"(254, 273)",0.16342521617273675,0.20399197936058044,0.46636879444122314,0.3504205644130707
"(254, 274)",0.21656422886964322,0.23418983817100525,0.42419660091400146,0.5105279684066772
"(254, 275)",0.1878508460735402,0.2513919770717621,0.4147532880306244,0.45292189717292786
"(254, 276)",0.21529191681662496,0.2339976578950882,0.4728844165802002,0.4552738666534424
"(254, 277)",0.16767481900360082,0.17853988707065582,0.35648083686828613,0.4703613817691803
"(254, 278)",0.23101176042931826,0.23387256264686584,0.5409734845161438,0.42702972888946533
"(254, 279)",0.24081331771276027,0.1887836903333664,0.486075222492218,0.49542397260665894
"(254, 280)",0.21154464305178067,0.20531931519508362,0.45955514907836914,0.46032482385635376
"(254, 281)",0.12405812124624482,0.1253250539302826,0.3298560678958893,0.37609773874282837
"(254, 282)",0.13341918033728106,0.19366499781608582,0.3411056399345398,0.39113742113113403
"(254, 283)",0.09226091933263092,0.13215970993041992,0.28884387016296387,0.31941449642181396
"(254, 284)",0.2008640359062186,0.2143179178237915,0.47288450598716736,0.42476341128349304
"(254, 285)",0.12899443810078282,0.19182220101356506,0.22654029726982117,0.5694105625152588
"(254, 286)",0.20098640561311498,0.17687785625457764,0.35858243703842163,0.5605026483535767
"(254, 287)",0.09054302641484302,0.15817318856716156,0.24601158499717712,0.3680437505245209
"(254, 288)",0.2164552393640493,0.14465980231761932,0.44657883048057556,0.4846965968608856
"(254, 289)",0.16819683786491169,0.17656223475933075,0.35811710357666016,0.4696699380874634
"(254, 290)",0.12320155667433941,0.11956040561199188,0.29754742980003357,0.4140568673610687
"(254, 291)",0.06787941704471834,0.17057186365127563,0.1620250940322876,0.418943852186203
"(254, 292)",0.11924006431037881,0.17897935211658478,0.3515624701976776,0.33917176723480225
"(254, 293)",0.1569228802602165,0.21314507722854614,0.3993155360221863,0.3929796516895294
"(255, 273)",0.12607623273119373,0.16468268632888794,0.519869327545166,0.24251523613929749
"(255, 274)",0.2512630388202375,0.17169193923473358,0.5819351077079773,0.43177157640457153
"(255, 275)",0.18906883738361557,0.16426847875118256,0.4818844497203827,0.3923530578613281
"(255, 276)",0.13829062989850094,0.14523839950561523,0.49719423055648804,0.2781420648097992
"(255, 277)",0.1803517716134877,0.14662331342697144,0.4710965156555176,0.3828340172767639
"(255, 278)",0.24465954292031,0.16445773839950562,0.612021803855896,0.3997562527656555
"(255, 279)",0.16748212690885111,0.12573133409023285,0.48384207487106323,0.34615039825439453
"(255, 280)",0.20626151566194117,0.16543979942798615,0.5731391310691833,0.35988035798072815
"(255, 281)",0.1325520325446483,0.1112801730632782,0.41177839040756226,0.3219013810157776
"(255, 282)",0.21778839904663272,0.16533002257347107,0.5501405000686646,0.39587777853012085
"(255, 283)",0.1855305589503864,0.13397809863090515,0.5428746342658997,0.34175580739974976
"(255, 284)",0.20367552606015238,0.19361582398414612,0.576379656791687,0.35337042808532715
"(255, 285)",0.2595326900628123,0.17083731293678284,0.4623860716819763,0.5612900257110596
"(255, 286)",0.17581854431774868,0.10464748740196228,0.4308682978153229,0.4080563485622406
"(255, 287)",0.17987785907774168,0.14983215928077698,0.47907501459121704,0.3754690885543823
"(255, 288)",0.19418694132369296,0.11766182631254196,0.5233159065246582,0.3710702061653137
"(255, 289)",0.2910740814672863,0.15993408858776093,0.5945968627929688,0.48953181505203247
"(255, 290)",0.18920000489442756,0.10447949916124344,0.46101194620132446,0.41040152311325073
"(255, 291)",0.23639007699125614,0.20704275369644165,0.43253135681152344,0.5465270280838013
"(255, 292)",0.15555147014290327,0.1430259793996811,0.49092280864715576,0.316855251789093
"(255, 293)",0.2272929452997463,0.17863976955413818,0.6100223660469055,0.37259772419929504
"(256, 273)",0.11683121118471451,0.24515444040298462,0.5426256060600281,0.21530722081661224
"(256, 274)",0.2604596400624075,0.2837132513523102,0.5738492012023926,0.4538816809654236
"(256, 275)",0.17188673048847392,0.23017698526382446,0.4693882465362549,0.36619308590888977
"(256, 276)",0.11140672011704922,0.21310608088970184,0.47410833835601807,0.23498156666755676
"(256, 277)",0.15886976541255038,0.1883161962032318,0.43820852041244507,0.3625437617301941
"(256, 278)",0.2792132079667091,0.31833767890930176,0.6732622385025024,0.4147168695926666
"(256, 279)",0.1746391910197076,0.1909784972667694,0.5372318625450134,0.3250722885131836
"(256, 280)",0.17537419400284193,0.23966482281684875,0.5445659160614014,0.3220440149307251
"(256, 281)",0.130280143478803,0.14405664801597595,0.393123596906662,0.3313974142074585
"(256, 282)",0.1930837298232646,0.24098432064056396,0.5318848490715027,0.3630179166793823
"(256, 283)",0.1880846578162636,0.21885116398334503,0.567059338092804,0.33168426156044006
"(256, 284)",0.20283009515337724,0.31254109740257263,0.5809358358383179,0.34914371371269226
"(256, 285)",0.27435403353215904,0.2762616276741028,0.455258309841156,0.6026337742805481
"(256, 286)",0.22653296423304425,0.17304904758930206,0.5067793130874634,0.44700515270233154
"(256, 287)",0.20352230451979736,0.2619338631629944,0.5154422521591187,0.39484986662864685
"(256, 288)",0.20477656811470624,0.1637326180934906,0.5590559840202332,0.3662899136543274
"(256, 289)",0.32293094150799107,0.26485908031463623,0.6453499794006348,0.5003966093063354
"(256, 290)",0.1447662895879409,0.12175165861845016,0.41087105870246887,0.3523399531841278
"(256, 291)",0.22849204741659435,0.32398736476898193,0.4434002637863159,0.5153177976608276
"(256, 292)",0.14925990042504367,0.23627963662147522,0.5086619853973389,0.29343631863594055
"(256, 293)",0.21745607207155793,0.2947584390640259,0.5995950102806091,0.3626715838909149
"(257, 273)",0.1577955224468397,0.14253756403923035,0.44954636693000793,0.3510105609893799
"(257, 274)",0.21494408107131235,0.1553729623556137,0.44195717573165894,0.48634594678878784
"(257, 275)",0.1619707223930824,0.1697143316268921,0.371010422706604,0.4365665018558502
"(257, 276)",0.20779685211209475,0.16385239362716675,0.4395216107368469,0.47277960181236267
"(257, 277)",0.14553276692440242,0.11730147898197174,0.3250409960746765,0.4477366507053375
"(257, 278)",0.23643090058727445,0.1701238602399826,0.5113968253135681,0.46232375502586365
"(257, 279)",0.20799303293640747,0.13126732409000397,0.44101977348327637,0.4716183841228485
"(257, 280)",0.16660201701584132,0.1292315423488617,0.40161481499671936,0.41483035683631897
"(257, 281)",0.1235883516042886,0.09343786537647247,0.33034127950668335,0.3741232454776764
"(257, 282)",0.14754845444744547,0.12539930641651154,0.36415448784828186,0.4051809310913086
"(257, 283)",0.100138292269353,0.09219853579998016,0.2814989984035492,0.3557323217391968
"(257, 284)",0.18616883826719466,0.15061025321483612,0.45283907651901245,0.41111478209495544
"(257, 285)",0.13940600867636732,0.1311589479446411,0.2423914670944214,0.5751275420188904
"(257, 286)",0.18863573954983082,0.1011219248175621,0.35843533277511597,0.5262755155563354
"(257, 287)",0.09734795492843595,0.11715981364250183,0.2522600293159485,0.3859032094478607
"(257, 288)",0.19262928674541513,0.09307854622602463,0.4130650758743286,0.4663412570953369
"(257, 289)",0.19733848319707903,0.12222612649202347,0.3903176188468933,0.5055843591690063
"(257, 290)",0.117271785584105,0.07926611602306366,0.28454717993736267,0.4121347665786743
"(257, 291)",0.0858116130726927,0.12425993382930756,0.17927110195159912,0.47866952419281006
"(257, 292)",0.1374223294344077,0.12341967225074768,0.35683152079582214,0.3851182460784912
"(257, 293)",0.17921990859707648,0.14430999755859375,0.42307788133621216,0.42360973358154297
"(258, 273)",0.10681595160597368,0.17949306964874268,0.45794177055358887,0.23325225710868835
"(258, 274)",0.25681424483230053,0.22481182217597961,0.6086174845695496,0.42196330428123474
"(258, 275)",0.17687358841362677,0.19637523591518402,0.4551708996295929,0.38858720660209656
"(258, 276)",0.15933398823800005,0.19007468223571777,0.4687071442604065,0.3399435877799988
"(258, 277)",0.16658045635545715,0.1602550446987152,0.44008365273475647,0.3785199820995331
"(258, 278)",0.23210787013047351,0.20604398846626282,0.5877432227134705,0.3949137330055237
"(258, 279)",0.17074200922174043,0.16987571120262146,0.4834579825401306,0.353168249130249
"(258, 280)",0.1838387179673333,0.20152625441551208,0.5231920480728149,0.35137903690338135
"(258, 281)",0.1380636472902541,0.1292521059513092,0.420428067445755,0.3283882737159729
"(258, 282)",0.19202488188665257,0.19367602467536926,0.5543801784515381,0.3463776111602783
"(258, 283)",0.1636900572922002,0.15153613686561584,0.5036780834197998,0.3249894380569458
"(258, 284)",0.1762138631506467,0.18790334463119507,0.530227780342102,0.3323361575603485
"(258, 285)",0.23688545307091857,0.19127146899700165,0.4397927224636078,0.5386297702789307
"(258, 286)",0.20214352328165486,0.15159738063812256,0.46950867772102356,0.4305426776409149
"(258, 287)",0.13110234200382465,0.1469111144542694,0.41267669200897217,0.3176877796649933
"(258, 288)",0.22029164127317102,0.1611046940088272,0.5542523860931396,0.3974572718143463
"(258, 289)",0.27138933646783414,0.1989612579345703,0.56275475025177,0.48225152492523193
"(258, 290)",0.14925225837542655,0.11358645558357239,0.3675733208656311,0.4060475826263428
"(258, 291)",0.13149329223788886,0.19725552201271057,0.3198659121990204,0.4110887944698334
"(258, 292)",0.15128420610025728,0.18260598182678223,0.48474186658859253,0.31209230422973633
"(258, 293)",0.2222818240561253,0.22463086247444153,0.6029247045516968,0.36867260932922363
"(259, 273)",0.21346263868939275,0.2376933991909027,0.41567376255989075,0.5135340690612793
"(259, 274)",0.2879748883494848,0.2167729139328003,0.4182157814502716,0.6885796785354614
"(259, 275)",0.1952496538921764,0.2083367109298706,0.33052656054496765,0.5907230377197266
"(259, 276)",0.2525422778775024,0.24995066225528717,0.4121878445148468,0.612687349319458
"(259, 277)",0.1765110390548159,0.17654161155223846,0.2886945307254791,0.6114110946655273
"(259, 278)",0.2764356748700507,0.2303803265094757,0.443203330039978,0.6237220168113708
"(259, 279)",0.27565328709289183,0.21674783527851105,0.4273962676525116,0.6449595093727112
"(259, 280)",0.23321067389689354,0.2132474184036255,0.3899115025997162,0.5981118083000183
"(259, 281)",0.11634923645425221,0.11218852549791336,0.23165227472782135,0.5022581219673157
"(259, 282)",0.2226270679189355,0.18398533761501312,0.3489808440208435,0.6379349231719971
"(259, 283)",0.16205643179870144,0.1368671953678131,0.2816825807094574,0.5753157734870911
"(259, 284)",0.20725499679386417,0.20859432220458984,0.36500945687294006,0.5678071975708008
"(259, 285)",0.176276217028132,0.16903270781040192,0.23527953028678894,0.7492203712463379
"(259, 286)",0.17121397528533144,0.12942121922969818,0.26255860924720764,0.6520981192588806
"(259, 287)",0.13717481815830368,0.1443014293909073,0.24692711234092712,0.5555275678634644
"(259, 288)",0.23377481219993257,0.13026750087738037,0.3648006319999695,0.6408289670944214
"(259, 289)",0.25856031132436286,0.18756115436553955,0.3661639988422394,0.7061325311660767
"(259, 290)",0.13563424229943166,0.12456093728542328,0.22899389266967773,0.592305064201355
"(259, 291)",0.10909216828655488,0.20225673913955688,0.16404905915260315,0.6649972200393677
"(259, 292)",0.1786243223616637,0.17326584458351135,0.33904892206192017,0.5268393754959106
"(259, 293)",0.25182741222833016,0.2180299460887909,0.41198623180389404,0.6112520098686218
"(260, 273)",0.08939521617039148,0.17434123158454895,0.5520607829093933,0.16193002462387085
"(260, 274)",0.19625647394259005,0.168100968003273,0.6297786235809326,0.31162771582603455
"(260, 275)",0.1322343669922521,0.1610850691795349,0.47450071573257446,0.27868106961250305
"(260, 276)",0.10919089543054561,0.1368958055973053,0.5281264185905457,0.20675143599510193
"(260, 277)",0.17224636953335448,0.17797863483428955,0.5180052518844604,0.3325185775756836
"(260, 278)",0.1884603190846743,0.17288632690906525,0.6445314288139343,0.29239895939826965
"(260, 279)",0.15098711546193755,0.12996302545070648,0.5432895421981812,0.27791279554367065
"(260, 280)",0.18180212032998355,0.16997236013412476,0.6127291917800903,0.29670876264572144
"(260, 281)",0.09332569490114517,0.12641896307468414,0.4343894422054291,0.21484337747097015
"(260, 282)",0.1514166417056355,0.16672420501708984,0.5686793923377991,0.2662601172924042
"(260, 283)",0.13448367312334142,0.14273005723953247,0.5693182945251465,0.23621878027915955
"(260, 284)",0.13763989838275847,0.1869744509458542,0.5817199945449829,0.23660850524902344
"(260, 285)",0.1926719375106032,0.1482759565114975,0.47085267305374146,0.40919792652130127
"(260, 286)",0.16015874026626964,0.11115214228630066,0.48743799328804016,0.328572541475296
"(260, 287)",0.13638566407927577,0.14813265204429626,0.4816533923149109,0.2831614315509796
"(260, 288)",0.1672421227862131,0.13365988433361053,0.5959427356719971,0.2806345522403717
"(260, 289)",0.21949860594772552,0.16076777875423431,0.6217667460441589,0.35302403569221497
"(260, 290)",0.12435763548098677,0.10611339658498764,0.41705381870269775,0.2981812655925751
"(260, 291)",0.15722347874855025,0.20909398794174194,0.4094005525112152,0.3840333819389343
"(260, 292)",0.0973506440399774,0.12891218066215515,0.5010703206062317,0.19428539276123047
"(260, 293)",0.13056594040790515,0.16653260588645935,0.58624267578125,0.2227165400981903
"(261, 273)",0.1250236289377753,0.23896043002605438,0.4512764811515808,0.277044415473938
"(261, 274)",0.2788455994525947,0.24742227792739868,0.5353068113327026,0.520907998085022
"(261, 275)",0.14925384464374414,0.2095695436000824,0.37534746527671814,0.3976418077945709
"(261, 276)",0.15735809841862647,0.22056034207344055,0.4364166259765625,0.3605685234069824
"(261, 277)",0.15475689594911302,0.17570796608924866,0.366458535194397,0.4223039746284485
"(261, 278)",0.2192646491731054,0.23862087726593018,0.5341204404830933,0.41051536798477173
"(261, 279)",0.1817959105436424,0.18697696924209595,0.4376808702945709,0.41536179184913635
"(261, 280)",0.19497966913805698,0.2336883842945099,0.48448362946510315,0.4024484157562256
"(261, 281)",0.10729369846761294,0.12125749886035919,0.3082250654697418,0.34810179471969604
"(261, 282)",0.17565879526565276,0.20560020208358765,0.4465474784374237,0.39337092638015747
"(261, 283)",0.16600757329491422,0.18756571412086487,0.43554481863975525,0.3811492323875427
"(261, 284)",0.16711915692961288,0.22599507868289948,0.43940773606300354,0.3803282082080841
"(261, 285)",0.1980243036864806,0.19874148070812225,0.357867956161499,0.5533446073532104
"(261, 286)",0.16376666555983377,0.1468493491411209,0.35910674929618835,0.4560389518737793
"(261, 287)",0.13792778280608076,0.18319013714790344,0.3662569522857666,0.37658748030662537
"(261, 288)",0.17505468829967974,0.14073356986045837,0.4369855225086212,0.40059608221054077
"(261, 289)",0.24019803681514418,0.22507326304912567,0.4836437702178955,0.49664247035980225
"(261, 290)",0.1559062960700075,0.13413697481155396,0.3595322370529175,0.43363648653030396
"(261, 291)",0.1768150007541287,0.2850766181945801,0.3251107335090637,0.5438608527183533
"(261, 292)",0.15657252546987177,0.21322986483573914,0.4356076419353485,0.35943475365638733
"(261, 293)",0.22635096955331768,0.2744966745376587,0.5516708493232727,0.41030076146125793
"(262, 273)",0.10098124916812168,0.19224606454372406,0.37554776668548584,0.2688905596733093
"(262, 274)",0.15558273418244184,0.1843024343252182,0.38956958055496216,0.39937084913253784
"(262, 275)",0.11170170109835453,0.16503246128559113,0.32647705078125,0.34214258193969727
"(262, 276)",0.106722940895013,0.15953685343265533,0.3301222026348114,0.3232831358909607
"(262, 277)",0.10596810538870916,0.14402195811271667,0.28333696722984314,0.37400028109550476
"(262, 278)",0.15148177563351073,0.20401614904403687,0.3921501338481903,0.3862851560115814
"(262, 279)",0.13499419094787513,0.14609652757644653,0.369117796421051,0.3657211661338806
"(262, 280)",0.11969066097645431,0.16502009332180023,0.34407564997673035,0.34786146879196167
"(262, 281)",0.10034253996037634,0.1333548128604889,0.28947198390960693,0.3466399013996124
"(262, 282)",0.1248448212447002,0.1589723378419876,0.37050697207450867,0.3369567394256592
"(262, 283)",0.0843728121862739,0.1265099048614502,0.3011842966079712,0.2801368236541748
"(262, 284)",0.11277813915028467,0.1612609326839447,0.3367309868335724,0.33492058515548706
"(262, 285)",0.11194653701438106,0.1384132206439972,0.2353542447090149,0.47565123438835144
"(262, 286)",0.11205553031122761,0.11719302833080292,0.283347487449646,0.39547035098075867
"(262, 287)",0.07500050377695633,0.12155464291572571,0.25720593333244324,0.2915970981121063
"(262, 288)",0.1617425787862441,0.16594484448432922,0.40177544951438904,0.40256959199905396
"(262, 289)",0.15183929910786986,0.16192732751369476,0.3492659032344818,0.4347383975982666
"(262, 290)",0.09569045639420182,0.11336925625801086,0.26337772607803345,0.3633202314376831
"(262, 291)",0.07073146769249661,0.1635769158601761,0.1980956792831421,0.3570570945739746
"(262, 292)",0.09039814865098705,0.1519872099161148,0.31512337923049927,0.28686589002609253
"(262, 293)",0.13621344890910336,0.1960202157497406,0.37625956535339355,0.3620198965072632
"(263, 273)",0.10628975387491835,0.17873527109622955,0.2761397063732147,0.38491296768188477
"(263, 274)",0.24985949960029785,0.24809660017490387,0.40234267711639404,0.6210116744041443
"(263, 275)",0.13123124301929678,0.17203009128570557,0.2452968955039978,0.5349894165992737
"(263, 276)",0.12249456371519685,0.16513726115226746,0.26163142919540405,0.4681951403617859
"(263, 277)",0.10804027744834777,0.12429444491863251,0.23644426465034485,0.45693761110305786
"(263, 278)",0.17553038598423498,0.1909427046775818,0.3350621163845062,0.5238741636276245
"(263, 279)",0.1478551179168619,0.15051230788230896,0.2870887517929077,0.5150153636932373
"(263, 280)",0.14000333226604766,0.17194676399230957,0.28563737869262695,0.4901435971260071
"(263, 281)",0.10675254493731678,0.1503785252571106,0.23585519194602966,0.4526190161705017
"(263, 282)",0.22728961726485863,0.20602980256080627,0.4181841015815735,0.543515682220459
"(263, 283)",0.11530724811487758,0.1263362169265747,0.25335371494293213,0.45512357354164124
"(263, 284)",0.1613444508519546,0.23192840814590454,0.3244420886039734,0.49729815125465393
"(263, 285)",0.1394624709979162,0.17239773273468018,0.21521085500717163,0.6480271220207214
"(263, 286)",0.12215300310423949,0.127339169383049,0.2341686189174652,0.5216454863548279
"(263, 287)",0.10655495902528456,0.15578585863113403,0.2428913563489914,0.43869391083717346
"(263, 288)",0.17599577175550962,0.15054354071617126,0.33318984508514404,0.528214693069458
"(263, 289)",0.16972863239951863,0.1630597710609436,0.28760427236557007,0.5901464223861694
"(263, 290)",0.10241591267009298,0.10923159122467041,0.20372410118579865,0.5027186870574951
"(263, 291)",0.0879256643658124,0.18935498595237732,0.15578392148017883,0.5644078254699707
"(263, 292)",0.21077941391029853,0.21035200357437134,0.3910506069660187,0.5390080213546753
"(263, 293)",0.17005471283909124,0.1978277862071991,0.33274564146995544,0.5110651850700378
"(264, 273)",0.2056400805801708,0.20870475471019745,0.3660230040550232,0.5618228316307068
"(264, 274)",0.2699830727335595,0.21157041192054749,0.37168562412261963,0.7263748049736023
"(264, 275)",0.16331134124470736,0.18380069732666016,0.2682247757911682,0.6088600158691406
"(264, 276)",0.20657545675493338,0.18627890944480896,0.32464540004730225,0.6363110542297363
"(264, 277)",0.15497472619532715,0.13218773901462555,0.2444356083869934,0.6340104341506958
"(264, 278)",0.2498474879466528,0.16925263404846191,0.3964841365814209,0.6301575899124146
"(264, 279)",0.2450179457082413,0.16436685621738434,0.36572265625,0.6699556112289429
"(264, 280)",0.2039481529795779,0.16125187277793884,0.33068811893463135,0.6167386770248413
"(264, 281)",0.13706456744203166,0.10919743776321411,0.24910849332809448,0.5502203702926636
"(264, 282)",0.1899916338981278,0.14998874068260193,0.3036092221736908,0.6257768869400024
"(264, 283)",0.15061652016115623,0.1090087890625,0.2673574388027191,0.563352644443512
"(264, 284)",0.18471707847927732,0.16466689109802246,0.3147386908531189,0.5868902802467346
"(264, 285)",0.16316530961622,0.1464180052280426,0.21971330046653748,0.742628276348114
"(264, 286)",0.17286157375292532,0.12495407462120056,0.2540130615234375,0.6805223822593689
"(264, 287)",0.1236676904828613,0.12075294554233551,0.23361718654632568,0.5293604135513306
"(264, 288)",0.2199211591486261,0.12650156021118164,0.3369559347629547,0.6526703834533691
"(264, 289)",0.23336191220558078,0.16085268557071686,0.33109381794929504,0.7048211097717285
"(264, 290)",0.14168802377321477,0.1014266088604927,0.23508383333683014,0.6027127504348755
"(264, 291)",0.09772673482389038,0.16533567011356354,0.1497756391763687,0.6524875164031982
"(264, 292)",0.14719241177149733,0.15362869203090668,0.27561649680137634,0.5340479016304016
"(264, 293)",0.2315054509839385,0.21457648277282715,0.35133516788482666,0.6589304804801941
"(265, 273)",0.18570370838073913,0.19508089125156403,0.4499054551124573,0.4127616286277771
"(265, 274)",0.24297114838288714,0.1814095675945282,0.4416557252407074,0.5501369833946228
"(265, 275)",0.1705831212314557,0.1781511753797531,0.361451655626297,0.47193896770477295
"(265, 276)",0.19861791834510623,0.19708296656608582,0.42470458149909973,0.4676613509654999
"(265, 277)",0.15059262377821447,0.12538573145866394,0.3180531859397888,0.47348251938819885
"(265, 278)",0.2594535519334933,0.214979887008667,0.4644635021686554,0.558609127998352
"(265, 279)",0.2287261011977506,0.15289732813835144,0.434261679649353,0.5267010927200317
"(265, 280)",0.17577990731290072,0.1445256471633911,0.39615750312805176,0.44371217489242554
"(265, 281)",0.13247308124981316,0.10768642276525497,0.3165293037891388,0.4185175895690918
"(265, 282)",0.19122995109029617,0.15346293151378632,0.3890007436275482,0.49159276485443115
"(265, 283)",0.14558910365632727,0.12060752511024475,0.3139854967594147,0.4636809825897217
"(265, 284)",0.2008668436419292,0.1786474734544754,0.4237736761569977,0.473995566368103
"(265, 285)",0.1656172754691223,0.13366861641407013,0.2693905532360077,0.6147850155830383
"(265, 286)",0.1647054331550386,0.10673732310533524,0.31831926107406616,0.5174221396446228
"(265, 287)",0.12779433983282829,0.1307787001132965,0.29422420263290405,0.4343433976173401
"(265, 288)",0.19882148457371684,0.10963287204504013,0.39524298906326294,0.5030360817909241
"(265, 289)",0.2379345077460826,0.15317215025424957,0.4096302390098572,0.5808519124984741
"(265, 290)",0.17021540255504952,0.12869425117969513,0.3508511185646057,0.48514994978904724
"(265, 291)",0.10380696911994391,0.14504550397396088,0.20727872848510742,0.500808596611023
"(265, 292)",0.15403319136851223,0.14622762799263,0.3508892059326172,0.4389795660972595
"(265, 293)",0.2236981816656396,0.20833706855773926,0.44573915004730225,0.5018589496612549
"(266, 273)",0.16278111361978276,0.2650197446346283,0.39184772968292236,0.4154193103313446
"(266, 274)",0.21530172061488884,0.21983714401721954,0.36562061309814453,0.5888664722442627
"(266, 275)",0.1446275671441981,0.20433439314365387,0.3087800443172455,0.4683837890625
"(266, 276)",0.15701452708022146,0.20684631168842316,0.33860349655151367,0.46371206641197205
"(266, 277)",0.1566213511658887,0.17557337880134583,0.27769818902015686,0.5639984607696533
"(266, 278)",0.23171161556257402,0.28740864992141724,0.4282413721084595,0.5410771369934082
"(266, 279)",0.18908262761656403,0.18055351078510284,0.3739861249923706,0.5055872797966003
"(266, 280)",0.17780853946935338,0.19383540749549866,0.34688258171081543,0.5125899910926819
"(266, 281)",0.14459972548684163,0.1644444763660431,0.29730224609375,0.48637279868125916
"(266, 282)",0.16353641903273086,0.18547335267066956,0.3376840353012085,0.4842882752418518
"(266, 283)",0.11905661771986153,0.15006381273269653,0.2875736355781555,0.4140039384365082
"(266, 284)",0.1857278618637217,0.23857732117176056,0.3806549906730652,0.4879165291786194
"(266, 285)",0.15681137874847195,0.18908508121967316,0.2328895628452301,0.6733293533325195
"(266, 286)",0.15064841582987754,0.1398119032382965,0.2734867334365845,0.5508435964584351
"(266, 287)",0.11749291023299513,0.15076133608818054,0.27426260709762573,0.42839565873146057
"(266, 288)",0.18581182883323777,0.1733739972114563,0.34857094287872314,0.5330674648284912
"(266, 289)",0.2258374807024044,0.2092418670654297,0.3747348487377167,0.6026594042778015
"(266, 290)",0.1111727408854346,0.12673601508140564,0.22850267589092255,0.48652708530426025
"(266, 291)",0.08856483836076068,0.20700860023498535,0.18205778300762177,0.48646554350852966
"(266, 292)",0.1309825233666384,0.20824125409126282,0.3218391537666321,0.40698131918907166
"(266, 293)",0.20219562017232562,0.25643137097358704,0.3864513039588928,0.5232111215591431
"(267, 273)",0.09410917228059867,0.14651882648468018,0.4112653434276581,0.22882835566997528
"(267, 274)",0.21993996839780294,0.16458722949028015,0.47840797901153564,0.4597330689430237
"(267, 275)",0.14592663603064082,0.13729524612426758,0.3642784357070923,0.4005909264087677
"(267, 276)",0.10013623408124062,0.11161322146654129,0.3628973662853241,0.27593541145324707
"(267, 277)",0.13161040221664422,0.12513528764247894,0.3414091467857361,0.3854917287826538
"(267, 278)",0.22948892097334195,0.15369752049446106,0.5256207585334778,0.4366055130958557
"(267, 279)",0.13862670020229473,0.11233256012201309,0.4054306745529175,0.3419245481491089
"(267, 280)",0.16204470658193149,0.1420471966266632,0.4370274841785431,0.3707883656024933
"(267, 281)",0.0979279936501598,0.09702558815479279,0.3046989440917969,0.32139262557029724
"(267, 282)",0.17537571634246607,0.14563027024269104,0.442921906709671,0.3959517776966095
"(267, 283)",0.15311935508587737,0.11299604922533035,0.42262426018714905,0.3623061180114746
"(267, 284)",0.1485243328421859,0.14683616161346436,0.4340195655822754,0.34220653772354126
"(267, 285)",0.19970224841328488,0.16880002617835999,0.3534345030784607,0.5650332570075989
"(267, 286)",0.10899687775236089,0.08691097050905228,0.2908003330230713,0.37481689453125
"(267, 287)",0.12340920186048265,0.12829488515853882,0.3518056869506836,0.3507879674434662
"(267, 288)",0.13790332662996008,0.10389648377895355,0.38405534625053406,0.3590714931488037
"(267, 289)",0.224395950188514,0.14145149290561676,0.4833664000034332,0.46423572301864624
"(267, 290)",0.12415434884220744,0.0881207063794136,0.3119501769542694,0.39799416065216064
"(267, 291)",0.1804425792899167,0.18927058577537537,0.34683966636657715,0.5202478170394897
"(267, 292)",0.1179872110962048,0.12613923847675323,0.4049259126186371,0.29137974977493286
"(267, 293)",0.19146681657712605,0.16281411051750183,0.5146318674087524,0.37204617261886597
"(268, 273)",0.10072566840011454,0.16970288753509521,0.29529184103012085,0.34110549092292786
"(268, 274)",0.2683158086945525,0.2211674600839615,0.4017743468284607,0.6678271293640137
"(268, 275)",0.1616981759661691,0.22405996918678284,0.2897179424762726,0.5581227540969849
"(268, 276)",0.13623374055612203,0.16779553890228271,0.28788793087005615,0.4732179641723633
"(268, 277)",0.14210288926210524,0.15575188398361206,0.27754104137420654,0.5120067596435547
"(268, 278)",0.2181613376364666,0.22519412636756897,0.3919878900051117,0.5565512180328369
"(268, 279)",0.16854736385086078,0.17739373445510864,0.3228398859500885,0.5220772624015808
"(268, 280)",0.1875865125242573,0.23697656393051147,0.35074886679649353,0.5348171591758728
"(268, 281)",0.1034907576240407,0.11406120657920837,0.2270260453224182,0.4558541178703308
"(268, 282)",0.19879018143988958,0.19996340572834015,0.36287379264831543,0.5478218197822571
"(268, 283)",0.1464486321271945,0.16750486195087433,0.3006226122379303,0.4871510863304138
"(268, 284)",0.17700025699632604,0.21453949809074402,0.34428146481513977,0.5141149759292603
"(268, 285)",0.16047978663534934,0.18892747163772583,0.23404967784881592,0.685665488243103
"(268, 286)",0.14274060945831657,0.1316194385290146,0.25388357043266296,0.5622286200523376
"(268, 287)",0.11504498721445167,0.15187624096870422,0.25739508867263794,0.4469587504863739
"(268, 288)",0.20315358913416226,0.14720699191093445,0.358236163854599,0.5670940279960632
"(268, 289)",0.23609153449551457,0.19331225752830505,0.36859211325645447,0.6405224800109863
"(268, 290)",0.1153688456011448,0.10392938554286957,0.2183372527360916,0.5283974409103394
"(268, 291)",0.10708763984875702,0.17172856628894806,0.17755401134490967,0.603127121925354
"(268, 292)",0.15394280341321753,0.17686769366264343,0.3215130865573883,0.478807270526886
"(268, 293)",0.22748143693193157,0.18962398171424866,0.39994722604751587,0.5687786340713501
"(269, 273)",0.16409139066582412,0.1636018455028534,0.3605778217315674,0.45507898926734924
"(269, 274)",0.282338864842302,0.2055787742137909,0.42850255966186523,0.6588965654373169
"(269, 275)",0.18115201328853914,0.1769409328699112,0.3374035358428955,0.5369001626968384
"(269, 276)",0.2197207172078155,0.16152483224868774,0.39196959137916565,0.5605555176734924
"(269, 277)",0.1668256754828512,0.13460811972618103,0.28585121035575867,0.5836101770401001
"(269, 278)",0.24349426442609,0.16121946275234222,0.4285106658935547,0.568233847618103
"(269, 279)",0.22837236737343503,0.12800514698028564,0.39445072412490845,0.5789629817008972
"(269, 280)",0.21003023290543155,0.1435704529285431,0.35622555017471313,0.5895990133285522
"(269, 281)",0.12077598018616342,0.10226049274206161,0.2565525770187378,0.47076502442359924
"(269, 282)",0.19973868171126163,0.16815128922462463,0.34958818554878235,0.5713542103767395
"(269, 283)",0.12950740135053707,0.10971519351005554,0.2785801887512207,0.4648837447166443
"(269, 284)",0.1899710571036195,0.15322637557983398,0.35374024510383606,0.5370354652404785
"(269, 285)",0.14921068175150154,0.16240042448043823,0.22185274958610535,0.672566294670105
"(269, 286)",0.1873545426860801,0.12059812992811203,0.2909589409828186,0.6439208984375
"(269, 287)",0.11132882628374974,0.13469146192073822,0.24222426116466522,0.45961055159568787
"(269, 288)",0.2301397010816295,0.11712680757045746,0.376972496509552,0.6104946732521057
"(269, 289)",0.22078151088270914,0.13596782088279724,0.3535957932472229,0.6243895292282104
"(269, 290)",0.13315309564776356,0.08694060146808624,0.23915249109268188,0.5567706823348999
"(269, 291)",0.08936053133245192,0.14593355357646942,0.15455760061740875,0.5781697630882263
"(269, 292)",0.13198837042150302,0.1254693865776062,0.2997439503669739,0.44033706188201904
"(269, 293)",0.22417596221657732,0.18526454269886017,0.39440393447875977,0.5683917999267578
"(270, 273)",0.09988104010295107,0.11910824477672577,0.4418348968029022,0.22605964541435242
"(270, 274)",0.23638584844319865,0.14500796794891357,0.5720506906509399,0.41322535276412964
"(270, 275)",0.17062136235061676,0.15412363409996033,0.43313416838645935,0.3939226567745209
"(270, 276)",0.14688485961671205,0.12549015879631042,0.4767969846725464,0.30806583166122437
"(270, 277)",0.18000160502419593,0.13042983412742615,0.43896302580833435,0.41006097197532654
"(270, 278)",0.23629183942392729,0.14617618918418884,0.5961246490478516,0.39637991786003113
"(270, 279)",0.1639118486569746,0.10249200463294983,0.46995311975479126,0.348783403635025
"(270, 280)",0.1966679357097334,0.12365847826004028,0.5022105574607849,0.39160454273223877
"(270, 281)",0.10903985031863783,0.0875108540058136,0.3775597810745239,0.28880155086517334
"(270, 282)",0.17728979630345876,0.13146397471427917,0.5164207220077515,0.34330496191978455
"(270, 283)",0.17481109734784006,0.11869272589683533,0.5392443537712097,0.32417789101600647
"(270, 284)",0.15624411778716762,0.12223260849714279,0.5019072890281677,0.31130075454711914
"(270, 285)",0.19415235060137093,0.137495756149292,0.3866720199584961,0.5021111965179443
"(270, 286)",0.17302291796203662,0.0905395895242691,0.3932119607925415,0.44002455472946167
"(270, 287)",0.1397657648223678,0.11576741188764572,0.3864196836948395,0.36169421672821045
"(270, 288)",0.17071323688778506,0.09317361563444138,0.5104215741157532,0.33445537090301514
"(270, 289)",0.2628552202004357,0.12562808394432068,0.56866455078125,0.46223247051239014
"(270, 290)",0.14287003298966372,0.08388364315032959,0.3526197373867035,0.40516743063926697
"(270, 291)",0.17725608846632923,0.1400175243616104,0.3604772388935089,0.4917261600494385
"(270, 292)",0.11979777432685079,0.10812696814537048,0.4455433785915375,0.268880158662796
"(270, 293)",0.17525655187445466,0.12445806711912155,0.5519804954528809,0.31750497221946716
"(271, 273)",0.16980670599370917,0.11946555227041245,0.3993358314037323,0.42522281408309937
"(271, 274)",0.19346927090145982,0.12258023023605347,0.3316001892089844,0.5834413766860962
"(271, 275)",0.22162597402485318,0.15439185500144958,0.3750995397567749,0.5908457636833191
"(271, 276)",0.24335391944623552,0.14678946137428284,0.426513671875,0.5705653429031372
"(271, 277)",0.1702010766209483,0.10237745940685272,0.3175896406173706,0.5359150767326355
"(271, 278)",0.2597743048760037,0.1298266500234604,0.4698331356048584,0.5529075860977173
"(271, 279)",0.24397972405290957,0.12651410698890686,0.43982723355293274,0.5547171831130981
"(271, 280)",0.19743654030753532,0.13226284086704254,0.38354283571243286,0.5147705078125
"(271, 281)",0.1297608001958963,0.07815118134021759,0.28820979595184326,0.45023036003112793
"(271, 282)",0.1494791812604035,0.09853857755661011,0.2885758876800537,0.5179891586303711
"(271, 283)",0.09728748889662686,0.0662439838051796,0.21385245025157928,0.45492810010910034
"(271, 284)",0.24186875261023033,0.1344519853591919,0.4505336284637451,0.5368494987487793
"(271, 285)",0.1265470409973659,0.10997899621725082,0.1898299753665924,0.6666336059570312
"(271, 286)",0.18818034822198015,0.09592076390981674,0.3110082447528839,0.6050654649734497
"(271, 287)",0.09194538037887323,0.09362224489450455,0.1994750201702118,0.4609368145465851
"(271, 288)",0.2270097577090251,0.08699841052293777,0.40379253029823303,0.5621940493583679
"(271, 289)",0.16004690027364887,0.09239260852336884,0.2705995440483093,0.591452956199646
"(271, 290)",0.14371590889476238,0.07867491245269775,0.2755579948425293,0.5215450525283813
"(271, 291)",0.0737582776424226,0.0951329842209816,0.13566681742668152,0.5436722040176392
"(271, 292)",0.14383939339538365,0.1063985526561737,0.29615142941474915,0.48569542169570923
"(271, 293)",0.1680046934807784,0.11290796846151352,0.34472936391830444,0.4873524308204651
"(272, 273)",0.17884422898992192,0.189845010638237,0.4132753312587738,0.43274837732315063
"(272, 274)",0.21518700872663743,0.19437260925769806,0.34136641025543213,0.6303696036338806
"(272, 275)",0.22032933354802253,0.21546703577041626,0.36768102645874023,0.5992404222488403
"(272, 276)",0.2577168372347689,0.23219087719917297,0.4403174817562103,0.5852977633476257
"(272, 277)",0.1785507502705741,0.15676656365394592,0.3257443904876709,0.5481314659118652
"(272, 278)",0.27422430969552636,0.22231276333332062,0.4727246165275574,0.5800931453704834
"(272, 279)",0.2623679542065318,0.19292029738426208,0.4471612870693207,0.5867412090301514
"(272, 280)",0.21193941823005247,0.2026616632938385,0.38593432307243347,0.5491592884063721
"(272, 281)",0.14565850867450436,0.1288028508424759,0.30740559101104736,0.4738316833972931
"(272, 282)",0.16441302782856582,0.15071411430835724,0.2994566559791565,0.5490378141403198
"(272, 283)",0.1005991916856912,0.10966441035270691,0.20970405638217926,0.4797198176383972
"(272, 284)",0.25211853518752747,0.21679523587226868,0.45162004232406616,0.5582536458969116
"(272, 285)",0.14342204466090713,0.16922609508037567,0.2108992040157318,0.6800501942634583
"(272, 286)",0.18871535484574942,0.14464035630226135,0.30504074692726135,0.6186562180519104
"(272, 287)",0.1091334527847394,0.13032421469688416,0.22447329759597778,0.48617565631866455
"(272, 288)",0.23706624277262378,0.1394609808921814,0.406127393245697,0.5837238430976868
"(272, 289)",0.1658434355632039,0.14359472692012787,0.27554014325141907,0.6018848419189453
"(272, 290)",0.13769817874668888,0.10868360102176666,0.26402759552001953,0.521529495716095
"(272, 291)",0.0755442300843514,0.14705190062522888,0.14066199958324432,0.5370621085166931
"(272, 292)",0.149793123010582,0.17335517704486847,0.2956521511077881,0.5066532492637634
"(272, 293)",0.1893529765616897,0.1998063027858734,0.35807332396507263,0.5288106203079224
"(294, 308)",0.15185048819253755,0.15918368101119995,0.36851266026496887,0.4120631515979767
"(294, 309)",0.17128914278720586,0.16443729400634766,0.47105130553245544,0.36363160610198975
"(294, 310)",0.12517449823636895,0.11128044873476028,0.5399003624916077,0.23184740543365479
"(294, 311)",0.17251077207907173,0.14613358676433563,0.4620092511177063,0.3733924627304077
"(294, 312)",0.14127851204676567,0.12101244926452637,0.5963321328163147,0.23691245913505554
"(294, 313)",0.1723276212480318,0.14849010109901428,0.5336562991142273,0.32291874289512634
"(294, 314)",0.17758749861101641,0.15670791268348694,0.488892138004303,0.3632447421550751
"(294, 315)",0.17510788430178081,0.21698078513145447,0.44553834199905396,0.39302539825439453
"(294, 316)",0.1557494398212178,0.20742571353912354,0.6114915013313293,0.25470417737960815
"(294, 317)",0.13388457955058186,0.11978475749492645,0.558896541595459,0.2395516335964203
"(294, 318)",0.14447283120057186,0.1471632421016693,0.43774572014808655,0.33003824949264526
"(294, 319)",0.17002489908522556,0.13947100937366486,0.39088767766952515,0.43497124314308167
"(294, 320)",0.13949140040852015,0.09993459284305573,0.44595420360565186,0.312793105840683
"(294, 321)",0.16374005535553238,0.16923776268959045,0.5891561508178711,0.27792301774024963
"(295, 308)",0.10429396808479119,0.11018683016300201,0.22536593675613403,0.4627760946750641
"(295, 309)",0.2522425920295568,0.1288934051990509,0.4864172637462616,0.5185724496841431
"(295, 310)",0.26931719325767745,0.1348256766796112,0.592242419719696,0.4547414779663086
"(295, 311)",0.19865747885569718,0.12139976769685745,0.43442612886428833,0.45728713274002075
"(295, 312)",0.22891780471153922,0.11243565380573273,0.6060388684272766,0.3777279257774353
"(295, 313)",0.2503218294087617,0.1314750760793686,0.5415844917297363,0.4622027277946472
"(295, 314)",0.17844164151384057,0.11274515837430954,0.4116014838218689,0.43353012204170227
"(295, 315)",0.2170182640622187,0.17685537040233612,0.414168119430542,0.5239859223365784
"(295, 316)",0.27228321581068826,0.1906866729259491,0.6114687919616699,0.44529372453689575
"(295, 317)",0.17981656142703173,0.10817459225654602,0.5906797647476196,0.30442309379577637
"(295, 318)",0.177349927860055,0.14169982075691223,0.3887479901313782,0.4562079608440399
"(295, 319)",0.21207223811874343,0.09751396626234055,0.3871642053127289,0.5477578639984131
"(295, 320)",0.1743242691134297,0.08140641450881958,0.392864853143692,0.4437257945537567
"(295, 321)",0.2311966417047806,0.14359207451343536,0.5770250558853149,0.40067002177238464
"(296, 308)",0.07761548742599444,0.13576240837574005,0.1659749150276184,0.46763384342193604
"(296, 309)",0.2276186525041375,0.20569881796836853,0.39384084939956665,0.5779457688331604
"(296, 310)",0.2155321916769921,0.1579769104719162,0.445459246635437,0.483842670917511
"(296, 311)",0.11763835118667743,0.1218252032995224,0.23507028818130493,0.5004390478134155
"(296, 312)",0.21973303832510283,0.16357246041297913,0.49813807010650635,0.44110870361328125
"(296, 313)",0.22888153691115498,0.17366787791252136,0.4276897609233856,0.5351578593254089
"(296, 314)",0.11889727404947337,0.1332540065050125,0.253670871257782,0.4687068462371826
"(296, 315)",0.1864738510309003,0.22368521988391876,0.3331911265850067,0.5596603155136108
"(296, 316)",0.23815697326170948,0.24471202492713928,0.4907345771789551,0.48530709743499756
"(296, 317)",0.18365496949980908,0.13648177683353424,0.43458878993988037,0.42259481549263
"(296, 318)",0.09905781060789387,0.1434204876422882,0.21685832738876343,0.45678582787513733
"(296, 319)",0.16215331988300363,0.1505327820777893,0.2871116101741791,0.5647745132446289
"(296, 320)",0.14525865714764308,0.10409091413021088,0.29940497875213623,0.4851577877998352
"(296, 321)",0.19889887316960397,0.18575575947761536,0.41897282004356384,0.4747297763824463
"(297, 308)",0.1298426121622498,0.2009783685207367,0.2398974895477295,0.5412420630455017
"(297, 309)",0.31817631874692154,0.19815675914287567,0.5355222225189209,0.5941421389579773
"(297, 310)",0.3378569230576609,0.2216067612171173,0.6260599493980408,0.539655864238739
"(297, 311)",0.20241431395022147,0.17938090860843658,0.39019280672073364,0.5187546014785767
"(297, 312)",0.2968921298329512,0.2265615016222,0.6440454125404358,0.4609801173210144
"(297, 313)",0.30328513783751987,0.22530698776245117,0.589515209197998,0.51446533203125
"(297, 314)",0.19342762031443073,0.18531522154808044,0.39687132835388184,0.4873811900615692
"(297, 315)",0.26982080678262577,0.28685805201530457,0.45379963517189026,0.5945813655853271
"(297, 316)",0.3667158494348186,0.3172694146633148,0.6573289036750793,0.5578879117965698
"(297, 317)",0.23200608145854673,0.1593177616596222,0.6296599507331848,0.3684625029563904
"(297, 318)",0.17636790133209956,0.19989082217216492,0.34063637256622314,0.5177600383758545
"(297, 319)",0.2269424225010397,0.18477916717529297,0.37786543369293213,0.6005905866622925
"(297, 320)",0.19770570548847388,0.11055534332990646,0.41771775484085083,0.4732997417449951
"(297, 321)",0.2784217333576642,0.20528793334960938,0.594526469707489,0.46830838918685913
"(298, 308)",0.047696951335711724,0.09022322297096252,0.12051157653331757,0.3957872986793518
"(298, 309)",0.13600168485740127,0.11175581812858582,0.3051679730415344,0.445661723613739
"(298, 310)",0.15168452961397705,0.12417212873697281,0.384318470954895,0.39468446373939514
"(298, 311)",0.08348027853980922,0.10521141439676285,0.2165183275938034,0.3855575621128082
"(298, 312)",0.1680485143486692,0.1458607167005539,0.45443597435951233,0.3697957992553711
"(298, 313)",0.12536515236138346,0.10928651690483093,0.32232990860939026,0.38893428444862366
"(298, 314)",0.09306793447029094,0.10636348277330399,0.2512340843677521,0.37044310569763184
"(298, 315)",0.14178467162742336,0.17862650752067566,0.27903714776039124,0.508121132850647
"(298, 316)",0.1564008576906062,0.17346061766147614,0.4251183867454529,0.3678995370864868
"(298, 317)",0.11274635142222689,0.10465474426746368,0.4104814827442169,0.27466854453086853
"(298, 318)",0.07906059080398364,0.1086764931678772,0.20202556252479553,0.3913395404815674
"(298, 319)",0.10218158270473854,0.09195367991924286,0.20447996258735657,0.4997144043445587
"(298, 320)",0.0945858602990981,0.07257704436779022,0.24198907613754272,0.39086830615997314
"(298, 321)",0.11976601090377681,0.12070056796073914,0.36370864510536194,0.32929107546806335
"(299, 308)",0.11920228037403469,0.17633609473705292,0.28747329115867615,0.4146551489830017
"(299, 309)",0.12792470982965654,0.16355091333389282,0.3868032693862915,0.3307229280471802
"(299, 310)",0.12080240666685427,0.15825113654136658,0.48318612575531006,0.2500121593475342
"(299, 311)",0.17274690430967432,0.19471442699432373,0.4555695950984955,0.3791888356208801
"(299, 312)",0.16613325841211868,0.2003774642944336,0.5770437121391296,0.28790411353111267
"(299, 313)",0.1528490383546801,0.18631501495838165,0.46372750401496887,0.32960960268974304
"(299, 314)",0.13470955589812128,0.18194732069969177,0.40922123193740845,0.3291851580142975
"(299, 315)",0.15963584876334025,0.2649751901626587,0.3771575689315796,0.423260360956192
"(299, 316)",0.15820231305248456,0.2657369077205658,0.5627179145812988,0.28113964200019836
"(299, 317)",0.12100255579227692,0.14496271312236786,0.5187526941299438,0.2332567274570465
"(299, 318)",0.13714728970740886,0.18207959830760956,0.3890988230705261,0.352474182844162
"(299, 319)",0.12830382264261697,0.13638511300086975,0.3027002513408661,0.4238642752170563
"(299, 320)",0.10353975105384983,0.10285685211420059,0.324749618768692,0.3188294768333435
"(299, 321)",0.13967768891909316,0.20357701182365417,0.5222812294960022,0.2674376964569092
"(300, 308)",0.12641167879658433,0.1369360238313675,0.2554113566875458,0.4949336647987366
"(300, 309)",0.2439638505135875,0.19297948479652405,0.4701696038246155,0.5188847780227661
"(300, 310)",0.27593587506402173,0.17085057497024536,0.5704675912857056,0.483701229095459
"(300, 311)",0.2476110351805545,0.1715473234653473,0.4607551097869873,0.5374026894569397
"(300, 312)",0.2627662273174902,0.18411827087402344,0.5922868847846985,0.4436468780040741
"(300, 313)",0.27947009164677183,0.19417531788349152,0.5359768867492676,0.5214219093322754
"(300, 314)",0.274456882387895,0.21277159452438354,0.49652087688446045,0.5527600049972534
"(300, 315)",0.2511909965687664,0.2649160623550415,0.4368896484375,0.5749529600143433
"(300, 316)",0.2815358085305668,0.272059828042984,0.5899125933647156,0.47725003957748413
"(300, 317)",0.2224090791337776,0.15713220834732056,0.5594839453697205,0.3975253999233246
"(300, 318)",0.2374502636666378,0.1955556571483612,0.4426257014274597,0.5364583730697632
"(300, 319)",0.2072628893066053,0.12795671820640564,0.3507697582244873,0.5908801555633545
"(300, 320)",0.22793998934907655,0.14369609951972961,0.44007590413093567,0.5179560780525208
"(300, 321)",0.26986304783402915,0.2111174613237381,0.5713045597076416,0.47236284613609314
"(301, 308)",0.10195679493475396,0.14303277432918549,0.21408532559871674,0.4762437343597412
"(301, 309)",0.23250204151810294,0.2097291350364685,0.4312310814857483,0.539158821105957
"(301, 310)",0.25251502885494403,0.18103310465812683,0.4956180155277252,0.5094952583312988
"(301, 311)",0.20250765771958612,0.18582943081855774,0.38616880774497986,0.5244019031524658
"(301, 312)",0.21583337266811498,0.1515856832265854,0.5252220630645752,0.4109373688697815
"(301, 313)",0.24095321210955234,0.17945554852485657,0.46032747626304626,0.5234386920928955
"(301, 314)",0.21448753964359923,0.2035626471042633,0.40369582176208496,0.5313097834587097
"(301, 315)",0.2034918733086002,0.2532978057861328,0.346295028924942,0.5876257419586182
"(301, 316)",0.2601503695197067,0.26230740547180176,0.5341230034828186,0.4870607852935791
"(301, 317)",0.2116786353400908,0.14905083179473877,0.5354738831520081,0.3953108489513397
"(301, 318)",0.1830405022111279,0.1985355019569397,0.350095272064209,0.5228305459022522
"(301, 319)",0.19398401501776164,0.14608243107795715,0.32944363355636597,0.5888230800628662
"(301, 320)",0.17793191404847164,0.1299654096364975,0.3588665723800659,0.49581634998321533
"(301, 321)",0.23358249268473408,0.20011261105537415,0.4937278926372528,0.47309964895248413
"(302, 308)",0.05956660941005709,0.10264810919761658,0.11968483775854111,0.49769553542137146
"(302, 309)",0.20877006209726545,0.12254510074853897,0.357057124376297,0.5846965312957764
"(302, 310)",0.27664521787848173,0.16291528940200806,0.49159306287765503,0.5627524852752686
"(302, 311)",0.16414883119702495,0.12960165739059448,0.29969263076782227,0.5477239489555359
"(302, 312)",0.2559395111453213,0.15619155764579773,0.52098548412323,0.4912603497505188
"(302, 313)",0.26782138370492703,0.1541643738746643,0.47468632459640503,0.5642070770263672
"(302, 314)",0.12998555621276253,0.12007598578929901,0.2636403441429138,0.4930412173271179
"(302, 315)",0.1880744645256076,0.19582538306713104,0.3200703561306,0.5876035094261169
"(302, 316)",0.3060780675359709,0.2266271710395813,0.5334299802780151,0.5737923979759216
"(302, 317)",0.21358069533638968,0.1348063200712204,0.498640775680542,0.4283257722854614
"(302, 318)",0.13211647238839674,0.13949136435985565,0.25373178720474243,0.5206934213638306
"(302, 319)",0.1421438470175751,0.10538862645626068,0.24102714657783508,0.5897420644760132
"(302, 320)",0.1415739698677374,0.08824920654296875,0.2900164723396301,0.48815837502479553
"(302, 321)",0.2359225482328835,0.15752872824668884,0.4644322693347931,0.5079805254936218
"(303, 308)",0.14404864510087023,0.1657657027244568,0.28765609860420227,0.5007668733596802
"(303, 309)",0.30700824771702173,0.24736401438713074,0.51081782579422,0.60101318359375
"(303, 310)",0.28332379180607603,0.19581449031829834,0.5705474019050598,0.49658238887786865
"(303, 311)",0.25446132786727915,0.20345386862754822,0.46108826994895935,0.5518711805343628
"(303, 312)",0.26238703922252427,0.18704599142074585,0.5976844429969788,0.439005970954895
"(303, 313)",0.2791361011304616,0.20715327560901642,0.5404148101806641,0.5165219306945801
"(303, 314)",0.25602172581710647,0.2126803696155548,0.4739973545074463,0.5401332378387451
"(303, 315)",0.25646762324822703,0.2805790305137634,0.441852867603302,0.5804367065429688
"(303, 316)",0.2937545196939908,0.30617523193359375,0.5912106037139893,0.4968695044517517
"(303, 317)",0.2192706587316522,0.18506941199302673,0.5742291212081909,0.3818522095680237
"(303, 318)",0.2356120968526163,0.21711567044258118,0.4366097152233124,0.5396400690078735
"(303, 319)",0.25213123838107165,0.16627204418182373,0.4163798391819,0.6055318117141724
"(303, 320)",0.2410405335480732,0.15314936637878418,0.450092077255249,0.5355360507965088
"(303, 321)",0.2743968346358372,0.25808975100517273,0.5784296989440918,0.47438234090805054
"(304, 308)",0.0880615757760772,0.1384710669517517,0.2273932695388794,0.38726553320884705
"(304, 309)",0.20805709532477934,0.20702031254768372,0.4654276967048645,0.4470234513282776
"(304, 310)",0.22579423157897338,0.1920877993106842,0.555465579032898,0.40649545192718506
"(304, 311)",0.18911834618264045,0.17633014917373657,0.40995103120803833,0.46131935715675354
"(304, 312)",0.22005289688510743,0.18079552054405212,0.5930200815200806,0.37107157707214355
"(304, 313)",0.22959919528649309,0.20468609035015106,0.5062421560287476,0.4535363018512726
"(304, 314)",0.2085043627517269,0.1873948574066162,0.4662593901157379,0.44718533754348755
"(304, 315)",0.194376013742259,0.2708814740180969,0.40834516286849976,0.4760091006755829
"(304, 316)",0.22202709338719728,0.30186760425567627,0.5773518085479736,0.3845611810684204
"(304, 317)",0.1662151263290852,0.15502968430519104,0.5359771251678467,0.31011608242988586
"(304, 318)",0.20013867573887012,0.21544069051742554,0.43060630559921265,0.4647834300994873
"(304, 319)",0.18084696364461195,0.14126570522785187,0.3589656352996826,0.5038002133369446
"(304, 320)",0.17258848615936273,0.12729135155677795,0.41695636510849,0.41392457485198975
"(304, 321)",0.20916387149520332,0.22862383723258972,0.5490875840187073,0.3809298872947693
"(305, 308)",0.127479162953839,0.14482982456684113,0.34818705916404724,0.36612263321876526
"(305, 309)",0.1572049768329098,0.15677139163017273,0.4692381024360657,0.3350217640399933
"(305, 310)",0.10932599824215572,0.11576976627111435,0.4962301254272461,0.22031310200691223
"(305, 311)",0.1718168141778973,0.15672621130943298,0.469042032957077,0.3663143217563629
"(305, 312)",0.11010050483690748,0.11135029047727585,0.536615252494812,0.20517587661743164
"(305, 313)",0.14064513600353123,0.1407124251127243,0.500717043876648,0.2808874547481537
"(305, 314)",0.1249520163074429,0.13692210614681244,0.4454766511917114,0.28049060702323914
"(305, 315)",0.13418377985720653,0.19339695572853088,0.4046270251274109,0.331623375415802
"(305, 316)",0.13518387692358402,0.19815875589847565,0.5706923007965088,0.23687699437141418
"(305, 317)",0.12736545866216353,0.11691540479660034,0.5696393847465515,0.22358962893486023
"(305, 318)",0.12281138357858357,0.15582427382469177,0.39505550265312195,0.3108712136745453
"(305, 319)",0.12811194500205403,0.12189411371946335,0.35331064462661743,0.3626042604446411
"(305, 320)",0.09734651761907465,0.0934266746044159,0.37400633096694946,0.26028040051460266
"(305, 321)",0.13055341650057173,0.16785727441310883,0.5372750759124756,0.24299176037311554
"(306, 308)",0.2010060156534621,0.1397867053747177,0.4577828347682953,0.4390859603881836
"(306, 309)",0.18763607132404303,0.1087983176112175,0.5407634973526001,0.3469836115837097
"(306, 310)",0.13593296679520517,0.09899123013019562,0.6139762997627258,0.2213977426290512
"(306, 311)",0.2235453687006803,0.12353994697332382,0.6086981892585754,0.36725157499313354
"(306, 312)",0.1327642513308369,0.11080047488212585,0.6555396318435669,0.20252665877342224
"(306, 313)",0.1798732064862918,0.1112450361251831,0.6024338006973267,0.29857754707336426
"(306, 314)",0.18447648137036765,0.10240092873573303,0.5482434034347534,0.33648645877838135
"(306, 315)",0.20957899300280047,0.18955343961715698,0.5083038210868835,0.41231048107147217
"(306, 316)",0.1543110724175989,0.17067156732082367,0.6798869371414185,0.2269657850265503
"(306, 317)",0.14107478169966114,0.09147143363952637,0.6616827249526978,0.21320608258247375
"(306, 318)",0.18012486427740448,0.12150803208351135,0.5216245055198669,0.34531518816947937
"(306, 319)",0.18426766525389127,0.09743204712867737,0.43974569439888,0.41903233528137207
"(306, 320)",0.14299527321604888,0.07419449090957642,0.47903719544410706,0.298505574464798
"(306, 321)",0.1688332820554006,0.11195804923772812,0.6647143959999084,0.2539937198162079
"(307, 308)",0.18005211601527016,0.15734685957431793,0.3669963777065277,0.4906100630760193
"(307, 309)",0.18461295472038586,0.13436557352542877,0.45048582553863525,0.40980857610702515
"(307, 310)",0.1353563438068761,0.1082824170589447,0.5147510766983032,0.2629549503326416
"(307, 311)",0.2000393529327198,0.14820125699043274,0.48247161507606506,0.4146137237548828
"(307, 312)",0.1719542468933355,0.1288110911846161,0.61086106300354,0.2814948558807373
"(307, 313)",0.19309329192679314,0.1420326679944992,0.4996529519557953,0.38645482063293457
"(307, 314)",0.18634289592507614,0.13117218017578125,0.48264896869659424,0.3860836923122406
"(307, 315)",0.18417437436869477,0.20549094676971436,0.41538429260253906,0.4433830976486206
"(307, 316)",0.1717886894511942,0.21758730709552765,0.5895582437515259,0.2913854420185089
"(307, 317)",0.12771489674632974,0.10466350615024567,0.5368201732635498,0.23791001737117767
"(307, 318)",0.16533990605914717,0.14291763305664062,0.44017916917800903,0.3756195604801178
"(307, 319)",0.19126793126027586,0.11743218451738358,0.3942931294441223,0.4850907027721405
"(307, 320)",0.13725468999129475,0.08530613780021667,0.37575221061706543,0.36527979373931885
"(307, 321)",0.17158332858650738,0.1583356261253357,0.5509815216064453,0.3114139437675476
"(322, 332)",0.1648499928369347,0.13350370526313782,0.3288002014160156,0.5013682842254639
"(322, 333)",0.12809263088382572,0.11785134673118591,0.5193580389022827,0.24663646519184113
"(322, 334)",0.1403418967146175,0.09105156362056732,0.32908305525779724,0.42646345496177673
"(322, 335)",0.19535769206538767,0.19952252507209778,0.49978891015052795,0.39088040590286255
"(322, 336)",0.16526850283868466,0.1916504204273224,0.4939080774784088,0.3346138894557953
"(322, 337)",0.16042265703439185,0.15352210402488708,0.47517839074134827,0.3376051187515259
"(322, 338)",0.2133540558631406,0.20411431789398193,0.4106045067310333,0.5196096301078796
"(322, 339)",0.14546678005063107,0.15877768397331238,0.4782545268535614,0.30416184663772583
"(322, 340)",0.14546678005063107,0.15877768397331238,0.4782545268535614,0.30416184663772583
"(323, 332)",0.21343549364508618,0.12426068633794785,0.3987482488155365,0.5352637767791748
"(323, 333)",0.15510900596571275,0.15577594935894012,0.6177189350128174,0.2510996460914612
"(323, 334)",0.19467867523469096,0.11038583517074585,0.39901721477508545,0.4878954291343689
"(323, 335)",0.24905449776559685,0.2624230682849884,0.6262620091438293,0.3976841866970062
"(323, 336)",0.23933421953257472,0.25886598229408264,0.6244693398475647,0.38326016068458557
"(323, 337)",0.24342969655787705,0.2299005389213562,0.5759839415550232,0.42263278365135193
"(323, 338)",0.3791793466912168,0.29377928376197815,0.5614955425262451,0.6753025054931641
"(323, 339)",0.16794252320699243,0.22100992500782013,0.6283562779426575,0.2672727704048157
"(323, 340)",0.16794252320699243,0.22100992500782013,0.6283562779426575,0.2672727704048157
"(324, 332)",0.061665520897868475,0.09263011813163757,0.11728325486183167,0.5257828235626221
"(324, 333)",0.2319760463028615,0.2223430573940277,0.4385802745819092,0.5289249420166016
"(324, 334)",0.07703107241300877,0.08452394604682922,0.1439323127269745,0.5351895689964294
"(324, 335)",0.2885365258332513,0.28804343938827515,0.4456167221069336,0.6474993228912354
"(324, 336)",0.14053665764342682,0.17685581743717194,0.27913805842399597,0.5034664869308472
"(324, 337)",0.13389410581986816,0.1510227620601654,0.2971275746822357,0.4506283402442932
"(324, 338)",0.17144006970988102,0.19206273555755615,0.2428940385580063,0.7058224678039551
"(324, 339)",0.11082569641913764,0.14131000638008118,0.28382861614227295,0.39046695828437805
"(324, 340)",0.11082569641913764,0.14131000638008118,0.28382861614227295,0.39046695828437805
"(325, 332)",0.22703954386964487,0.15355128049850464,0.46360448002815247,0.48972681164741516
"(325, 333)",0.18500410185278504,0.1428443193435669,0.7055830359458923,0.26220032572746277
"(325, 334)",0.22204709497120056,0.1235598772764206,0.49265846610069275,0.45071202516555786
"(325, 335)",0.308750482350284,0.2360585331916809,0.6980541348457336,0.4423016309738159
"(325, 336)",0.2833018245834822,0.20802214741706848,0.7320877313613892,0.3869779706001282
"(325, 337)",0.23686965047466657,0.17953993380069733,0.6431289315223694,0.3683081865310669
"(325, 338)",0.35158233467045363,0.24395284056663513,0.6241227388381958,0.5633224248886108
"(325, 339)",0.17900881302100302,0.18816065788269043,0.5831565260887146,0.30696529150009155
"(325, 340)",0.17900881302100302,0.18816065788269043,0.5831565260887146,0.30696529150009155
"(326, 332)",0.15734998138112122,0.14593733847141266,0.3475489318370819,0.45274195075035095
"(326, 333)",0.13996850737999544,0.14261722564697266,0.5539799332618713,0.2526598870754242
"(326, 334)",0.168765853795402,0.13169154524803162,0.3867376744747162,0.43638327717781067
"(326, 335)",0.2222153289372244,0.21549147367477417,0.5639128684997559,0.3940596878528595
"(326, 336)",0.20972218240393659,0.20289507508277893,0.5808463096618652,0.3610631227493286
"(326, 337)",0.1524362663586203,0.15352293848991394,0.4853801131248474,0.3140554428100586
"(326, 338)",0.24861603129133414,0.22359219193458557,0.47597742080688477,0.5223273634910583
"(326, 339)",0.16139915238923574,0.17728006839752197,0.4796585142612457,0.33648762106895447
"(326, 340)",0.16139915238923574,0.17728006839752197,0.4796585142612457,0.33648762106895447
"(327, 332)",0.09971027055777526,0.1090841218829155,0.18033331632614136,0.5529220700263977
"(327, 333)",0.1984228428976742,0.15698328614234924,0.47799360752105713,0.4151161015033722
"(327, 334)",0.1467705731553295,0.12642371654510498,0.23017752170562744,0.6376407742500305
"(327, 335)",0.268019129439935,0.21999770402908325,0.4438732862472534,0.6038190126419067
"(327, 336)",0.22004873244077316,0.17561085522174835,0.4012887477874756,0.5483551025390625
"(327, 337)",0.1679418472383034,0.1590476930141449,0.34131190180778503,0.4920480251312256
"(327, 338)",0.23062043501172624,0.18357986211776733,0.32249948382377625,0.715103268623352
"(327, 339)",0.1826942483793843,0.1458010971546173,0.377769410610199,0.48361313343048096
"(327, 340)",0.1826942483793843,0.1458010971546173,0.377769410610199,0.48361313343048096
"(328, 332)",0.1696270244547815,0.13104790449142456,0.29439422488212585,0.5761900544166565
"(328, 333)",0.2294444052637914,0.22466051578521729,0.6077637672424316,0.377522349357605
"(328, 334)",0.21432127407510215,0.1309947371482849,0.33755365014076233,0.6349250674247742
"(328, 335)",0.2947801007284099,0.2287122905254364,0.5384708642959595,0.5474392771720886
"(328, 336)",0.26716566402717135,0.20889753103256226,0.5385719537734985,0.49606308341026306
"(328, 337)",0.2636256937253556,0.18566693365573883,0.4909202456474304,0.5370030999183655
"(328, 338)",0.3142854350690527,0.2148067057132721,0.42484596371650696,0.7397632598876953
"(328, 339)",0.23052657154372014,0.18851473927497864,0.5046387910842896,0.4568150043487549
"(328, 340)",0.23052657154372014,0.18851473927497864,0.5046387910842896,0.4568150043487549
"(329, 332)",0.13671108707757007,0.11999015510082245,0.24950481951236725,0.5479296445846558
"(329, 333)",0.15799519924823802,0.15659359097480774,0.4831375777721405,0.327019065618515
"(329, 334)",0.15932518740075352,0.1214141696691513,0.26571518182754517,0.5996088981628418
"(329, 335)",0.2189527608838091,0.19233374297618866,0.43489301204681396,0.5034635066986084
"(329, 336)",0.22635655965824597,0.1867084503173828,0.4650005102157593,0.4867877662181854
"(329, 337)",0.20913000425495554,0.16038057208061218,0.4188941717147827,0.4992430508136749
"(329, 338)",0.2416044491892464,0.21277081966400146,0.3410891890525818,0.7083321809768677
"(329, 339)",0.1537736959653131,0.1577056348323822,0.3650946617126465,0.4211885631084442
"(329, 340)",0.1537736959653131,0.1577056348323822,0.3650946617126465,0.4211885631084442
"(330, 332)",0.08434778814965682,0.09655802696943283,0.2168060839176178,0.38904714584350586
"(330, 333)",0.11862572250866776,0.14780806005001068,0.4697582721710205,0.2525250315666199
"(330, 334)",0.10935442553611452,0.08823862671852112,0.27900201082229614,0.39194852113723755
"(330, 335)",0.1763674343241206,0.23747527599334717,0.4672987759113312,0.37741899490356445
"(330, 336)",0.13491168421749666,0.1678716540336609,0.41308221220970154,0.326597660779953
"(330, 337)",0.1373741213668751,0.17091122269630432,0.41152310371398926,0.3338187336921692
"(330, 338)",0.22006540812337505,0.2009882628917694,0.39576223492622375,0.5560545921325684
"(330, 339)",0.10173744650142424,0.1545993983745575,0.46265822649002075,0.21989762783050537
"(330, 340)",0.10173744650142424,0.1545993983745575,0.46265822649002075,0.21989762783050537
"(331, 332)",0.14923742424520903,0.11564307659864426,0.3180954158306122,0.4691593050956726
"(331, 333)",0.16324586671578345,0.13129258155822754,0.541508674621582,0.30146491527557373
"(331, 334)",0.175076671094061,0.11202996969223022,0.35656267404556274,0.4910123348236084
"(331, 335)",0.23977529549725674,0.19521448016166687,0.5422230362892151,0.44220787286758423
"(331, 336)",0.22418038921287575,0.1644783765077591,0.5661177635192871,0.3959960341453552
"(331, 337)",0.20151008300659612,0.14389316737651825,0.5117113590240479,0.3937963843345642
"(331, 338)",0.27484528323000745,0.18000653386116028,0.45562684535980225,0.603224515914917
"(331, 339)",0.17064375749416705,0.1753045916557312,0.49107494950294495,0.34749025106430054
"(331, 340)",0.17064375749416705,0.1753045916557312,0.49107494950294495,0.34749025106430054
"(341, 361)",0.0888634555397756,0.094429150223732,0.18291273713111877,0.485824316740036
"(341, 362)",0.1291059789217428,0.17787981033325195,0.21235787868499756,0.6079641580581665
"(341, 363)",0.14116121749859545,0.16042135655879974,0.24967092275619507,0.565389096736908
"(341, 364)",0.17813873067942865,0.14001429080963135,0.31742507219314575,0.5611993074417114
"(341, 365)",0.24403696162731947,0.2000233232975006,0.38793590664863586,0.6290651559829712
"(341, 366)",0.21602289528330942,0.2992950975894928,0.3698522448539734,0.5840789079666138
"(341, 367)",0.2199700544440617,0.2931700050830841,0.3297755718231201,0.6670295596122742
"(341, 368)",0.316215675992396,0.39116114377975464,0.4254727363586426,0.7432101964950562
"(341, 369)",0.18572825564868722,0.2396852672100067,0.3506647050380707,0.5296462774276733
"(341, 370)",0.21898357635469878,0.21758893132209778,0.44370919466018677,0.4935294985771179
"(341, 371)",0.26179999903535034,0.3373369574546814,0.4722965359687805,0.5543127655982971
"(341, 372)",0.1846276393119073,0.18105542659759521,0.423017293214798,0.4364541172981262
"(341, 373)",0.26716446488824985,0.25082889199256897,0.44917598366737366,0.5947879552841187
"(341, 374)",0.17442690242966563,0.22859427332878113,0.25223401188850403,0.6915280818939209
"(341, 375)",0.2316902707037034,0.19764286279678345,0.422342985868454,0.5485832095146179
"(341, 376)",0.26710203424582346,0.21972501277923584,0.5025534629821777,0.5314897894859314
"(341, 377)",0.19694652258995404,0.17475640773773193,0.31986403465270996,0.6157194972038269
"(341, 378)",0.18278704247695288,0.22559842467308044,0.38761526346206665,0.47156822681427
"(342, 361)",0.11131779339823566,0.10547598451375961,0.2564789354801178,0.4340231418609619
"(342, 362)",0.1606702953800756,0.16727042198181152,0.3114384710788727,0.5158973932266235
"(342, 363)",0.08881172102975032,0.09208744764328003,0.2194567620754242,0.40468892455101013
"(342, 364)",0.17886764329957927,0.1152883917093277,0.3772168457508087,0.4741772413253784
"(342, 365)",0.20628144775213286,0.1247800663113594,0.400246798992157,0.515385627746582
"(342, 366)",0.14165112149572856,0.16643798351287842,0.3606155216693878,0.39280372858047485
"(342, 367)",0.12000128896336282,0.10736240446567535,0.30161455273628235,0.3978630602359772
"(342, 368)",0.17100822494356294,0.160784512758255,0.35941410064697266,0.47579720616340637
"(342, 369)",0.1363271766017249,0.16120940446853638,0.3332348167896271,0.4091024398803711
"(342, 370)",0.12166558633420088,0.10584162175655365,0.3707657754421234,0.328146755695343
"(342, 371)",0.19702324774728108,0.21657894551753998,0.47106024622917175,0.41825488209724426
"(342, 372)",0.11396022484403723,0.09766389429569244,0.3740232288837433,0.3046875596046448
"(342, 373)",0.2078115931502751,0.14594866335391998,0.4210697412490845,0.4935324788093567
"(342, 374)",0.11763277513518489,0.10993248969316483,0.25441062450408936,0.46237367391586304
"(342, 375)",0.14791941310702938,0.10357794165611267,0.4137377440929413,0.3575197458267212
"(342, 376)",0.12089395904280043,0.10569849610328674,0.3589728772640228,0.3367774188518524
"(342, 377)",0.12362814547418566,0.10169824957847595,0.3152496814727783,0.39215946197509766
"(342, 378)",0.143826046419675,0.1585671305656433,0.39145782589912415,0.367411345243454
"(343, 361)",0.10089397358035512,0.08567675203084946,0.33103299140930176,0.30478525161743164
"(343, 362)",0.1368594447788336,0.12199489027261734,0.40067368745803833,0.3415733277797699
"(343, 363)",0.1091544706429124,0.08199885487556458,0.36891958117485046,0.29587605595588684
"(343, 364)",0.1096443259830906,0.09710937738418579,0.47134244441986084,0.23262137174606323
"(343, 365)",0.21054009564010556,0.1320600062608719,0.5652182102203369,0.3724934756755829
"(343, 366)",0.1338452855145036,0.16188205778598785,0.5018332004547119,0.2667126953601837
"(343, 367)",0.15313633182775277,0.11918201297521591,0.5335077047348022,0.2870367765426636
"(343, 368)",0.13748590094456592,0.1303771436214447,0.4720746576786041,0.29123762249946594
"(343, 369)",0.10771027105221709,0.11500521004199982,0.4306923449039459,0.25008633732795715
"(343, 370)",0.12294297981695124,0.13394752144813538,0.5372923612594604,0.22881951928138733
"(343, 371)",0.19245469027859485,0.18584059178829193,0.5663610696792603,0.3398091793060303
"(343, 372)",0.09548232210073948,0.09995606541633606,0.4978316128253937,0.1917964220046997
"(343, 373)",0.13845354278484923,0.13033775985240936,0.488404244184494,0.2834814488887787
"(343, 374)",0.15902623894235912,0.11830068379640579,0.39593157172203064,0.4016508162021637
"(343, 375)",0.10171089911343323,0.10568337887525558,0.5523880124092102,0.18412944674491882
"(343, 376)",0.09881010686172287,0.0980362594127655,0.46202126145362854,0.21386484801769257
"(343, 377)",0.1247126636253526,0.09535190463066101,0.46769750118255615,0.2666524052619934
"(343, 378)",0.10872727216569711,0.13184349238872528,0.5303090214729309,0.20502625405788422
"(344, 361)",0.10626411932788393,0.11092130839824677,0.1964723765850067,0.5408603549003601
"(344, 362)",0.18091326961274135,0.17552433907985687,0.27962300181388855,0.6469899415969849
"(344, 363)",0.15594794934255418,0.13092556595802307,0.2512597143650055,0.6206643581390381
"(344, 364)",0.28001954319937994,0.1557408571243286,0.45442289113998413,0.6162091493606567
"(344, 365)",0.2586374353594998,0.16807690262794495,0.39987829327583313,0.6467903852462769
"(344, 366)",0.23702864940902657,0.2351820170879364,0.3967129588127136,0.5974814891815186
"(344, 367)",0.2527767707777713,0.22387456893920898,0.3861668109893799,0.654579222202301
"(344, 368)",0.3357903829817488,0.2956773042678833,0.4528020918369293,0.7415831089019775
"(344, 369)",0.21301026974158077,0.21786808967590332,0.3651343584060669,0.5833750367164612
"(344, 370)",0.20635524166074148,0.17393727600574493,0.4304463267326355,0.47939831018447876
"(344, 371)",0.3114558684677604,0.31728148460388184,0.54726243019104,0.5691161155700684
"(344, 372)",0.1893287817856475,0.14849375188350677,0.4122377634048462,0.4592708349227905
"(344, 373)",0.3252310030914529,0.22016525268554688,0.5313459038734436,0.6120890378952026
"(344, 374)",0.17854990602466714,0.15875181555747986,0.25721150636672974,0.6941754221916199
"(344, 375)",0.25547957495193785,0.17750154435634613,0.481998473405838,0.530042290687561
"(344, 376)",0.21017272968082779,0.14572520554065704,0.43300503492355347,0.48538172245025635
"(344, 377)",0.23760761569969446,0.17347274720668793,0.3563048541545868,0.6668660640716553
"(344, 378)",0.22903537228668114,0.21784597635269165,0.424543172121048,0.5394866466522217
"(345, 361)",0.11121276777173073,0.11308184266090393,0.2542131841182709,0.43747836351394653
"(345, 362)",0.14794700181062126,0.1896374225616455,0.3003673553466797,0.4925535321235657
"(345, 363)",0.1181860275481128,0.13335438072681427,0.24697744846343994,0.4785296320915222
"(345, 364)",0.13902701495799086,0.14273104071617126,0.32797858119010925,0.42389053106307983
"(345, 365)",0.20950253236617478,0.20392143726348877,0.43838590383529663,0.47789523005485535
"(345, 366)",0.17804101478303025,0.2688600718975067,0.43097978830337524,0.41310757398605347
"(345, 367)",0.18653579668231224,0.21201175451278687,0.3991670310497284,0.46731263399124146
"(345, 368)",0.17334425602882675,0.23500022292137146,0.3430861234664917,0.5052499771118164
"(345, 369)",0.20998526374841475,0.2451925277709961,0.4397231936454773,0.47753965854644775
"(345, 370)",0.19831836648688395,0.22618402540683746,0.5074797868728638,0.3907906711101532
"(345, 371)",0.2248645015327888,0.312019944190979,0.5357855558395386,0.4196912348270416
"(345, 372)",0.17834809742440783,0.1918448805809021,0.5039837956428528,0.35387665033340454
"(345, 373)",0.19002859434526798,0.21090000867843628,0.4272006154060364,0.44482284784317017
"(345, 374)",0.1306672633903787,0.2020702362060547,0.23557353019714355,0.5546771883964539
"(345, 375)",0.1766920487799375,0.19052857160568237,0.487113356590271,0.3627329170703888
"(345, 376)",0.16976400695808458,0.18135955929756165,0.43935009837150574,0.3863980174064636
"(345, 377)",0.16400356940084748,0.16182398796081543,0.32478952407836914,0.5049533843994141
"(345, 378)",0.1780719699368838,0.21773761510849,0.46732842922210693,0.3810424506664276
"(346, 361)",0.1699091422563015,0.14414504170417786,0.2987041473388672,0.5688208341598511
"(346, 362)",0.16862227099137783,0.15505480766296387,0.2750791311264038,0.6129955053329468
"(346, 363)",0.11081510654844351,0.09650297462940216,0.23395967483520508,0.4736504554748535
"(346, 364)",0.12035256245229142,0.11489491909742355,0.2798963487148285,0.429989755153656
"(346, 365)",0.2005188984964903,0.1671859472990036,0.32829058170318604,0.6107969880104065
"(346, 366)",0.09986686178223447,0.17591406404972076,0.257078617811203,0.3884681761264801
"(346, 367)",0.14706008455421582,0.13564738631248474,0.29651135206222534,0.4959678053855896
"(346, 368)",0.12792296892257582,0.12592700123786926,0.2839183807373047,0.4505624771118164
"(346, 369)",0.15309961081023005,0.152046799659729,0.3055613338947296,0.5010437965393066
"(346, 370)",0.13867449455478464,0.16733527183532715,0.35549110174179077,0.39009273052215576
"(346, 371)",0.20498447070451675,0.2677416205406189,0.4130821228027344,0.4962317645549774
"(346, 372)",0.11759824696856214,0.1565605103969574,0.3404768109321594,0.3453928232192993
"(346, 373)",0.2341043521068915,0.21679718792438507,0.40482577681541443,0.5782842040061951
"(346, 374)",0.16896803646494973,0.15387755632400513,0.2598317265510559,0.6502979397773743
"(346, 375)",0.1344053895377737,0.1421661078929901,0.3526633381843567,0.38111528754234314
"(346, 376)",0.13989687039619447,0.14117950201034546,0.34651607275009155,0.4037240445613861
"(346, 377)",0.1226413005520155,0.11708627641201019,0.24644725024700165,0.4976371228694916
"(346, 378)",0.11952798478232296,0.1482314020395279,0.33264076709747314,0.35933053493499756
"(347, 361)",0.10597638303038615,0.11468501389026642,0.19387736916542053,0.5466155409812927
"(347, 362)",0.16012164749458435,0.19099022448062897,0.2435643970966339,0.6574099063873291
"(347, 363)",0.16037320150403467,0.15390042960643768,0.24646331369876862,0.6506980657577515
"(347, 364)",0.22182685991673168,0.17786811292171478,0.3522312641143799,0.6297761797904968
"(347, 365)",0.2606715603120833,0.2204446643590927,0.3830755949020386,0.6804702877998352
"(347, 366)",0.24713667721041332,0.2971956729888916,0.37518441677093506,0.6587072014808655
"(347, 367)",0.21216555901863643,0.22722241282463074,0.33841702342033386,0.6269352436065674
"(347, 368)",0.24909205934999967,0.25047266483306885,0.348977655172348,0.7137765288352966
"(347, 369)",0.18941825612019336,0.22415673732757568,0.31848421692848206,0.5947492718696594
"(347, 370)",0.24340292865590385,0.23207879066467285,0.42955857515335083,0.566635012626648
"(347, 371)",0.30727883673918654,0.3439124524593353,0.5024570226669312,0.6115524768829346
"(347, 372)",0.19438985597933112,0.17826125025749207,0.3773065209388733,0.5152040719985962
"(347, 373)",0.29245069071674124,0.24897289276123047,0.4482525587081909,0.6524239182472229
"(347, 374)",0.14347954155856257,0.17646390199661255,0.20589405298233032,0.6968610286712646
"(347, 375)",0.27844063639961725,0.21207541227340698,0.4606206715106964,0.6044901013374329
"(347, 376)",0.22142782725502386,0.18747718632221222,0.39254075288772583,0.564088761806488
"(347, 377)",0.23873765519995516,0.20955894887447357,0.34845077991485596,0.6851402521133423
"(347, 378)",0.226182236341117,0.25337663292884827,0.3957512378692627,0.571526288986206
"(348, 361)",0.07069310106477644,0.062201861292123795,0.22124934196472168,0.3195177912712097
"(348, 362)",0.10120567507524036,0.10283077508211136,0.27651211619377136,0.36600810289382935
"(348, 363)",0.14324170234374378,0.09825268387794495,0.34696832299232483,0.4128379821777344
"(348, 364)",0.10266106838838951,0.0793556198477745,0.3600847125053406,0.2851025462150574
"(348, 365)",0.1911942799420263,0.11164787411689758,0.5166974663734436,0.3700313866138458
"(348, 366)",0.13241111536930106,0.14973704516887665,0.39063239097595215,0.33896604180336
"(348, 367)",0.10505727831107592,0.10946407914161682,0.3685924708843231,0.2850228548049927
"(348, 368)",0.18193766299465342,0.152518630027771,0.39857879281044006,0.4564659893512726
"(348, 369)",0.13985264228368344,0.14226868748664856,0.40464547276496887,0.34561771154403687
"(348, 370)",0.14042141415696463,0.12034019827842712,0.49732986092567444,0.28235065937042236
"(348, 371)",0.22696413100769952,0.24180899560451508,0.5777435898780823,0.3928457796573639
"(348, 372)",0.10356248615830044,0.09717945754528046,0.4555169939994812,0.22735153138637543
"(348, 373)",0.18779702049324065,0.1325763761997223,0.5032511353492737,0.37316760420799255
"(348, 374)",0.12442204342949736,0.09763115644454956,0.24698272347450256,0.5037682056427002
"(348, 375)",0.12467691742106979,0.10030845552682877,0.5068306922912598,0.2459932267665863
"(348, 376)",0.19980515080219874,0.11754253506660461,0.5120079517364502,0.39023837447166443
"(348, 377)",0.13663134277896916,0.0886441320180893,0.3729877471923828,0.36631590127944946
"(348, 378)",0.10643297114292238,0.1168268695473671,0.4648871421813965,0.22894367575645447
"(349, 361)",0.12260100209504987,0.10692627727985382,0.25367799401283264,0.4832938015460968
"(349, 362)",0.1474436423567429,0.16211006045341492,0.2818801701068878,0.5230720639228821
"(349, 363)",0.13232290923779821,0.11562763899564743,0.2756299674510956,0.4800744652748108
"(349, 364)",0.16821106178400935,0.1342613697052002,0.39198699593544006,0.4291240870952606
"(349, 365)",0.21717066609271818,0.16430848836898804,0.4216885268688202,0.5150025486946106
"(349, 366)",0.16770592506848736,0.2000473439693451,0.37863975763320923,0.4429168403148651
"(349, 367)",0.16930390456486144,0.14886032044887543,0.37028148770332336,0.45723026990890503
"(349, 368)",0.18084091601849472,0.18007920682430267,0.3577357232570648,0.5055153965950012
"(349, 369)",0.17324141520738578,0.19767919182777405,0.36161309480667114,0.4790794849395752
"(349, 370)",0.17942570701023008,0.16662321984767914,0.440280020236969,0.4075263440608978
"(349, 371)",0.2026640297555593,0.22719770669937134,0.4698317348957062,0.43135449290275574
"(349, 372)",0.17119223734869848,0.1371442973613739,0.44017672538757324,0.38891705870628357
"(349, 373)",0.22647245786118475,0.1964108943939209,0.4444674253463745,0.5095366835594177
"(349, 374)",0.19516065222961743,0.1729767918586731,0.32359862327575684,0.6030948162078857
"(349, 375)",0.16799896780811707,0.13458704948425293,0.43519818782806396,0.3860286474227905
"(349, 376)",0.15411129151910608,0.11785266548395157,0.40299850702285767,0.38241156935691833
"(349, 377)",0.1730089201811822,0.13985125720500946,0.3755118250846863,0.4607282876968384
"(349, 378)",0.1894770647072619,0.19095322489738464,0.4516792297363281,0.41949474811553955
"(350, 361)",0.12955181282451456,0.11549647152423859,0.3018632233142853,0.42917388677597046
"(350, 362)",0.20930369403962157,0.19735150039196014,0.4240187704563141,0.4936189353466034
"(350, 363)",0.10730440444798717,0.10816073417663574,0.28143906593322754,0.38127046823501587
"(350, 364)",0.15748734980661538,0.12339729070663452,0.43519526720046997,0.36187744140625
"(350, 365)",0.2591495538213735,0.1664411723613739,0.5950493812561035,0.4355093240737915
"(350, 366)",0.15947519510187647,0.20399218797683716,0.5171065330505371,0.30839911103248596
"(350, 367)",0.18717334252704632,0.1492527723312378,0.4813663959503174,0.3888375759124756
"(350, 368)",0.14453795503500189,0.185660719871521,0.3801858127117157,0.3801771402359009
"(350, 369)",0.17459816600115552,0.188455268740654,0.45049914717674255,0.3875660300254822
"(350, 370)",0.1742924612532306,0.1692626178264618,0.547614336013794,0.31827592849731445
"(350, 371)",0.20598035563043027,0.21223247051239014,0.5784071683883667,0.35611653327941895
"(350, 372)",0.1294838047632254,0.12938731908798218,0.514508843421936,0.2516648769378662
"(350, 373)",0.18412370091225583,0.1842520534992218,0.48143184185028076,0.3824501931667328
"(350, 374)",0.15877586938585164,0.17241020500659943,0.34998902678489685,0.4536595642566681
"(350, 375)",0.15874299125473357,0.13936282694339752,0.5912677049636841,0.26847904920578003
"(350, 376)",0.12298658891977077,0.12360262125730515,0.4581708312034607,0.26842954754829407
"(350, 377)",0.1537613199662209,0.12468114495277405,0.42648056149482727,0.3605353534221649
"(350, 378)",0.1953382313072325,0.20260502398014069,0.5612449645996094,0.3480445146560669
"(351, 361)",0.1515737917512654,0.12412267178297043,0.40688928961753845,0.37251850962638855
"(351, 362)",0.17511471603984674,0.16069245338439941,0.45858460664749146,0.3818591237068176
"(351, 363)",0.146958540154003,0.10994325578212738,0.45616698265075684,0.3221595287322998
"(351, 364)",0.15738377730894015,0.09690306335687637,0.59969562292099,0.26243942975997925
"(351, 365)",0.21669947333115047,0.13323301076889038,0.5841930508613586,0.37093812227249146
"(351, 366)",0.13861012867723232,0.19416633248329163,0.5787795782089233,0.2394869029521942
"(351, 367)",0.14882837803432913,0.11159254610538483,0.49767962098121643,0.29904454946517944
"(351, 368)",0.15908956011969622,0.16807731986045837,0.5441771149635315,0.29234886169433594
"(351, 369)",0.1404668379440297,0.16994331777095795,0.4794139564037323,0.29299697279930115
"(351, 370)",0.12724012927819217,0.11447679996490479,0.5849406719207764,0.21752655506134033
"(351, 371)",0.20860401194459754,0.22788211703300476,0.6391149759292603,0.3263951241970062
"(351, 372)",0.09959212654679295,0.10682650655508041,0.5668901801109314,0.17568151652812958
"(351, 373)",0.2170326991077829,0.17528046667575836,0.6206066608428955,0.3497105538845062
"(351, 374)",0.2262959204499957,0.14453043043613434,0.5089617967605591,0.44462260603904724
"(351, 375)",0.13098315306535913,0.12093876302242279,0.6279609799385071,0.20858485996723175
"(351, 376)",0.15621249463553255,0.12899626791477203,0.593931257724762,0.26301443576812744
"(351, 377)",0.15514144417809916,0.09681613743305206,0.5886871814727783,0.2635380029678345
"(351, 378)",0.1551009616091008,0.1848638504743576,0.6229296922683716,0.24898630380630493
"(352, 361)",0.1332472985053812,0.10377894341945648,0.3866194486618042,0.3446471691131592
"(352, 362)",0.21109182971851936,0.15433166921138763,0.5183403491973877,0.40724560618400574
"(352, 363)",0.18110441278884437,0.10445284843444824,0.46059948205947876,0.3931928277015686
"(352, 364)",0.22386462584803368,0.10675151646137238,0.6708570718765259,0.33369943499565125
"(352, 365)",0.24878865258537886,0.12149974703788757,0.6737849116325378,0.3692404627799988
"(352, 366)",0.2097756509002977,0.18244454264640808,0.6635575294494629,0.3161378502845764
"(352, 367)",0.20281869554619547,0.1243610605597496,0.6214205026626587,0.3263791501522064
"(352, 368)",0.30717507748709494,0.20012032985687256,0.6795470714569092,0.45202913880348206
"(352, 369)",0.17578975845574796,0.16402678191661835,0.5093101859092712,0.3451526463031769
"(352, 370)",0.16183413372266386,0.12818129360675812,0.6763086318969727,0.23929035663604736
"(352, 371)",0.1979332065916939,0.1939537674188614,0.6933292746543884,0.285482257604599
"(352, 372)",0.1373118355762264,0.11352471262216568,0.6417002081871033,0.2139812856912613
"(352, 373)",0.24757520209573336,0.15263263881206512,0.6891050934791565,0.3592706024646759
"(352, 374)",0.22498929705125192,0.12383188307285309,0.510606050491333,0.4406318664550781
"(352, 375)",0.1521788575666534,0.1044035255908966,0.7405490279197693,0.20549464225769043
"(352, 376)",0.17061000062071585,0.12026502192020416,0.6385946869850159,0.26716476678848267
"(352, 377)",0.20405329587383036,0.09459158778190613,0.6398482918739319,0.3189088702201843
"(352, 378)",0.17582686042951323,0.14956694841384888,0.6441212296485901,0.2729716897010803
"(353, 361)",0.08728071036479257,0.08436929434537888,0.2153911292552948,0.4052196145057678
"(353, 362)",0.11701306532539046,0.14344850182533264,0.24887384474277496,0.47017019987106323
"(353, 363)",0.18815356588235943,0.13261106610298157,0.39074772596359253,0.4815218448638916
"(353, 364)",0.15112693685022904,0.1145499125123024,0.39593780040740967,0.38169363141059875
"(353, 365)",0.23831423306607746,0.15870165824890137,0.4505205750465393,0.528975248336792
"(353, 366)",0.17634794099441464,0.21231552958488464,0.4068344831466675,0.43346360325813293
"(353, 367)",0.20627880103648266,0.18341965973377228,0.34641629457473755,0.5954650640487671
"(353, 368)",0.16820872809858667,0.21356147527694702,0.3431256115436554,0.4902249276638031
"(353, 369)",0.1459679575175894,0.15855345129966736,0.36922043561935425,0.3953409492969513
"(353, 370)",0.2055999841442695,0.17751528322696686,0.5167229771614075,0.3978920876979828
"(353, 371)",0.22387683362831368,0.2938207685947418,0.5093047022819519,0.4395734667778015
"(353, 372)",0.14932048483218274,0.13269957900047302,0.4561588168144226,0.3273431956768036
"(353, 373)",0.1974942318184425,0.1810954064130783,0.44440895318984985,0.444397509098053
"(353, 374)",0.2359582743280697,0.18966050446033478,0.3680860996246338,0.6410409808158875
"(353, 375)",0.14924163512688438,0.12948235869407654,0.451580286026001,0.3304874897003174
"(353, 376)",0.23839758705726766,0.16639146208763123,0.5745984315872192,0.4148942530155182
"(353, 377)",0.20413893056002053,0.1310209482908249,0.41849517822265625,0.4877927899360657
"(353, 378)",0.13941268682282626,0.15986400842666626,0.41699230670928955,0.33432915806770325
"(354, 361)",0.11219448374610863,0.08955776691436768,0.22360549867153168,0.5017518997192383
"(354, 362)",0.17269457243994424,0.1660030633211136,0.2977951765060425,0.5799105763435364
"(354, 363)",0.1226519743247314,0.13776299357414246,0.2069317251443863,0.5927171111106873
"(354, 364)",0.1948341273880505,0.14787322282791138,0.345337837934494,0.5641841292381287
"(354, 365)",0.2949989169568923,0.21939954161643982,0.4942978024482727,0.5968040227890015
"(354, 366)",0.31128986022125105,0.2960018515586853,0.5046963095664978,0.6167864799499512
"(354, 367)",0.23190685912159736,0.2331860065460205,0.4136170744895935,0.560680091381073
"(354, 368)",0.2271315396793021,0.2688137888908386,0.3436881899833679,0.6608651280403137
"(354, 369)",0.26432031623176044,0.3134331703186035,0.43750953674316406,0.6041475534439087
"(354, 370)",0.32676133154083686,0.2534995973110199,0.5851023197174072,0.5584686994552612
"(354, 371)",0.29901291007163877,0.32284390926361084,0.5441737174987793,0.5494806170463562
"(354, 372)",0.2506431945397267,0.18499669432640076,0.5143593549728394,0.48729199171066284
"(354, 373)",0.2514877071213455,0.20833897590637207,0.42788165807724,0.5877506136894226
"(354, 374)",0.178093202447279,0.1881149709224701,0.25670403242111206,0.6937686204910278
"(354, 375)",0.28248670085778826,0.18700192868709564,0.5539987087249756,0.5099049806594849
"(354, 376)",0.23085708036350638,0.16556470096111298,0.4382641315460205,0.526753306388855
"(354, 377)",0.19598358550794615,0.179417222738266,0.3136574923992157,0.6248331069946289
"(354, 378)",0.206288376931405,0.19345872104167938,0.45979437232017517,0.44865354895591736
"(355, 361)",0.12431218064926952,0.09655871987342834,0.26499128341674805,0.46911799907684326
"(355, 362)",0.17328922634197852,0.1540502905845642,0.3262190818786621,0.5312050580978394
"(355, 363)",0.1047877942700044,0.10786240547895432,0.21524575352668762,0.48682862520217896
"(355, 364)",0.19020248044506616,0.11745769530534744,0.3759976625442505,0.5058608055114746
"(355, 365)",0.23829995733666465,0.14492249488830566,0.47068679332733154,0.5062813758850098
"(355, 366)",0.2186482191645922,0.19737547636032104,0.4733062982559204,0.46195924282073975
"(355, 367)",0.2087599555410975,0.15437188744544983,0.4112359285354614,0.5076403617858887
"(355, 368)",0.2142358826949824,0.20889900624752045,0.3698139488697052,0.5793071985244751
"(355, 369)",0.2811108585492903,0.2859800159931183,0.4912112355232239,0.572281002998352
"(355, 370)",0.2049981514510577,0.16530445218086243,0.48924946784973145,0.4190053641796112
"(355, 371)",0.22472349238847045,0.22689948976039886,0.5137484669685364,0.4374192953109741
"(355, 372)",0.18382420722490522,0.1258758306503296,0.4852452874183655,0.37882739305496216
"(355, 373)",0.22593973808539758,0.1680428385734558,0.4379165470600128,0.5159424543380737
"(355, 374)",0.16870552985724885,0.14258421957492828,0.2879927158355713,0.585797905921936
"(355, 375)",0.2055314733580218,0.1357509046792984,0.5286873579025269,0.3887580633163452
"(355, 376)",0.17295871865137258,0.12371864169836044,0.4281696677207947,0.4039490222930908
"(355, 377)",0.16696213539407623,0.11362050473690033,0.34060078859329224,0.49019891023635864
"(355, 378)",0.1860906601323009,0.1622534990310669,0.45102059841156006,0.41259902715682983
"(356, 361)",0.106687665970286,0.1012703999876976,0.20659419894218445,0.5164117217063904
"(356, 362)",0.18408867095465453,0.18073797225952148,0.3046107590198517,0.604340672492981
"(356, 363)",0.15437105808772955,0.1481354534626007,0.2610277533531189,0.5913971066474915
"(356, 364)",0.2274498199660684,0.16188326478004456,0.3818614184856415,0.5956344604492188
"(356, 365)",0.2879614524261882,0.18791235983371735,0.4791409373283386,0.6009953022003174
"(356, 366)",0.2230678228129932,0.26688018441200256,0.39554768800735474,0.5639467239379883
"(356, 367)",0.2403656113808239,0.19460372626781464,0.38830727338790894,0.6190087795257568
"(356, 368)",0.2812460607199938,0.2862356901168823,0.41426903009414673,0.6788971424102783
"(356, 369)",0.23097769551102587,0.2801322340965271,0.3864956498146057,0.59762042760849
"(356, 370)",0.24599934040082871,0.20966914296150208,0.4580182433128357,0.5370950698852539
"(356, 371)",0.24865787076173085,0.27110418677330017,0.4755356013774872,0.5229006409645081
"(356, 372)",0.2386080341457486,0.18486198782920837,0.45405787229537964,0.5255013704299927
"(356, 373)",0.2984686441433908,0.23464322090148926,0.4620683789253235,0.6459404230117798
"(356, 374)",0.17735019699547827,0.17004449665546417,0.2470339834690094,0.7179182171821594
"(356, 375)",0.24634941704842817,0.1791602075099945,0.49929749965667725,0.49339205026626587
"(356, 376)",0.17670431263898045,0.1483267992734909,0.3823196589946747,0.4621899724006653
"(356, 377)",0.24903791195900382,0.1766141653060913,0.3773375153541565,0.6599871516227722
"(356, 378)",0.2285225342347985,0.21203409135341644,0.4430903196334839,0.5157470703125
"(357, 361)",0.09759295777677401,0.1002129390835762,0.18734148144721985,0.5209361910820007
"(357, 362)",0.10320648781036645,0.16126401722431183,0.18051446974277496,0.5717352628707886
"(357, 363)",0.18896822870678598,0.1585848331451416,0.31892773509025574,0.5925111174583435
"(357, 364)",0.1779523028434724,0.16047760844230652,0.3046484887599945,0.5841233730316162
"(357, 365)",0.20846434003931336,0.18568873405456543,0.33974266052246094,0.6135948300361633
"(357, 366)",0.170801453105085,0.22882424294948578,0.3069254755973816,0.5564916133880615
"(357, 367)",0.16894830690090856,0.1834474802017212,0.26551422476768494,0.6363060474395752
"(357, 368)",0.1617832101271688,0.2139068841934204,0.28088951110839844,0.5759674310684204
"(357, 369)",0.1400336529582944,0.17891569435596466,0.2837667465209961,0.4934815466403961
"(357, 370)",0.1966570456611123,0.19566701352596283,0.3794957995414734,0.5182061195373535
"(357, 371)",0.21387717491857217,0.2546265125274658,0.4102383255958557,0.5213485956192017
"(357, 372)",0.17819956581291763,0.15607936680316925,0.3798861503601074,0.46908676624298096
"(357, 373)",0.20835729156936367,0.1962999552488327,0.3658880889415741,0.5694563388824463
"(357, 374)",0.21111348423260523,0.20615175366401672,0.2915428876876831,0.7241249680519104
"(357, 375)",0.16438777888116363,0.161378413438797,0.35465383529663086,0.46351614594459534
"(357, 376)",0.24293105228117007,0.17790573835372925,0.45544907450675964,0.5333879590034485
"(357, 377)",0.19613713634117858,0.15113912522792816,0.32265228033065796,0.6078901290893555
"(357, 378)",0.18066954610389985,0.1933850646018982,0.3452110290527344,0.5233597159385681
"(358, 361)",0.12877929495524576,0.12939631938934326,0.20567640662193298,0.6261257529258728
"(358, 362)",0.2007530695887194,0.2359117567539215,0.28120383620262146,0.7139058709144592
"(358, 363)",0.1941104032258174,0.1811058521270752,0.30372506380081177,0.6390990614891052
"(358, 364)",0.3371630883558385,0.27626195549964905,0.4407377541065216,0.7649970650672913
"(358, 365)",0.3209881371162737,0.315390408039093,0.4191875457763672,0.7657387256622314
"(358, 366)",0.33871694828991394,0.4114343225955963,0.453615665435791,0.7467046976089478
"(358, 367)",0.21040403085503812,0.21345415711402893,0.30287429690361023,0.6946909427642822
"(358, 368)",0.23806339609848237,0.27294573187828064,0.3611849546432495,0.6591176986694336
"(358, 369)",0.23870967772569784,0.28958505392074585,0.3783392310142517,0.630940854549408
"(358, 370)",0.3275818976817675,0.3190343379974365,0.48090946674346924,0.6811716556549072
"(358, 371)",0.37586763850951854,0.45665788650512695,0.5464074611663818,0.6878889203071594
"(358, 372)",0.2933420165860099,0.27097806334495544,0.46792957186698914,0.6268935203552246
"(358, 373)",0.40782142328248483,0.3806367814540863,0.5292465686798096,0.7705698013305664
"(358, 374)",0.25092998207683515,0.3221270442008972,0.30259326100349426,0.8292649388313293
"(358, 375)",0.37422749878516015,0.2862454056739807,0.5203971266746521,0.7191190719604492
"(358, 376)",0.3777193289950418,0.3021436929702759,0.560066819190979,0.6744183301925659
"(358, 377)",0.342464932312172,0.27803075313568115,0.4334518611431122,0.7900875806808472
"(358, 378)",0.3630398963531434,0.4013226628303528,0.5174568891525269,0.7015848159790039
"(359, 361)",0.08876589981134941,0.08518600463867188,0.22443607449531555,0.3955063819885254
"(359, 362)",0.12720205388109918,0.1456560343503952,0.2785554528236389,0.45664894580841064
"(359, 363)",0.1073270357475602,0.1074150800704956,0.2544153034687042,0.421857625246048
"(359, 364)",0.11433354359881776,0.11550489068031311,0.3183799684047699,0.35911035537719727
"(359, 365)",0.15744240461744052,0.14040105044841766,0.39079949259757996,0.40287259221076965
"(359, 366)",0.12325698850400357,0.17753668129444122,0.3429521918296814,0.3593999147415161
"(359, 367)",0.1477000613919799,0.14004512131214142,0.35368144512176514,0.4176076054573059
"(359, 368)",0.14794327487365422,0.18152005970478058,0.35807302594184875,0.4131650924682617
"(359, 369)",0.15101065893415822,0.17069847881793976,0.3554447591304779,0.42484986782073975
"(359, 370)",0.14291161918936268,0.16089946031570435,0.4114799499511719,0.34731125831604004
"(359, 371)",0.19175568639743013,0.25456875562667847,0.48901382088661194,0.3921273350715637
"(359, 372)",0.11564485304485572,0.12867829203605652,0.37985938787460327,0.3044412136077881
"(359, 373)",0.16466162851219135,0.17424249649047852,0.4040288031101227,0.4075492322444916
"(359, 374)",0.11581181888625647,0.12400244176387787,0.23688963055610657,0.48888513445854187
"(359, 375)",0.121329038173144,0.13104665279388428,0.4115162491798401,0.2948341369628906
"(359, 376)",0.11826260626271701,0.12293625622987747,0.3736988604068756,0.31646499037742615
"(359, 377)",0.14889416326851368,0.13499698042869568,0.34131285548210144,0.4362395405769348
"(359, 378)",0.13788451788349043,0.15152224898338318,0.39206811785697937,0.351685106754303
"(360, 361)",0.060116841374480146,0.07739411294460297,0.2372533082962036,0.2533867359161377
"(360, 362)",0.09984659887087588,0.11968279629945755,0.3140885829925537,0.3178931176662445
"(360, 363)",0.09477504132157755,0.10819409787654877,0.2686205506324768,0.3528212606906891
"(360, 364)",0.1489045592194529,0.1095643937587738,0.45720791816711426,0.3256823718547821
"(360, 365)",0.1604476486603943,0.11410070955753326,0.5123646259307861,0.3131512999534607
"(360, 366)",0.11986263889075754,0.16711561381816864,0.4554732143878937,0.26316067576408386
"(360, 367)",0.1204195215637327,0.12847773730754852,0.38431769609451294,0.31333327293395996
"(360, 368)",0.2506124916042367,0.23117268085479736,0.5495070219039917,0.45606786012649536
"(360, 369)",0.162705849789333,0.2317446619272232,0.44909337162971497,0.36229848861694336
"(360, 370)",0.1181828680212913,0.13421279191970825,0.5347455739974976,0.22100766003131866
"(360, 371)",0.1463481162509872,0.18636107444763184,0.5737482309341431,0.25507375597953796
"(360, 372)",0.11415801957028116,0.13115769624710083,0.5130773186683655,0.22249671816825867
"(360, 373)",0.16335882599833518,0.15467768907546997,0.5148434042930603,0.3172980844974518
"(360, 374)",0.11835974512419156,0.12278887629508972,0.2891445457935333,0.40934455394744873
"(360, 375)",0.09966985794187622,0.10577395558357239,0.5540786385536194,0.1798839569091797
"(360, 376)",0.1495833604887764,0.13513216376304626,0.5055689811706543,0.2958713173866272
"(360, 377)",0.11475755592064729,0.0973433256149292,0.38631272315979004,0.29705870151519775
"(360, 378)",0.10070537837504823,0.1271926611661911,0.46352845430374146,0.2172582447528839
"(379, 397)",0.13825200465023002,0.15883967280387878,0.3069049119949341,0.45047178864479065
"(379, 398)",0.26744662040230516,0.20875391364097595,0.5769175887107849,0.46357855200767517
"(379, 399)",0.2818871597128947,0.22783036530017853,0.5513246059417725,0.5112907290458679
"(379, 400)",0.1786302767457002,0.14647573232650757,0.5283811092376709,0.33807089924812317
"(379, 401)",0.3180470564697657,0.20172032713890076,0.5459425449371338,0.5825650691986084
"(379, 402)",0.16827644417320187,0.1593739241361618,0.29738324880599976,0.5658571720123291
"(379, 403)",0.13482622787841692,0.12026756256818771,0.2900584638118744,0.4648243188858032
"(379, 404)",0.19564471033891806,0.16236919164657593,0.3862892985343933,0.5064719915390015
"(379, 405)",0.19711073890564634,0.15009987354278564,0.3048684298992157,0.6465436220169067
"(379, 406)",0.2392963530355452,0.1704263836145401,0.43728575110435486,0.5472310781478882
"(379, 407)",0.22327201299395583,0.2148534059524536,0.5085607171058655,0.43902724981307983
"(379, 408)",0.18929245908214476,0.17263320088386536,0.389521062374115,0.48596206307411194
"(379, 409)",0.12305375151224496,0.11052249372005463,0.2825894355773926,0.43545064330101013
"(379, 410)",0.14403695123881732,0.12846697866916656,0.3860495686531067,0.3731048107147217
"(379, 411)",0.21224906138101574,0.17547723650932312,0.5315974950790405,0.39926648139953613
"(379, 412)",0.2730253029096694,0.16829413175582886,0.6244542002677917,0.43722230195999146
"(379, 413)",0.24042187117582614,0.15743295848369598,0.5384175777435303,0.4465342164039612
"(379, 414)",0.21983726424737426,0.17694084346294403,0.6592391729354858,0.3334711790084839
"(379, 415)",0.24292282183716196,0.19235876202583313,0.5080186128616333,0.478177011013031
"(380, 397)",0.11466878867402741,0.16212782263755798,0.4151915907859802,0.2761828303337097
"(380, 398)",0.14928019115117763,0.16225744783878326,0.6637187004089355,0.22491484880447388
"(380, 399)",0.1813535953971197,0.20159897208213806,0.6532194018363953,0.27763044834136963
"(380, 400)",0.10144980293749484,0.13762667775154114,0.5474753379821777,0.18530479073524475
"(380, 401)",0.23341765013122995,0.17344214022159576,0.6013994216918945,0.38812416791915894
"(380, 402)",0.17062062631809916,0.18292589485645294,0.44926291704177856,0.37977901101112366
"(380, 403)",0.11397175481729249,0.15980859100818634,0.39589160680770874,0.28788626194000244
"(380, 404)",0.1706022488147596,0.2028544843196869,0.4940176010131836,0.345336377620697
"(380, 405)",0.2617114585347622,0.19542273879051208,0.49991297721862793,0.5235140323638916
"(380, 406)",0.15054561623002272,0.14524200558662415,0.5231736302375793,0.2877545952796936
"(380, 407)",0.23764943367256564,0.2823496460914612,0.6547951102256775,0.3629370927810669
"(380, 408)",0.1607229588016068,0.1504175364971161,0.5332911014556885,0.30137941241264343
"(380, 409)",0.1049608811000251,0.12624086439609528,0.4150013029575348,0.25291699171066284
"(380, 410)",0.07063222379376022,0.10152090340852737,0.4517329931259155,0.15635834634304047
"(380, 411)",0.10143884771043332,0.13841120898723602,0.5270369052886963,0.19247010350227356
"(380, 412)",0.18967383708798735,0.17514720559120178,0.7217457294464111,0.2627986967563629
"(380, 413)",0.13338183602063935,0.15133149921894073,0.5574084520339966,0.23928922414779663
"(380, 414)",0.14896333386993277,0.1871541291475296,0.7155896425247192,0.2081686556339264
"(380, 415)",0.15125407516015876,0.16259244084358215,0.5579349398612976,0.27109625935554504
"(381, 397)",0.1606749514942667,0.20744821429252625,0.24801167845726013,0.64785236120224
"(381, 398)",0.24366652586336457,0.22161832451820374,0.430218368768692,0.5663787126541138
"(381, 399)",0.28420409285985215,0.25712481141090393,0.43593645095825195,0.6519392728805542
"(381, 400)",0.1457785204182187,0.16065959632396698,0.37949931621551514,0.38413381576538086
"(381, 401)",0.2862321882179941,0.21422550082206726,0.40881335735321045,0.7001537084579468
"(381, 402)",0.1427725461718481,0.15623614192008972,0.2155800461769104,0.6622716188430786
"(381, 403)",0.12472518352134365,0.16222064197063446,0.19642087817192078,0.6349894404411316
"(381, 404)",0.2170207203691632,0.2263321876525879,0.3033178746700287,0.715489387512207
"(381, 405)",0.1649762133265309,0.11805573105812073,0.23259714245796204,0.7092787623405457
"(381, 406)",0.15597871501571703,0.1431225836277008,0.25478485226631165,0.612197756767273
"(381, 407)",0.3261806788379005,0.3769356608390808,0.4900331199169159,0.6656298637390137
"(381, 408)",0.23790397392378182,0.19848579168319702,0.3369571566581726,0.7060362696647644
"(381, 409)",0.1429235920154035,0.1553187370300293,0.21959251165390015,0.6508582234382629
"(381, 410)",0.1266821926162791,0.14351795613765717,0.2851935625076294,0.44419723749160767
"(381, 411)",0.16058648975164402,0.1686120331287384,0.37119925022125244,0.43261533975601196
"(381, 412)",0.21902672346286067,0.16080720722675323,0.48724281787872314,0.4495227336883545
"(381, 413)",0.1927208108298828,0.1787852644920349,0.3293423652648926,0.5851686000823975
"(381, 414)",0.21218056249159645,0.19654275476932526,0.5557472705841064,0.3817932605743408
"(381, 415)",0.17972127710370245,0.14130057394504547,0.35522735118865967,0.5059331059455872
"(382, 397)",0.10391876942001144,0.10757093131542206,0.22659936547279358,0.45860132575035095
"(382, 398)",0.17147765925973246,0.13051638007164001,0.42598211765289307,0.40254661440849304
"(382, 399)",0.21199044453348392,0.1705816686153412,0.44830405712127686,0.4728720188140869
"(382, 400)",0.10522004381721217,0.10540834814310074,0.3778039216995239,0.2785043716430664
"(382, 401)",0.19789899514952936,0.12469449639320374,0.3903197646141052,0.5070176124572754
"(382, 402)",0.09147383624105387,0.11427772045135498,0.16650527715682983,0.5493749976158142
"(382, 403)",0.09482987743759352,0.09616446495056152,0.20001263916492462,0.4741194248199463
"(382, 404)",0.14933567605947218,0.11669334024190903,0.2741602659225464,0.5447021126747131
"(382, 405)",0.1300715635967844,0.1077544316649437,0.20554253458976746,0.6328206658363342
"(382, 406)",0.11328168732624455,0.09607081115245819,0.23974591493606567,0.4725072681903839
"(382, 407)",0.21470379082332158,0.1998053938150406,0.42793145775794983,0.5017247200012207
"(382, 408)",0.11494812804650678,0.09581899642944336,0.2563772201538086,0.44835546612739563
"(382, 409)",0.09599453600049257,0.07741469889879227,0.20143117010593414,0.4765624701976776
"(382, 410)",0.1098474071978508,0.1041596457362175,0.3269445300102234,0.3359817862510681
"(382, 411)",0.10258842712079641,0.08608709275722504,0.3558095693588257,0.2883239686489105
"(382, 412)",0.17445992768347907,0.10545605421066284,0.4747576117515564,0.3674715757369995
"(382, 413)",0.15445165673093086,0.11648906767368317,0.3757525682449341,0.41104617714881897
"(382, 414)",0.14898027974540184,0.12296565622091293,0.5345919132232666,0.27868038415908813
"(382, 415)",0.13687612791619763,0.11631911247968674,0.35390251874923706,0.38676223158836365
"(383, 397)",0.11619442452456319,0.11374235153198242,0.2308470904827118,0.5033393502235413
"(383, 398)",0.16886349559257852,0.1355617344379425,0.3772134482860565,0.44766032695770264
"(383, 399)",0.20126302370435667,0.1578715294599533,0.365484356880188,0.5506747961044312
"(383, 400)",0.13652316923847607,0.12236745655536652,0.38421735167503357,0.3553279638290405
"(383, 401)",0.2091162691734354,0.11847709864377975,0.3476775884628296,0.6014660596847534
"(383, 402)",0.09894873994291054,0.11050741374492645,0.1768709123134613,0.5594404339790344
"(383, 403)",0.09675944931439417,0.10707049816846848,0.19126039743423462,0.5059042572975159
"(383, 404)",0.15302838662338658,0.12515859305858612,0.2666773200035095,0.5738335251808167
"(383, 405)",0.11080294876833108,0.08504000306129456,0.17624470591545105,0.6286880970001221
"(383, 406)",0.09546406737536017,0.09337811172008514,0.2040019929409027,0.46795654296875
"(383, 407)",0.1745378326512803,0.15876318514347076,0.3586612045764923,0.48663705587387085
"(383, 408)",0.12000006290209342,0.08061441779136658,0.23991990089416504,0.500167191028595
"(383, 409)",0.09113246416996024,0.07384509593248367,0.18534860014915466,0.49168142676353455
"(383, 410)",0.11624077744029293,0.08827915042638779,0.2752319574356079,0.42233750224113464
"(383, 411)",0.1110214404401848,0.10093217343091965,0.3045666813850403,0.3645226061344147
"(383, 412)",0.19758740445065648,0.1250106394290924,0.45767098665237427,0.4317236840724945
"(383, 413)",0.1590264347553756,0.1145518571138382,0.3383212089538574,0.47004571557044983
"(383, 414)",0.16833293239895575,0.14794941246509552,0.49839749932289124,0.33774834871292114
"(383, 415)",0.14801496446275664,0.1135656088590622,0.31280386447906494,0.47318777441978455
"(384, 397)",0.17179384041651424,0.2229590117931366,0.3234250843524933,0.5311704277992249
"(384, 398)",0.2074639278546302,0.1980971097946167,0.4999196231365204,0.41499456763267517
"(384, 399)",0.2853743166356679,0.2545771300792694,0.5343368053436279,0.5340719819068909
"(384, 400)",0.15340143654137872,0.1742211878299713,0.4835298955440521,0.3172532618045807
"(384, 401)",0.2266638627565598,0.16073670983314514,0.4241277277469635,0.5344235897064209
"(384, 402)",0.14341561659847457,0.19822973012924194,0.23842334747314453,0.6015166640281677
"(384, 403)",0.1802054438624836,0.2283809930086136,0.3065195381641388,0.5879085063934326
"(384, 404)",0.2357559817517103,0.2726932466030121,0.37178537249565125,0.6341184973716736
"(384, 405)",0.18121947489406764,0.15896864235401154,0.27155548334121704,0.6673386693000793
"(384, 406)",0.15178756867427978,0.18681979179382324,0.2965083718299866,0.5119166374206543
"(384, 407)",0.2501502456686602,0.3172982633113861,0.4899095892906189,0.5106049180030823
"(384, 408)",0.21426043165581632,0.19983512163162231,0.3699328303337097,0.5791873931884766
"(384, 409)",0.17789969287964524,0.1962016522884369,0.3059646785259247,0.5814386606216431
"(384, 410)",0.14552296032684353,0.1716819703578949,0.3973121643066406,0.3662685751914978
"(384, 411)",0.13791616644290627,0.12472932040691376,0.435488224029541,0.3166932165622711
"(384, 412)",0.2352064038785393,0.17408330738544464,0.5794285535812378,0.40592822432518005
"(384, 413)",0.18081829389119264,0.19119535386562347,0.4215506315231323,0.4289361238479614
"(384, 414)",0.17728211070632938,0.16554200649261475,0.6166374683380127,0.2874981164932251
"(384, 415)",0.17266237782134652,0.1478726863861084,0.42657285928726196,0.4047664403915405
"(385, 397)",0.18573056719574765,0.24386318027973175,0.3213776648044586,0.5779199600219727
"(385, 398)",0.24633751998329245,0.2461903840303421,0.5454109907150269,0.451654851436615
"(385, 399)",0.30973222550390034,0.3297517001628876,0.5775004625320435,0.5363324284553528
"(385, 400)",0.19176861196990913,0.21219857037067413,0.5015619993209839,0.38234278559684753
"(385, 401)",0.2711707144690578,0.22036126255989075,0.48391804099082947,0.5603649616241455
"(385, 402)",0.19219722131479422,0.23574167490005493,0.2843138873577118,0.676003634929657
"(385, 403)",0.17828806744654457,0.18765956163406372,0.28586602210998535,0.6236770153045654
"(385, 404)",0.26355708163101,0.2513619065284729,0.39094772934913635,0.6741491556167603
"(385, 405)",0.2211029099236157,0.18285921216011047,0.32314082980155945,0.6842308044433594
"(385, 406)",0.2202050457190552,0.23349377512931824,0.36157524585723877,0.6090158224105835
"(385, 407)",0.3042641643604753,0.3385215699672699,0.5528787970542908,0.5503270626068115
"(385, 408)",0.22994932876155616,0.23006603121757507,0.4063339829444885,0.565912127494812
"(385, 409)",0.20736238744069269,0.18032482266426086,0.31349343061447144,0.6614568829536438
"(385, 410)",0.14282055930909365,0.1802627593278885,0.38229048252105713,0.37359172105789185
"(385, 411)",0.15008840803493761,0.15679225325584412,0.45926398038864136,0.3268020451068878
"(385, 412)",0.26782827097156314,0.22418257594108582,0.6319465637207031,0.4238147437572479
"(385, 413)",0.21488670951325783,0.2327398657798767,0.44120702147483826,0.4870428144931793
"(385, 414)",0.19830955385372562,0.18625444173812866,0.6248701214790344,0.3173612356185913
"(385, 415)",0.2159946214360886,0.18534129858016968,0.4649817943572998,0.46452274918556213
"(386, 397)",0.1797074687521203,0.19521686434745789,0.37274783849716187,0.48211538791656494
"(386, 398)",0.1997433132796793,0.18402114510536194,0.5735992193222046,0.34822800755500793
"(386, 399)",0.23730668498286178,0.23790477216243744,0.5571287274360657,0.42594587802886963
"(386, 400)",0.1313107532572655,0.15820050239562988,0.4913659393787384,0.2672361731529236
"(386, 401)",0.24849662463516253,0.17950564622879028,0.5248846411705017,0.47343093156814575
"(386, 402)",0.16241557682789676,0.18588551878929138,0.2814061641693115,0.5771571397781372
"(386, 403)",0.13481683523267662,0.14802715182304382,0.2635837495326996,0.5114762783050537
"(386, 404)",0.2509507307659078,0.22244761884212494,0.4301605224609375,0.5833885669708252
"(386, 405)",0.2119832757323099,0.15535810589790344,0.3218978941440582,0.6585419774055481
"(386, 406)",0.20864584518230345,0.18712332844734192,0.39093756675720215,0.5337063074111938
"(386, 407)",0.26780482499732905,0.2659451961517334,0.5625583529472351,0.476048082113266
"(386, 408)",0.2389126060967417,0.2012333869934082,0.4473274052143097,0.5340889096260071
"(386, 409)",0.1558094475840619,0.13782434165477753,0.31125712394714355,0.5005811452865601
"(386, 410)",0.09585589182043996,0.13841916620731354,0.35227224230766296,0.27210742235183716
"(386, 411)",0.11524021977642995,0.128667950630188,0.46562057733535767,0.24749812483787537
"(386, 412)",0.22352750728837378,0.19168561697006226,0.6401373744010925,0.3491867780685425
"(386, 413)",0.20281367094873737,0.181017205119133,0.5048359036445618,0.40174177289009094
"(386, 414)",0.17321494796387427,0.17823287844657898,0.6406070590019226,0.27039188146591187
"(386, 415)",0.17285052023255076,0.16005650162696838,0.4495980739593506,0.3844556510448456
"(387, 397)",0.16313568785802524,0.20463575422763824,0.3030749261379242,0.538268506526947
"(387, 398)",0.18517171856102088,0.19290944933891296,0.4902668595314026,0.377695769071579
"(387, 399)",0.24845127384082843,0.2658918797969818,0.501343309879303,0.4955711364746094
"(387, 400)",0.13958456981929146,0.1738876849412918,0.4629325270652771,0.30152249336242676
"(387, 401)",0.2166767201742914,0.16586419939994812,0.42012205719947815,0.5157470703125
"(387, 402)",0.12482388530250077,0.219336599111557,0.22008296847343445,0.5671674013137817
"(387, 403)",0.13150625287272888,0.17321041226387024,0.2453230917453766,0.5360532999038696
"(387, 404)",0.21736543734259328,0.24964593350887299,0.3538663387298584,0.6142585873603821
"(387, 405)",0.17097474660593548,0.1482367068529129,0.2618337869644165,0.6529896259307861
"(387, 406)",0.17046610274129925,0.17821282148361206,0.3497897982597351,0.48733869194984436
"(387, 407)",0.25613300499022884,0.29158875346183777,0.4975590109825134,0.5147791504859924
"(387, 408)",0.20161963859921528,0.1814175844192505,0.3783896565437317,0.5328360199928284
"(387, 409)",0.13018264254562872,0.14035564661026,0.25460049510002136,0.5113212466239929
"(387, 410)",0.11268746447183098,0.1432754397392273,0.340533047914505,0.3309149146080017
"(387, 411)",0.11177961907673506,0.11749372631311417,0.3939831256866455,0.28371676802635193
"(387, 412)",0.23433601471700882,0.18117088079452515,0.6103270053863525,0.3839515745639801
"(387, 413)",0.19180397316869602,0.19703319668769836,0.43361347913742065,0.44233858585357666
"(387, 414)",0.1645564782825879,0.1784290373325348,0.5973195433616638,0.27549153566360474
"(387, 415)",0.16951124345897206,0.14763107895851135,0.40606313943862915,0.4174504578113556
"(388, 397)",0.19430818034935626,0.23631912469863892,0.3414999842643738,0.5689844489097595
"(388, 398)",0.20912856729272278,0.18968424201011658,0.5401473045349121,0.3871695101261139
"(388, 399)",0.27712520639898486,0.26903966069221497,0.5610135197639465,0.49397242069244385
"(388, 400)",0.15904139702750442,0.16505207121372223,0.49905550479888916,0.31868478655815125
"(388, 401)",0.2559009574568165,0.18941734731197357,0.483487606048584,0.5292813181877136
"(388, 402)",0.19417501342259058,0.18315505981445312,0.30967089533805847,0.6270366907119751
"(388, 403)",0.1584676333632018,0.1722172200679779,0.27311742305755615,0.5802179574966431
"(388, 404)",0.26717088317268534,0.2512396275997162,0.4208433926105499,0.6348463296890259
"(388, 405)",0.2060692610662329,0.14440032839775085,0.31663012504577637,0.6508201360702515
"(388, 406)",0.23182920967656173,0.18431401252746582,0.4063971936702728,0.5704498291015625
"(388, 407)",0.2705553975582511,0.2948419451713562,0.5191802382469177,0.5211203694343567
"(388, 408)",0.257268689845354,0.24362289905548096,0.4533260464668274,0.5675135850906372
"(388, 409)",0.16725226902213564,0.1610206663608551,0.30153435468673706,0.5546706914901733
"(388, 410)",0.11847403667107415,0.14752289652824402,0.3543863296508789,0.33430758118629456
"(388, 411)",0.13535439786610226,0.12075421959161758,0.4599014222621918,0.2943117618560791
"(388, 412)",0.24336452860724478,0.1808222383260727,0.5941221714019775,0.40962034463882446
"(388, 413)",0.21860821200755254,0.19138284027576447,0.4618816375732422,0.47329920530319214
"(388, 414)",0.2012006536467652,0.17581592500209808,0.6319392323493958,0.3183860778808594
"(388, 415)",0.183253068182486,0.15519042313098907,0.4460178017616272,0.410864919424057
"(389, 397)",0.2715702167031644,0.2546344995498657,0.4079661965370178,0.6656684279441833
"(389, 398)",0.26573036232981906,0.18501001596450806,0.5373984575271606,0.49447548389434814
"(389, 399)",0.32896385619156376,0.25147342681884766,0.5631699562072754,0.5841289162635803
"(389, 400)",0.16175557326381096,0.14303851127624512,0.47418102622032166,0.3411262035369873
"(389, 401)",0.3166586442173287,0.18922258913516998,0.49062731862068176,0.6454158425331116
"(389, 402)",0.19679220797287655,0.15857847034931183,0.30487143993377686,0.645492434501648
"(389, 403)",0.19245049731678598,0.17821934819221497,0.30085983872413635,0.6396682858467102
"(389, 404)",0.28914000194686373,0.23230069875717163,0.41297367215156555,0.7001414895057678
"(389, 405)",0.23983347350320372,0.14835414290428162,0.3471657633781433,0.6908327341079712
"(389, 406)",0.21531362295981182,0.15936249494552612,0.36279451847076416,0.5934864282608032
"(389, 407)",0.28726264152518866,0.27198195457458496,0.5148323774337769,0.5579731464385986
"(389, 408)",0.31232762655394275,0.22767454385757446,0.4586259424686432,0.6810073256492615
"(389, 409)",0.17084681822738368,0.14976751804351807,0.27884402871131897,0.6126967072486877
"(389, 410)",0.15792706795843525,0.14240330457687378,0.3702016770839691,0.42659738659858704
"(389, 411)",0.17607653503034904,0.1399257481098175,0.4781448543071747,0.3682493567466736
"(389, 412)",0.25377103004096213,0.14917367696762085,0.5844340920448303,0.4342166781425476
"(389, 413)",0.21810371710659915,0.16192707419395447,0.41204914450645447,0.5293148159980774
"(389, 414)",0.24124337723333156,0.16695016622543335,0.6523809432983398,0.36978912353515625
"(389, 415)",0.20425722425051251,0.14452871680259705,0.43701252341270447,0.4673944413661957
"(390, 397)",0.1372680585211672,0.11188329756259918,0.39070457220077515,0.35133466124534607
"(390, 398)",0.1589221253948807,0.11153008043766022,0.583590030670166,0.2723180949687958
"(390, 399)",0.24482009907137936,0.18248023092746735,0.6318723559379578,0.38745182752609253
"(390, 400)",0.11230276186434551,0.1144956424832344,0.533983051776886,0.21031147241592407
"(390, 401)",0.2734150156829429,0.1309683918952942,0.538388192653656,0.5078399181365967
"(390, 402)",0.22141162411982762,0.1340920478105545,0.4511793851852417,0.4907396733760834
"(390, 403)",0.11777910666944891,0.10163067281246185,0.3399137854576111,0.3464969992637634
"(390, 404)",0.21031100664032465,0.14059793949127197,0.46954721212387085,0.44790172576904297
"(390, 405)",0.2551689590603985,0.14276596903800964,0.443122923374176,0.5758423805236816
"(390, 406)",0.2131435526629364,0.11132749915122986,0.5392151474952698,0.3952848017215729
"(390, 407)",0.21759097077692502,0.16494132578372955,0.5776145458221436,0.37670618295669556
"(390, 408)",0.1804594338713592,0.11041510105133057,0.5052697062492371,0.3571546673774719
"(390, 409)",0.1373044046509948,0.10510385036468506,0.38752827048301697,0.3543080985546112
"(390, 410)",0.0813960748727185,0.061721958220005035,0.42435842752456665,0.1918097287416458
"(390, 411)",0.1080743795832868,0.08494076132774353,0.4677000343799591,0.23107627034187317
"(390, 412)",0.19442288617877068,0.1150730773806572,0.604290246963501,0.3217375874519348
"(390, 413)",0.15759290270123927,0.09616218507289886,0.5147880911827087,0.30613160133361816
"(390, 414)",0.1641782211416558,0.16784679889678955,0.6856768727302551,0.23943963646888733
"(390, 415)",0.1822702979968902,0.13448047637939453,0.540601372718811,0.3371621072292328
"(391, 397)",0.12757232280615316,0.1830337792634964,0.21915097534656525,0.5821207165718079
"(391, 398)",0.22617325481196104,0.20787496864795685,0.396187961101532,0.5708736181259155
"(391, 399)",0.2507144549404039,0.2676379680633545,0.40491238236427307,0.6191819906234741
"(391, 400)",0.1566506431646939,0.16048678755760193,0.3932071328163147,0.3983921706676483
"(391, 401)",0.2552875810975408,0.22841547429561615,0.3720300793647766,0.6862014532089233
"(391, 402)",0.1511297229079256,0.1812012493610382,0.22164057195186615,0.6818684935569763
"(391, 403)",0.11142379607981923,0.13721328973770142,0.18243488669395447,0.6107592582702637
"(391, 404)",0.1826972067350372,0.202295184135437,0.278756707906723,0.6554002165794373
"(391, 405)",0.16377215974424075,0.15619942545890808,0.22910234332084656,0.7148427963256836
"(391, 406)",0.18644429247661165,0.17341110110282898,0.29107263684272766,0.6405421495437622
"(391, 407)",0.2256287668470076,0.26133689284324646,0.396623820066452,0.5688734650611877
"(391, 408)",0.21421171250918292,0.1983771026134491,0.3192322254180908,0.671021580696106
"(391, 409)",0.1075375741955682,0.13703157007694244,0.1813839077949524,0.5928727388381958
"(391, 410)",0.1283297134722412,0.15131595730781555,0.2712341845035553,0.47313252091407776
"(391, 411)",0.14364975701220395,0.15854638814926147,0.3525181710720062,0.40749603509902954
"(391, 412)",0.21597738833528535,0.1808001548051834,0.4790475070476532,0.4508475363254547
"(391, 413)",0.1557830269522471,0.1668340265750885,0.3196236789226532,0.48739513754844666
"(391, 414)",0.22943942335087897,0.18848830461502075,0.5529353022575378,0.414948046207428
"(391, 415)",0.16345432065355325,0.17946670949459076,0.3222005069255829,0.5073062181472778
"(392, 397)",0.18052338340023155,0.21859198808670044,0.3300366997718811,0.5469797253608704
"(392, 398)",0.28658740431171736,0.28833359479904175,0.562517523765564,0.5094728469848633
"(392, 399)",0.3158009119199505,0.35040250420570374,0.5461616516113281,0.5782187581062317
"(392, 400)",0.1630652859076207,0.19726347923278809,0.4729461371898651,0.3447861671447754
"(392, 401)",0.3303822506471903,0.28395187854766846,0.5178235769271851,0.6380208730697632
"(392, 402)",0.15572676695254728,0.17553852498531342,0.2507447600364685,0.6210569143295288
"(392, 403)",0.14831488636678358,0.17244094610214233,0.26501378417015076,0.5596497058868408
"(392, 404)",0.25280224780664184,0.23106548190116882,0.40228238701820374,0.6284198760986328
"(392, 405)",0.19045075299755965,0.1578754484653473,0.2922576069831848,0.6516537070274353
"(392, 406)",0.18051666112264186,0.20190466940402985,0.30659908056259155,0.5887710452079773
"(392, 407)",0.27258414292431254,0.2921730875968933,0.5079217553138733,0.5366656184196472
"(392, 408)",0.2144573061784012,0.18634125590324402,0.38417407870292664,0.5582295060157776
"(392, 409)",0.18682981479432037,0.17323078215122223,0.32236751914024353,0.579555332660675
"(392, 410)",0.12944607383826678,0.18439698219299316,0.3523988723754883,0.3673282861709595
"(392, 411)",0.15380634355265954,0.18212035298347473,0.4235481023788452,0.3631378412246704
"(392, 412)",0.21500349748105307,0.1845957636833191,0.560210108757019,0.3837908208370209
"(392, 413)",0.23902083121355133,0.24070921540260315,0.4577980637550354,0.5221097469329834
"(392, 414)",0.1949451533732116,0.1831819862127304,0.6132816076278687,0.31787216663360596
"(392, 415)",0.2004134878108701,0.19705839455127716,0.4259558916091919,0.47050291299819946
"(393, 397)",0.13825613865694386,0.23317793011665344,0.27666229009628296,0.49972888827323914
"(393, 398)",0.1577451261119709,0.20698384940624237,0.45867854356765747,0.34391215443611145
"(393, 399)",0.21299392559006503,0.2733568847179413,0.4869673550128937,0.43738850951194763
"(393, 400)",0.11621867314497791,0.16521859169006348,0.4203140139579773,0.27650439739227295
"(393, 401)",0.2153149506725356,0.22200065851211548,0.4303591251373291,0.5003145933151245
"(393, 402)",0.11480990016550408,0.1690192073583603,0.20897144079208374,0.5494047403335571
"(393, 403)",0.1280861379758047,0.18564283847808838,0.23456771671772003,0.5460518598556519
"(393, 404)",0.18473869051591407,0.2609291076660156,0.32100194692611694,0.5755064487457275
"(393, 405)",0.14881222802432603,0.13724973797798157,0.245211660861969,0.60687255859375
"(393, 406)",0.12951007036230067,0.178964763879776,0.2711317539215088,0.4776647090911865
"(393, 407)",0.21487145376639738,0.2995176315307617,0.46528318524360657,0.46180790662765503
"(393, 408)",0.2090655012435274,0.25284281373023987,0.37453195452690125,0.558204710483551
"(393, 409)",0.1211604135176092,0.16811427474021912,0.23425157368183136,0.5172234773635864
"(393, 410)",0.09659507496263675,0.1581411361694336,0.31722065806388855,0.3045043647289276
"(393, 411)",0.09792213497952673,0.14085593819618225,0.363768994808197,0.26918768882751465
"(393, 412)",0.19938724661564677,0.18902675807476044,0.5712102055549622,0.3490610718727112
"(393, 413)",0.13891785894621833,0.19290748238563538,0.3598265051841736,0.38606899976730347
"(393, 414)",0.15769824031426793,0.1849440634250641,0.6006476879119873,0.26254698634147644
"(393, 415)",0.14872073981805123,0.1467159241437912,0.3929010331630707,0.37851959466934204
"(394, 397)",0.18751410319017126,0.21388867497444153,0.3220222294330597,0.5823017358779907
"(394, 398)",0.23182228610711064,0.1785285770893097,0.5366986989974976,0.4319412112236023
"(394, 399)",0.29829328113901,0.27100205421447754,0.5689629316329956,0.5242754220962524
"(394, 400)",0.1758432747559766,0.16710467636585236,0.5110000371932983,0.3441159725189209
"(394, 401)",0.2730827436377865,0.1833144724369049,0.49529802799224854,0.5513503551483154
"(394, 402)",0.2027734382040709,0.17881029844284058,0.3189275562763214,0.6357977986335754
"(394, 403)",0.15437168271160218,0.15951859951019287,0.2627836763858795,0.5874477624893188
"(394, 404)",0.2615342758673851,0.23221445083618164,0.40050390362739563,0.6530130505561829
"(394, 405)",0.21879341113128703,0.15242931246757507,0.3385211229324341,0.6463212966918945
"(394, 406)",0.24612983224130858,0.18131068348884583,0.42108774185180664,0.5845096111297607
"(394, 407)",0.3047385161951297,0.29345282912254333,0.5387601852416992,0.565629243850708
"(394, 408)",0.25405174433228694,0.2165195494890213,0.4491006135940552,0.5656900405883789
"(394, 409)",0.16959717910238759,0.1545657217502594,0.2915017306804657,0.5818050503730774
"(394, 410)",0.1320159524976816,0.13924822211265564,0.3600485324859619,0.36666154861450195
"(394, 411)",0.15169680092488136,0.12174499034881592,0.4684112071990967,0.32385390996932983
"(394, 412)",0.2603131657808788,0.1838221400976181,0.6065862774848938,0.4291445016860962
"(394, 413)",0.22214307676395606,0.17759978771209717,0.45122694969177246,0.49230897426605225
"(394, 414)",0.2076619613531534,0.1802971512079239,0.6261544227600098,0.33164656162261963
"(394, 415)",0.21642620466742812,0.15998372435569763,0.4666590690612793,0.46377798914909363
"(395, 397)",0.13296474329200159,0.14152240753173828,0.273912638425827,0.4854275584220886
"(395, 398)",0.2132030499749904,0.16174373030662537,0.48941221833229065,0.43563082814216614
"(395, 399)",0.2533916790886881,0.210325688123703,0.46578487753868103,0.5440101027488708
"(395, 400)",0.13377074720407478,0.14039431512355804,0.4476473331451416,0.29883065819740295
"(395, 401)",0.2952082125920974,0.16917680203914642,0.4683832824230194,0.6302706003189087
"(395, 402)",0.16799026639968773,0.14597350358963013,0.2811850905418396,0.5974366068840027
"(395, 403)",0.1113578296606299,0.1030733659863472,0.23241817951202393,0.47912701964378357
"(395, 404)",0.18595619696008825,0.14324863255023956,0.341328889131546,0.5448006391525269
"(395, 405)",0.20854446212067757,0.1342783123254776,0.315650075674057,0.6606824398040771
"(395, 406)",0.1797927084133022,0.1341557800769806,0.34552186727523804,0.5203511714935303
"(395, 407)",0.22052644076781558,0.19182264804840088,0.4627164304256439,0.4765909016132355
"(395, 408)",0.1874119534445029,0.129603773355484,0.3738972544670105,0.5012391805648804
"(395, 409)",0.11382384966728942,0.10656718909740448,0.24332299828529358,0.4677891135215759
"(395, 410)",0.08644776809565968,0.09543205797672272,0.2777150869369507,0.311282217502594
"(395, 411)",0.16034687926058844,0.14128698408603668,0.43103259801864624,0.3720063865184784
"(395, 412)",0.1982758852733113,0.13210813701152802,0.5252090096473694,0.37751805782318115
"(395, 413)",0.187102155779864,0.12761598825454712,0.42225995659828186,0.4430970847606659
"(395, 414)",0.17137277971075449,0.15421180427074432,0.5669206380844116,0.3022870719432831
"(395, 415)",0.19927496000831724,0.1656748652458191,0.41554325819015503,0.47955286502838135
"(396, 397)",0.16295779467686344,0.18172410130500793,0.334564745426178,0.48707401752471924
"(396, 398)",0.16407431937855854,0.14377695322036743,0.4897751212120056,0.33499929308891296
"(396, 399)",0.24733310362869076,0.2214253842830658,0.5656933784484863,0.43722113966941833
"(396, 400)",0.11717284939343209,0.14758870005607605,0.44060274958610535,0.2659376263618469
"(396, 401)",0.24705247175760903,0.15947461128234863,0.4686869978904724,0.5271161198616028
"(396, 402)",0.2071990103782042,0.1879388391971588,0.34619027376174927,0.5985119342803955
"(396, 403)",0.13065342972959115,0.14017264544963837,0.2556271553039551,0.5111093521118164
"(396, 404)",0.22662732139780317,0.2070176750421524,0.38149288296699524,0.5940538644790649
"(396, 405)",0.24050773887938703,0.15727461874485016,0.37940406799316406,0.6339092254638672
"(396, 406)",0.2237070130265515,0.1634882092475891,0.4184989333152771,0.5345461964607239
"(396, 407)",0.2563152618067832,0.2602708339691162,0.47881871461868286,0.5353075265884399
"(396, 408)",0.24707256253770993,0.17950354516506195,0.4566822052001953,0.5410163998603821
"(396, 409)",0.12250866968544472,0.12265908718109131,0.2611575126647949,0.4690987765789032
"(396, 410)",0.08604263780412325,0.11654913425445557,0.3263806700706482,0.2636266350746155
"(396, 411)",0.10693754955909096,0.10742764919996262,0.40552201867103577,0.26370343565940857
"(396, 412)",0.22572290118359817,0.16955462098121643,0.5698999762535095,0.3960745930671692
"(396, 413)",0.17157554300726297,0.15821602940559387,0.4095461964607239,0.41894063353538513
"(396, 414)",0.18018629304985012,0.17053306102752686,0.6342775821685791,0.2840811312198639
"(396, 415)",0.18203879824451707,0.14488142728805542,0.48175087571144104,0.3778691589832306
"(416, 422)",0.25370896944359345,0.21853968501091003,0.48104941844940186,0.5274072885513306
"(416, 423)",0.3060903097789591,0.24853242933750153,0.47823774814605713,0.6400379538536072
"(416, 424)",0.17109890109496817,0.14423319697380066,0.2894982397556305,0.591018795967102
"(416, 425)",0.22243406610842875,0.2488318681716919,0.3874513804912567,0.5740954279899597
"(416, 426)",0.28437525245738016,0.3093087673187256,0.47416797280311584,0.5997352600097656
"(416, 427)",0.2379234467249347,0.21466119587421417,0.41697531938552856,0.5705935955047607
"(416, 428)",0.16635374381678325,0.1425347626209259,0.3816119134426117,0.43592387437820435
"(416, 429)",0.2841771739670875,0.2576623260974884,0.549059271812439,0.5175710320472717
"(417, 422)",0.19271353289636295,0.16384397447109222,0.5322713851928711,0.3620587885379791
"(417, 423)",0.24139217344814412,0.1998777687549591,0.5096738934516907,0.47362083196640015
"(417, 424)",0.092401792299313,0.0982745811343193,0.2928953170776367,0.315477192401886
"(417, 425)",0.17751942476226645,0.18464162945747375,0.41506457328796387,0.42769110202789307
"(417, 426)",0.19471351012778904,0.20248031616210938,0.49352940917015076,0.3945327401161194
"(417, 427)",0.2561449333379784,0.21461346745491028,0.4989783763885498,0.5133387446403503
"(417, 428)",0.10828041597971882,0.09951287508010864,0.39722225069999695,0.27259403467178345
"(417, 429)",0.21926109349078615,0.2192603349685669,0.62152099609375,0.3527814745903015
"(418, 422)",0.12790295712530053,0.1481972336769104,0.4613977074623108,0.277207612991333
"(418, 423)",0.12584236571179108,0.13639460504055023,0.3819182813167572,0.3295007646083832
"(418, 424)",0.10101828710866378,0.0873483270406723,0.274126261472702,0.36851006746292114
"(418, 425)",0.10792340114265464,0.15119688212871552,0.33001503348350525,0.32702571153640747
"(418, 426)",0.13254360181815095,0.18189772963523865,0.4047932028770447,0.32743534445762634
"(418, 427)",0.12446833235615884,0.13054154813289642,0.35327038168907166,0.35233163833618164
"(418, 428)",0.15338220037014594,0.12737369537353516,0.4349532127380371,0.35264068841934204
"(418, 429)",0.14406957430339062,0.16474568843841553,0.5449851751327515,0.26435503363609314
"(419, 422)",0.19691205317107574,0.15761788189411163,0.5559136867523193,0.3542133569717407
"(419, 423)",0.2914408038941474,0.23838062584400177,0.5808629989624023,0.5017375946044922
"(419, 424)",0.1354562309423848,0.08727940917015076,0.3801514506340027,0.3563217520713806
"(419, 425)",0.18731635393699264,0.19365376234054565,0.45272737741470337,0.41375088691711426
"(419, 426)",0.21788472135168035,0.22119079530239105,0.5343353152275085,0.40776777267456055
"(419, 427)",0.23373902980453032,0.18967372179031372,0.5059558749198914,0.4619751274585724
"(419, 428)",0.13837967103699444,0.12299299240112305,0.44753560423851013,0.30920371413230896
"(419, 429)",0.2458598214053609,0.22685642540454865,0.6492347717285156,0.378691703081131
"(420, 422)",0.24095509166706108,0.18812379240989685,0.501020073890686,0.48092901706695557
"(420, 423)",0.27939079187113336,0.2192780077457428,0.49784931540489197,0.5611954927444458
"(420, 424)",0.13344220199601775,0.11401929706335068,0.2718183696269989,0.4909241497516632
"(420, 425)",0.2062245188554357,0.2123548984527588,0.39921700954437256,0.5165724754333496
"(420, 426)",0.2711614997809466,0.2584231197834015,0.488881379365921,0.5546570420265198
"(420, 427)",0.24975618963186008,0.19344671070575714,0.4451160132884979,0.5611035823822021
"(420, 428)",0.14312993024299026,0.11079340428113937,0.3688124120235443,0.388083279132843
"(420, 429)",0.29138095089196625,0.25478124618530273,0.6108170747756958,0.47703471779823303
"(421, 422)",0.19790394448872206,0.14154620468616486,0.399254709482193,0.4956834316253662
"(421, 423)",0.1978979898265809,0.16168159246444702,0.3564701974391937,0.5551599860191345
"(421, 424)",0.17533723121191613,0.13195109367370605,0.32242581248283386,0.5438064336776733
"(421, 425)",0.15599775361066115,0.17293795943260193,0.29355940222740173,0.5314009785652161
"(421, 426)",0.21773975922863542,0.20513544976711273,0.4043554663658142,0.5384860038757324
"(421, 427)",0.1680540817923486,0.16359040141105652,0.3043837547302246,0.5521125197410583
"(421, 428)",0.17617484508658787,0.12832319736480713,0.3988548219203949,0.4417016804218292
"(421, 429)",0.2063588149929192,0.18326020240783691,0.4815245568752289,0.42855304479599
"(430, 440)",0.10502051901779996,0.17100052535533905,0.4959251284599304,0.21176688373088837
"(430, 441)",0.1714505640929218,0.20012235641479492,0.5687925815582275,0.30142897367477417
"(430, 442)",0.15127861528649866,0.19394680857658386,0.5086660981178284,0.29740259051322937
"(430, 443)",0.16324953351441351,0.173985555768013,0.5402664542198181,0.30216485261917114
"(430, 444)",0.12379409276970677,0.15110257267951965,0.5809289216995239,0.21309679746627808
"(430, 445)",0.19464713814498324,0.1487778127193451,0.5732001066207886,0.3395797312259674
"(430, 446)",0.16516820369126606,0.18110555410385132,0.46883702278137207,0.3522934317588806
"(430, 447)",0.14929641919962933,0.11119800806045532,0.40459686517715454,0.3690004348754883
"(430, 448)",0.1946949058359344,0.2542203366756439,0.5723797082901001,0.3401499092578888
"(430, 449)",0.19798181068449772,0.28073978424072266,0.5653390288352966,0.3502001464366913
"(430, 450)",0.18630791686496906,0.20474150776863098,0.5135926008224487,0.36275428533554077
"(430, 451)",0.13405789281421931,0.07632662355899811,0.31907373666763306,0.4201470613479614
"(430, 452)",0.14263697638750727,0.13408303260803223,0.36381101608276367,0.3920633792877197
"(430, 453)",0.09030638465124596,0.08902227878570557,0.24836677312850952,0.3636009097099304
"(431, 440)",0.08709987576124334,0.12052492797374725,0.5356756448745728,0.1625981628894806
"(431, 441)",0.11905384972051891,0.1277323067188263,0.5886579751968384,0.20224621891975403
"(431, 442)",0.12268634468075845,0.15486398339271545,0.5425635576248169,0.22612345218658447
"(431, 443)",0.11593387738064465,0.13478726148605347,0.5277735590934753,0.21966594457626343
"(431, 444)",0.08634328120035661,0.12756814062595367,0.6306114196777344,0.13691994547843933
"(431, 445)",0.12296517722803912,0.1259140968322754,0.5921273231506348,0.2076667845249176
"(431, 446)",0.1730171834680938,0.17775923013687134,0.576370358467102,0.300184041261673
"(431, 447)",0.15937145593836277,0.09357529878616333,0.48721468448638916,0.3271072506904602
"(431, 448)",0.16798302503270435,0.17133569717407227,0.6152141690254211,0.2730480432510376
"(431, 449)",0.17218831254328393,0.23245477676391602,0.6048972606658936,0.2846571207046509
"(431, 450)",0.11028687323458897,0.16338184475898743,0.5010048747062683,0.22013133764266968
"(431, 451)",0.1393067696263941,0.08035750687122345,0.3799997568130493,0.3665969967842102
"(431, 452)",0.13349510220991778,0.12772849202156067,0.3903598487377167,0.34197959303855896
"(431, 453)",0.08751501593833844,0.08951510488986969,0.2914558947086334,0.3002684712409973
"(432, 440)",0.16071196070238258,0.12763118743896484,0.44450777769088745,0.36155039072036743
"(432, 441)",0.21862564488994352,0.16390421986579895,0.4705834984779358,0.4645841717720032
"(432, 442)",0.16727187257860265,0.1537950485944748,0.4075043797492981,0.41047871112823486
"(432, 443)",0.17902642510740208,0.13976727426052094,0.40152859687805176,0.44586220383644104
"(432, 444)",0.1701766868831669,0.15783244371414185,0.480527400970459,0.3541456460952759
"(432, 445)",0.202057745448478,0.14757174253463745,0.4620863199234009,0.43727272748947144
"(432, 446)",0.1990337637544144,0.1707601696252823,0.36855438351631165,0.5400390625
"(432, 447)",0.12519892444152347,0.0855226218700409,0.2728821933269501,0.45880210399627686
"(432, 448)",0.2251036788129701,0.20199021697044373,0.4795362055301666,0.46941956877708435
"(432, 449)",0.20906766820029077,0.21497803926467896,0.4550917148590088,0.4593967795372009
"(432, 450)",0.1877526000506986,0.17662937939167023,0.41724544763565063,0.4499811828136444
"(432, 451)",0.12567409099442095,0.07061067223548889,0.24467900395393372,0.5136284232139587
"(432, 452)",0.08954209881234743,0.09646092355251312,0.18810883164405823,0.4760122001171112
"(432, 453)",0.07220147758253503,0.07807078212499619,0.1591847538948059,0.45357030630111694
"(433, 440)",0.13142140178501904,0.1522853821516037,0.4444401264190674,0.2957010269165039
"(433, 441)",0.22553457365638252,0.21818006038665771,0.503571093082428,0.4478703737258911
"(433, 442)",0.22241652130770717,0.22714941203594208,0.5008547306060791,0.4440739154815674
"(433, 443)",0.2235198407886294,0.22144949436187744,0.4798418879508972,0.465819776058197
"(433, 444)",0.18383081758754116,0.18662044405937195,0.5358294248580933,0.3430771231651306
"(433, 445)",0.2322840051565347,0.20090442895889282,0.5209793448448181,0.4458602964878082
"(433, 446)",0.28173074454217684,0.23861172795295715,0.4927099347114563,0.5717983841896057
"(433, 447)",0.19510055758274092,0.11992612481117249,0.37945571541786194,0.5141589641571045
"(433, 448)",0.27326881276089665,0.273253470659256,0.5771684050559998,0.47346460819244385
"(433, 449)",0.31262471095483235,0.3543470501899719,0.5672939419746399,0.5510806441307068
"(433, 450)",0.2042906439143266,0.22406408190727234,0.4371422529220581,0.4673321843147278
"(433, 451)",0.15039956490807427,0.09839026629924774,0.2721025347709656,0.5527312159538269
"(433, 452)",0.1320216400858616,0.1389143317937851,0.26939478516578674,0.4900675415992737
"(433, 453)",0.10118613355075468,0.11066356301307678,0.20192742347717285,0.5011014938354492
"(434, 440)",0.17849296518690494,0.1926131248474121,0.39144015312194824,0.45599043369293213
"(434, 441)",0.21266392655505229,0.22976277768611908,0.3784366846084595,0.5619537830352783
"(434, 442)",0.1885080096469096,0.2218385934829712,0.36183688044548035,0.5209751129150391
"(434, 443)",0.16862454671503002,0.19488830864429474,0.31757381558418274,0.5309774875640869
"(434, 444)",0.20188280408847525,0.2326030731201172,0.4298427402973175,0.46966665983200073
"(434, 445)",0.22655783667283202,0.19859722256660461,0.4158306419849396,0.5448319911956787
"(434, 446)",0.20341846839099276,0.224635511636734,0.32924509048461914,0.6178329586982727
"(434, 447)",0.12555560399110632,0.10811398178339005,0.23254068195819855,0.5399296283721924
"(434, 448)",0.22902828820715015,0.26939070224761963,0.41869980096817017,0.5469987988471985
"(434, 449)",0.19993317390837007,0.25805696845054626,0.35949400067329407,0.5561516284942627
"(434, 450)",0.16784259920960487,0.2064436823129654,0.31839701533317566,0.5271487832069397
"(434, 451)",0.12115516191024511,0.08383408188819885,0.1992558240890503,0.6080382466316223
"(434, 452)",0.08003573612402448,0.11940407752990723,0.1463111937046051,0.5470240116119385
"(434, 453)",0.07113905214936311,0.10215950012207031,0.12361601740121841,0.5754840970039368
"(435, 440)",0.2005905686043974,0.26893341541290283,0.4990553855895996,0.4019404947757721
"(435, 441)",0.32727259101172024,0.3394983410835266,0.5961057543754578,0.5490176677703857
"(435, 442)",0.24568131829152406,0.2942621111869812,0.498019814491272,0.4933163523674011
"(435, 443)",0.1932214266176988,0.231589674949646,0.41046851873397827,0.4707338511943817
"(435, 444)",0.1500140277848061,0.24744123220443726,0.4859952926635742,0.30867382884025574
"(435, 445)",0.22264171299852364,0.2209295630455017,0.4754774570465088,0.46824872493743896
"(435, 446)",0.20787434983756903,0.2540838420391083,0.411603182554245,0.5050358176231384
"(435, 447)",0.14392395350154974,0.12477042526006699,0.2906774580478668,0.49513283371925354
"(435, 448)",0.2953069678323743,0.39320608973503113,0.5629382133483887,0.5245814919471741
"(435, 449)",0.3025611960263177,0.4226286709308624,0.54874187707901,0.5513725280761719
"(435, 450)",0.20864801893090146,0.27044913172721863,0.4346722364425659,0.48001229763031006
"(435, 451)",0.10696082295643095,0.09567487239837646,0.21684682369232178,0.4932551980018616
"(435, 452)",0.09769558837895431,0.15561166405677795,0.2227543592453003,0.4385799169540405
"(435, 453)",0.08795085733176222,0.14710119366645813,0.18238283693790436,0.48223209381103516
"(436, 440)",0.3440418348318417,0.28975287079811096,0.5687217712402344,0.6049387454986572
"(436, 441)",0.40527168006493497,0.3305681645870209,0.5880773663520813,0.689146876335144
"(436, 442)",0.343005537127965,0.3258061408996582,0.5387427806854248,0.6366777420043945
"(436, 443)",0.18136514804468895,0.19884201884269714,0.3320922553539276,0.5461288094520569
"(436, 444)",0.29913004426795453,0.27767348289489746,0.5776185393333435,0.5178678035736084
"(436, 445)",0.2984528302171441,0.2348143607378006,0.5134701728820801,0.5812466740608215
"(436, 446)",0.24090812522389982,0.2479185312986374,0.40441253781318665,0.5956989526748657
"(436, 447)",0.13529797835848534,0.1133083701133728,0.2585581839084625,0.5232786536216736
"(436, 448)",0.38609792626380113,0.36737656593322754,0.599834680557251,0.6436738967895508
"(436, 449)",0.3790731981606257,0.40615299344062805,0.5607361793518066,0.6760277152061462
"(436, 450)",0.2689133916301216,0.27259159088134766,0.4616851806640625,0.5824605226516724
"(436, 451)",0.11374163030944118,0.08721880614757538,0.2019900530576706,0.5631051063537598
"(436, 452)",0.12407069031269202,0.14992773532867432,0.22221755981445312,0.5583298206329346
"(436, 453)",0.09723645854691476,0.12716522812843323,0.16899505257606506,0.5753805041313171
"(437, 440)",0.16973933414399056,0.14716340601444244,0.4065195322036743,0.41754287481307983
"(437, 441)",0.2324346777081132,0.17089834809303284,0.4403960704803467,0.5277855396270752
"(437, 442)",0.18618850707881762,0.17458318173885345,0.3949142098426819,0.47146570682525635
"(437, 443)",0.17512875688705165,0.14646831154823303,0.36143383383750916,0.4845389127731323
"(437, 444)",0.1926254173141615,0.15716758370399475,0.4847590923309326,0.39736318588256836
"(437, 445)",0.2211070396495689,0.14069637656211853,0.4636070430278778,0.4769276976585388
"(437, 446)",0.18988015276221404,0.14556092023849487,0.3535960912704468,0.5369973182678223
"(437, 447)",0.12609087591707357,0.08676531165838242,0.24218858778476715,0.520630955696106
"(437, 448)",0.3032130770541741,0.2560572028160095,0.5269626975059509,0.5753976106643677
"(437, 449)",0.24386560198207974,0.2449856698513031,0.4526532292366028,0.5387470722198486
"(437, 450)",0.19771396074099457,0.19098542630672455,0.381224125623703,0.5186291933059692
"(437, 451)",0.10334309968871125,0.06727594137191772,0.18629147112369537,0.5547387599945068
"(437, 452)",0.07062950768684306,0.08972179144620895,0.14474472403526306,0.4879591166973114
"(437, 453)",0.059793136854113804,0.07654724270105362,0.11764112859964371,0.5082672834396362
"(438, 440)",0.15492025426041067,0.11417445540428162,0.35595619678497314,0.4352228045463562
"(438, 441)",0.1960951633682786,0.13253924250602722,0.357972115278244,0.54779452085495
"(438, 442)",0.1620367762407824,0.1436152160167694,0.3371972441673279,0.48054003715515137
"(438, 443)",0.1349817103265707,0.10192844271659851,0.28502875566482544,0.4735722541809082
"(438, 444)",0.16223945707725562,0.1096251830458641,0.3814457654953003,0.42532771825790405
"(438, 445)",0.1822559088782043,0.11234445869922638,0.37811410427093506,0.4820129871368408
"(438, 446)",0.141289986808669,0.1072244644165039,0.25743943452835083,0.5488280653953552
"(438, 447)",0.09527301970533131,0.060941312462091446,0.1795535683631897,0.5306105613708496
"(438, 448)",0.23620776132824517,0.19172313809394836,0.42377495765686035,0.5573896169662476
"(438, 449)",0.19928798269539527,0.17955100536346436,0.38022807240486145,0.5241274833679199
"(438, 450)",0.16851569995290738,0.15791888535022736,0.3241773545742035,0.5198256373405457
"(438, 451)",0.09221405569007857,0.053617849946022034,0.16130521893501282,0.5716743469238281
"(438, 452)",0.057471549388786514,0.06750091910362244,0.1158021092414856,0.49629104137420654
"(438, 453)",0.04850340406586051,0.05380791053175926,0.09237539023160934,0.525068461894989
"(439, 440)",0.23032718107324257,0.17678844928741455,0.47431957721710205,0.4855949282646179
"(439, 441)",0.2800633452857646,0.20110000669956207,0.4835802912712097,0.5791454911231995
"(439, 442)",0.24137214108224825,0.19582398235797882,0.4502815902233124,0.536047101020813
"(439, 443)",0.2460542280516691,0.19209128618240356,0.45184576511383057,0.5445535778999329
"(439, 444)",0.27174832395832027,0.17956414818763733,0.5371187925338745,0.5059370994567871
"(439, 445)",0.2757875721280527,0.18507346510887146,0.5073394179344177,0.5435957908630371
"(439, 446)",0.27630502121583334,0.19270890951156616,0.44668030738830566,0.6185744404792786
"(439, 447)",0.19073287691792729,0.11208757013082504,0.3292839229106903,0.579235315322876
"(439, 448)",0.332017086682292,0.24549797177314758,0.5428913831710815,0.6115718483924866
"(439, 449)",0.2950523442862263,0.27914053201675415,0.5184155702590942,0.5691425204277039
"(439, 450)",0.23712098314703667,0.22737367451190948,0.42098134756088257,0.5632576942443848
"(439, 451)",0.17871721199281865,0.08446843177080154,0.2840695381164551,0.6291319131851196
"(439, 452)",0.1223075765831183,0.1247134655714035,0.2141210436820984,0.5712076425552368
"(439, 453)",0.10391532991080865,0.09241469949483871,0.18050244450569153,0.5757004022598267
"(454, 460)",0.1364492843899079,0.10483065992593765,0.3345051407814026,0.40791386365890503
"(454, 461)",0.18106397880405112,0.18492397665977478,0.2889772057533264,0.6265683770179749
"(454, 462)",0.05126806645990589,0.08382106572389603,0.07598931342363358,0.6746746897697449
"(454, 463)",0.10573355755027514,0.16154274344444275,0.1665656864643097,0.6347859501838684
"(454, 464)",0.1688328352704147,0.14327757060527802,0.23965609073638916,0.7044796347618103
"(454, 465)",0.19760743436570039,0.15078219771385193,0.6282522678375244,0.3145351707935333
"(455, 460)",0.10465804920120458,0.1032838225364685,0.27080097794532776,0.38647589087486267
"(455, 461)",0.10018733634609767,0.15014223754405975,0.2117425799369812,0.47315630316734314
"(455, 462)",0.04729065796012577,0.07986313849687576,0.08444444835186005,0.560020923614502
"(455, 463)",0.1709610436160247,0.18436112999916077,0.2659456431865692,0.6428420543670654
"(455, 464)",0.126742102782611,0.13766123354434967,0.24473974108695984,0.5178648233413696
"(455, 465)",0.13240261045825363,0.1428546905517578,0.5660575032234192,0.23390311002731323
"(456, 460)",0.1522523788799539,0.17015057802200317,0.29526689648628235,0.5156432390213013
"(456, 461)",0.15270979366490245,0.19395965337753296,0.27323320508003235,0.5588991045951843
"(456, 462)",0.06305421479692086,0.09728293120861053,0.09958314895629883,0.6331815719604492
"(456, 463)",0.13091351483233638,0.1518106758594513,0.2155364751815796,0.6073845028877258
"(456, 464)",0.23700717595275833,0.23909707367420197,0.34680071473121643,0.6834102869033813
"(456, 465)",0.1438082904336646,0.13950380682945251,0.5452765226364136,0.2637346088886261
"(457, 460)",0.15614694440881394,0.12637005746364594,0.5289916396141052,0.29517847299575806
"(457, 461)",0.17371160274323927,0.13091504573822021,0.5028413534164429,0.34546005725860596
"(457, 462)",0.15105670381323932,0.09752728044986725,0.3196990489959717,0.47249656915664673
"(457, 463)",0.1459302806706475,0.12778711318969727,0.38418084383010864,0.3798478841781616
"(457, 464)",0.1748024986702461,0.12222155183553696,0.4978194236755371,0.35113635659217834
"(457, 465)",0.14917494424410904,0.13881409168243408,0.655169665813446,0.22768902778625488
"(458, 460)",0.13909747378094295,0.1219896525144577,0.2530144453048706,0.5497609972953796
"(458, 461)",0.12928652711114985,0.1265578269958496,0.21348819136619568,0.6055909991264343
"(458, 462)",0.0760941342731769,0.08877299726009369,0.1173710823059082,0.6483209729194641
"(458, 463)",0.12687878387907858,0.13946634531021118,0.1903940737247467,0.6664009094238281
"(458, 464)",0.2535220101818272,0.22867098450660706,0.3525957763195038,0.7190160155296326
"(458, 465)",0.14835755058823352,0.12248435616493225,0.4379010796546936,0.3387923836708069
"(459, 460)",0.19246341647551013,0.13274329900741577,0.3070269525051117,0.6268616318702698
"(459, 461)",0.19134091991422508,0.161788672208786,0.2686523199081421,0.712225079536438
"(459, 462)",0.10189369382698032,0.08508934825658798,0.13205480575561523,0.7716015577316284
"(459, 463)",0.17614957585365154,0.16438491642475128,0.24105021357536316,0.7307588458061218
"(459, 464)",0.2617063896247771,0.22874459624290466,0.33125603199005127,0.7900426387786865
"(459, 465)",0.23956753549490983,0.1666242927312851,0.5777012705802917,0.4146910309791565
"(466, 481)",0.2407638581499114,0.1793704330921173,0.4914710521697998,0.4898841083049774
"(466, 482)",0.18441015720662346,0.1654534935951233,0.46092483401298523,0.40008726716041565
"(466, 483)",0.3209192181969627,0.30800238251686096,0.5111405849456787,0.6278492212295532
"(466, 484)",0.09026829709562101,0.09830362349748611,0.15561839938163757,0.5800618529319763
"(466, 485)",0.18675712975512404,0.14623978734016418,0.32673928141593933,0.5715784430503845
"(466, 486)",0.1563153173831111,0.14796289801597595,0.2577313780784607,0.6065047979354858
"(466, 487)",0.13304538545184208,0.11907216906547546,0.21920183300971985,0.6069537997245789
"(466, 488)",0.15955382079695823,0.159963458776474,0.2326572686433792,0.6857891082763672
"(466, 489)",0.26263014179799526,0.2555761933326721,0.4856402277946472,0.5407915711402893
"(466, 490)",0.16280261964813647,0.10662367939949036,0.3049542307853699,0.5338591933250427
"(466, 491)",0.2278992019559496,0.18873068690299988,0.43363499641418457,0.5255553722381592
"(466, 492)",0.28669415326668,0.19616779685020447,0.47158578038215637,0.6079363822937012
"(466, 493)",0.08527283245574502,0.07426886260509491,0.1402735412120819,0.6079038977622986
"(466, 494)",0.24148379214134685,0.16682027280330658,0.470082551240921,0.5137050747871399
"(466, 495)",0.1647923635493953,0.15057379007339478,0.31050682067871094,0.530720591545105
"(467, 481)",0.27579545105172265,0.2512098252773285,0.493303507566452,0.5590786337852478
"(467, 482)",0.26832669939607,0.27602913975715637,0.5228332281112671,0.5132166147232056
"(467, 483)",0.3016452288033946,0.39406198263168335,0.49612319469451904,0.6080046892166138
"(467, 484)",0.06477631304124554,0.09834298491477966,0.12003635615110397,0.5396391153335571
"(467, 485)",0.16676752537703976,0.1769411861896515,0.2931634187698364,0.5688551664352417
"(467, 486)",0.14015774292387562,0.16884629428386688,0.22778666019439697,0.6153026819229126
"(467, 487)",0.10408737016091862,0.13332410156726837,0.18684017658233643,0.55709308385849
"(467, 488)",0.1601973873154705,0.2087160050868988,0.22771179676055908,0.7035093903541565
"(467, 489)",0.33365077042928704,0.4127843379974365,0.5455778241157532,0.6115548610687256
"(467, 490)",0.1479797703858612,0.14573034644126892,0.2896905839443207,0.5108200907707214
"(467, 491)",0.2779538758423499,0.28830695152282715,0.45847851037979126,0.6062527894973755
"(467, 492)",0.23592983606896212,0.23269198834896088,0.39011359214782715,0.60477215051651
"(467, 493)",0.0733851674703736,0.08321389555931091,0.12254711985588074,0.5988322496414185
"(467, 494)",0.24209333244668763,0.26177701354026794,0.46636709570884705,0.5191046595573425
"(467, 495)",0.13470754665550544,0.16402679681777954,0.25647079944610596,0.5252354145050049
"(468, 481)",0.15510043538355944,0.15571242570877075,0.41632890701293945,0.3725430369377136
"(468, 482)",0.14072369902365978,0.17265723645687103,0.419605016708374,0.33537182211875916
"(468, 483)",0.21725644726617155,0.2776913344860077,0.4291972815990448,0.5061925053596497
"(468, 484)",0.0773489221328667,0.10567809641361237,0.156662255525589,0.49373042583465576
"(468, 485)",0.18303102035425667,0.15783673524856567,0.37006086111068726,0.49459707736968994
"(468, 486)",0.15507842664807292,0.1612910032272339,0.30621370673179626,0.5064385533332825
"(468, 487)",0.15542400526436495,0.14647939801216125,0.27129340171813965,0.5729000568389893
"(468, 488)",0.16223138914780222,0.20483234524726868,0.2677471935749054,0.6059125661849976
"(468, 489)",0.19412992982287935,0.2474755346775055,0.4515959322452545,0.42987528443336487
"(468, 490)",0.13362432697493443,0.1316649466753006,0.2916282117366791,0.45820096135139465
"(468, 491)",0.21400787355601025,0.18016353249549866,0.4603073000907898,0.4649239182472229
"(468, 492)",0.2860901535037499,0.2208261936903,0.5443681478500366,0.5255453586578369
"(468, 493)",0.11676727508558571,0.11648201197385788,0.20904728770256042,0.5585687160491943
"(468, 494)",0.2521747536543444,0.2504524886608124,0.4787940979003906,0.5266872644424438
"(468, 495)",0.16889214422851406,0.1461198776960373,0.3692605197429657,0.45737937092781067
"(469, 481)",0.1915630329228719,0.17660942673683167,0.47460728883743286,0.4036242961883545
"(469, 482)",0.1740542121562214,0.20578548312187195,0.48341459035873413,0.36005163192749023
"(469, 483)",0.31520189040077184,0.35894888639450073,0.5097172260284424,0.6183857917785645
"(469, 484)",0.10177959164295913,0.09240589290857315,0.18698890507221222,0.5443081855773926
"(469, 485)",0.19449135676495644,0.17915987968444824,0.3862133026123047,0.5035853385925293
"(469, 486)",0.20276389636746472,0.17993436753749847,0.3437085747718811,0.5899296998977661
"(469, 487)",0.1882767433560666,0.1338297575712204,0.3202064633369446,0.5879854559898376
"(469, 488)",0.2087659604178782,0.1831422746181488,0.3002673387527466,0.6952669620513916
"(469, 489)",0.2171789071976633,0.2445301115512848,0.5018649101257324,0.43274375796318054
"(469, 490)",0.15170222482190532,0.1267850399017334,0.34343379735946655,0.4417218863964081
"(469, 491)",0.24855203180276675,0.21567364037036896,0.5479047298431396,0.45364096760749817
"(469, 492)",0.3208689173132768,0.2403661161661148,0.5435020923614502,0.5903729200363159
"(469, 493)",0.17408855601334494,0.1216232180595398,0.26975756883621216,0.6453518867492676
"(469, 494)",0.2545571035188203,0.23742368817329407,0.47082698345184326,0.5406595468521118
"(469, 495)",0.16822590028620965,0.1586989015340805,0.3738161325454712,0.4500231146812439
"(470, 481)",0.1409953750841595,0.1394565850496292,0.43884339928627014,0.3212885856628418
"(470, 482)",0.1354942841772271,0.15937122702598572,0.4324517250061035,0.31331655383110046
"(470, 483)",0.24175185192554594,0.303567498922348,0.4863603711128235,0.49706321954727173
"(470, 484)",0.09848233207058144,0.0975954532623291,0.18886598944664001,0.5214402675628662
"(470, 485)",0.17595735513978283,0.15971919894218445,0.38165083527565,0.46104276180267334
"(470, 486)",0.17041454043299886,0.17146316170692444,0.31359127163887024,0.5434288382530212
"(470, 487)",0.14517227290359713,0.10829715430736542,0.2573152184486389,0.5641806721687317
"(470, 488)",0.21335334235999426,0.19753339886665344,0.33211278915405273,0.6424123048782349
"(470, 489)",0.1681586286801675,0.2359527051448822,0.4550931751728058,0.3695037364959717
"(470, 490)",0.13767549748719432,0.12515608966350555,0.3215928077697754,0.42810502648353577
"(470, 491)",0.19080041413080018,0.17907588183879852,0.4181634783744812,0.4562818706035614
"(470, 492)",0.30744420496876756,0.24126705527305603,0.5349223017692566,0.5747455358505249
"(470, 493)",0.1066823032585873,0.07629753649234772,0.19532784819602966,0.5461704730987549
"(470, 494)",0.2399922809381252,0.22848612070083618,0.4669759273529053,0.5139285922050476
"(470, 495)",0.12287148352896793,0.1400892287492752,0.3040276765823364,0.4041457176208496
"(471, 481)",0.09201587115580079,0.10092339664697647,0.4820275604724884,0.19089338183403015
"(471, 482)",0.06241457525936056,0.11188383400440216,0.4571186900138855,0.13653910160064697
"(471, 483)",0.12249800032597946,0.18272481858730316,0.3838709890842438,0.3191124200820923
"(471, 484)",0.08210458345465188,0.09252944588661194,0.226400226354599,0.36265239119529724
"(471, 485)",0.09578094722285257,0.10596358776092529,0.3508673310279846,0.2729833722114563
"(471, 486)",0.07828728352822356,0.11007329076528549,0.2567034661769867,0.3049716651439667
"(471, 487)",0.11984000134980288,0.09337005764245987,0.33477869629859924,0.3579678237438202
"(471, 488)",0.16614209712016503,0.15899081528186798,0.3694327473640442,0.44972217082977295
"(471, 489)",0.12513494463973718,0.1816539764404297,0.5308074355125427,0.23574452102184296
"(471, 490)",0.08504084141460044,0.09296797215938568,0.3483230769634247,0.24414357542991638
"(471, 491)",0.13612695079167203,0.11054110527038574,0.5310953259468079,0.25631359219551086
"(471, 492)",0.15137060760848797,0.14775218069553375,0.4312887489795685,0.3509727716445923
"(471, 493)",0.10474761418568246,0.07455891370773315,0.2691485583782196,0.3891814053058624
"(471, 494)",0.16105544969950358,0.18703585863113403,0.4518857002258301,0.35640749335289
"(471, 495)",0.07951598751659006,0.09988866746425629,0.31764352321624756,0.2503308951854706
"(472, 481)",0.25395246777828007,0.23835155367851257,0.555998682975769,0.45675012469291687
"(472, 482)",0.2036175552390027,0.2213025540113449,0.5225101709365845,0.3896910846233368
"(472, 483)",0.34303701386214414,0.3802902102470398,0.5643743276596069,0.6078182458877563
"(472, 484)",0.11215401345019416,0.1269664168357849,0.20840680599212646,0.5381494760513306
"(472, 485)",0.2530037019025073,0.22319383919239044,0.4547992944717407,0.5562974810600281
"(472, 486)",0.2527834252745187,0.2029912918806076,0.42197829484939575,0.5990436673164368
"(472, 487)",0.20045207551071087,0.18663308024406433,0.34187638759613037,0.5863291025161743
"(472, 488)",0.2242015527505501,0.21786922216415405,0.3236798644065857,0.6926645040512085
"(472, 489)",0.26920208958259195,0.3064623177051544,0.5683984756469727,0.4736150801181793
"(472, 490)",0.17151715576182713,0.15351226925849915,0.38944777846336365,0.44041118025779724
"(472, 491)",0.2892530192370941,0.2379058301448822,0.5650529861450195,0.511904239654541
"(472, 492)",0.38785546485128464,0.2831534445285797,0.6086251735687256,0.6372649073600769
"(472, 493)",0.17291281852953944,0.11873257160186768,0.26645225286483765,0.6489448547363281
"(472, 494)",0.3334475732164677,0.30509480834007263,0.5595269799232483,0.5959454774856567
"(472, 495)",0.20177219130346202,0.18079935014247894,0.40787607431411743,0.49468994140625
"(473, 481)",0.09099516601204272,0.11300349980592728,0.5748445987701416,0.15829524397850037
"(473, 482)",0.06769347528204861,0.1362394094467163,0.5589311122894287,0.12111237645149231
"(473, 483)",0.1842388645733024,0.24492251873016357,0.5933294296264648,0.31051698327064514
"(473, 484)",0.11148434131286411,0.12078112363815308,0.29905906319618225,0.37278369069099426
"(473, 485)",0.11962072032616256,0.12952390313148499,0.5088664293289185,0.23507292568683624
"(473, 486)",0.1727546553896886,0.2078249454498291,0.4749060571193695,0.3637659549713135
"(473, 487)",0.12645144587375867,0.10759791731834412,0.37313312292099,0.3388909697532654
"(473, 488)",0.1828350282215112,0.18299856781959534,0.42246973514556885,0.43277662992477417
"(473, 489)",0.0997457014624441,0.19392192363739014,0.6151946783065796,0.16213680803775787
"(473, 490)",0.10015279005258826,0.11356700956821442,0.49229300022125244,0.20344142615795135
"(473, 491)",0.1407237635064611,0.15188488364219666,0.6438192129135132,0.21857652068138123
"(473, 492)",0.2828216977487088,0.23449987173080444,0.6620867252349854,0.427167147397995
"(473, 493)",0.14071646988032604,0.09075227379798889,0.31676700711250305,0.44422703981399536
"(473, 494)",0.2289627850623166,0.22557678818702698,0.6479772925376892,0.3533500134944916
"(473, 495)",0.09089219334400767,0.12104122340679169,0.4608156681060791,0.19724197685718536
"(474, 481)",0.10634711661591956,0.13954980671405792,0.48931917548179626,0.21733690798282623
"(474, 482)",0.11789775672244573,0.1993028223514557,0.5311881303787231,0.22195103764533997
"(474, 483)",0.20665900205072774,0.2902320325374603,0.5260876417160034,0.39282238483428955
"(474, 484)",0.09765571621889091,0.1302027702331543,0.2453726977109909,0.39798933267593384
"(474, 485)",0.207192657285864,0.17669054865837097,0.5093514323234558,0.40677741169929504
"(474, 486)",0.19368371543010454,0.23088259994983673,0.43344321846961975,0.44684910774230957
"(474, 487)",0.134080683463508,0.13098108768463135,0.3335553705692291,0.40197429060935974
"(474, 488)",0.1998585925211369,0.22460992634296417,0.3719502389431,0.5373261570930481
"(474, 489)",0.1483660042720203,0.22784268856048584,0.551513135433197,0.2690162658691406
"(474, 490)",0.11719790388814566,0.12740257382392883,0.4168092608451843,0.281178742647171
"(474, 491)",0.19474892161028734,0.20433309674263,0.5843685865402222,0.3332638442516327
"(474, 492)",0.3065221236992244,0.2963045835494995,0.6170254945755005,0.4967738389968872
"(474, 493)",0.1508197176912418,0.14167332649230957,0.302555114030838,0.4984867572784424
"(474, 494)",0.23515715852077257,0.2865619361400604,0.5723767876625061,0.41084328293800354
"(474, 495)",0.11019729658500488,0.14840134978294373,0.3818196654319763,0.2886108458042145
"(475, 481)",0.1482191868109748,0.1424940973520279,0.3954680562019348,0.3747943341732025
"(475, 482)",0.1557659752061724,0.16892939805984497,0.42614710330963135,0.3655216097831726
"(475, 483)",0.23789142677395603,0.27291345596313477,0.42486730217933655,0.5599193572998047
"(475, 484)",0.10134583868057234,0.10057128965854645,0.1857534646987915,0.54559326171875
"(475, 485)",0.2061350266182398,0.16578298807144165,0.386639267206192,0.5331456065177917
"(475, 486)",0.20174032857899604,0.16718798875808716,0.35772404074668884,0.5639551877975464
"(475, 487)",0.16334123940741563,0.12701532244682312,0.2597156763076782,0.6289232969284058
"(475, 488)",0.18940658089075413,0.1809687316417694,0.275900661945343,0.6865028142929077
"(475, 489)",0.20117495893394732,0.23986956477165222,0.45857471227645874,0.43869614601135254
"(475, 490)",0.15272309094088854,0.12546207010746002,0.3202117681503296,0.4769440293312073
"(475, 491)",0.24913479433863017,0.18140989542007446,0.5004396438598633,0.4978318512439728
"(475, 492)",0.2766438458595033,0.22685644030570984,0.48050081729888916,0.57574063539505
"(475, 493)",0.11689813670325133,0.09417849034070969,0.18496225774288177,0.6320107579231262
"(475, 494)",0.25990821786126617,0.20695781707763672,0.4604330062866211,0.5644865036010742
"(475, 495)",0.15158149256421893,0.14052370190620422,0.323079377412796,0.46917724609375
"(476, 481)",0.20399636214336425,0.2017933428287506,0.3945692181587219,0.5170103311538696
"(476, 482)",0.16206266247137613,0.19497115910053253,0.3801276981830597,0.42633742094039917
"(476, 483)",0.21906237432644637,0.295149564743042,0.36232683062553406,0.6045988202095032
"(476, 484)",0.06563180670376845,0.09337273240089417,0.11151037365198135,0.588571310043335
"(476, 485)",0.16028637828632597,0.17960014939308167,0.2687299847602844,0.5964588522911072
"(476, 486)",0.14225149089870914,0.18577924370765686,0.22285176813602448,0.6383233666419983
"(476, 487)",0.12122649358214943,0.13783589005470276,0.1894049346446991,0.6400387287139893
"(476, 488)",0.13386430683324946,0.18220429122447968,0.18369105458259583,0.7287470102310181
"(476, 489)",0.22738538572871114,0.2907092273235321,0.4162846505641937,0.5462257266044617
"(476, 490)",0.1287285617983862,0.13253256678581238,0.234951913356781,0.547893226146698
"(476, 491)",0.21276028927452728,0.20671413838863373,0.37878453731536865,0.5616921186447144
"(476, 492)",0.25304067030039157,0.2491721212863922,0.397500604391098,0.6365793347358704
"(476, 493)",0.0853015038451197,0.10038599371910095,0.12989932298660278,0.6566739678382874
"(476, 494)",0.22161054903471822,0.21382096409797668,0.3931320309638977,0.5637051463127136
"(476, 495)",0.12817866366226838,0.16565033793449402,0.24226367473602295,0.5290874242782593
"(477, 481)",0.11349588024051016,0.12454604357481003,0.40887463092803955,0.277581125497818
"(477, 482)",0.10037511585528236,0.15781530737876892,0.4407271146774292,0.22774890065193176
"(477, 483)",0.18514201569512068,0.24552789330482483,0.42842012643814087,0.43215060234069824
"(477, 484)",0.0628871124365209,0.09472628682851791,0.1619018167257309,0.3884274661540985
"(477, 485)",0.13612618179475788,0.15371103584766388,0.3647083044052124,0.3732467293739319
"(477, 486)",0.14293704887896652,0.1514674574136734,0.33111679553985596,0.43168166279792786
"(477, 487)",0.0971769118027499,0.10955063253641129,0.24531085789203644,0.3961378335952759
"(477, 488)",0.11830144527722553,0.16472142934799194,0.24008426070213318,0.4927496910095215
"(477, 489)",0.15704049098528117,0.23510143160820007,0.486606240272522,0.3227260112762451
"(477, 490)",0.09689203625674203,0.10747916996479034,0.3046262860298157,0.3180685341358185
"(477, 491)",0.19074738665564972,0.17723429203033447,0.510489284992218,0.3736560046672821
"(477, 492)",0.22025650689419773,0.2046392410993576,0.4686901271343231,0.46994057297706604
"(477, 493)",0.07657728161718502,0.07958470284938812,0.17326822876930237,0.4419580101966858
"(477, 494)",0.19645194647813113,0.20040255784988403,0.45030057430267334,0.43626847863197327
"(477, 495)",0.11924896932213258,0.13595032691955566,0.33695343136787415,0.3539034128189087
"(478, 481)",0.20205977996923075,0.14145775139331818,0.4456825852394104,0.45337149500846863
"(478, 482)",0.17905754488878767,0.16626445949077606,0.45361921191215515,0.39473095536231995
"(478, 483)",0.301745118180321,0.29827556014060974,0.4813333749771118,0.6268942356109619
"(478, 484)",0.06373734253589447,0.07392176985740662,0.12816309928894043,0.49731430411338806
"(478, 485)",0.1900583090985517,0.14833810925483704,0.34795960783958435,0.5462079644203186
"(478, 486)",0.14771911627664025,0.12701115012168884,0.259524941444397,0.5691904425621033
"(478, 487)",0.1066371003114952,0.09444235265254974,0.2067120373249054,0.5158727169036865
"(478, 488)",0.1239707672784931,0.1312585473060608,0.1975872814655304,0.6274228096008301
"(478, 489)",0.24967465482628803,0.2529025375843048,0.48300597071647644,0.5169183611869812
"(478, 490)",0.15400230587595587,0.10572517663240433,0.32112666964530945,0.4795687198638916
"(478, 491)",0.24780481322589054,0.1812741458415985,0.4621261954307556,0.5362275838851929
"(478, 492)",0.25595006652292795,0.1826058328151703,0.4171142578125,0.6136209964752197
"(478, 493)",0.09900524991028448,0.07815045863389969,0.1733522117137909,0.5711219310760498
"(478, 494)",0.23467055115696844,0.1760166734457016,0.446819931268692,0.5252016186714172
"(478, 495)",0.14778833587086027,0.13478025794029236,0.3117884397506714,0.4740019738674164
"(479, 481)",0.1783332573104417,0.1568746268749237,0.42010498046875,0.4244968891143799
"(479, 482)",0.18099095053303227,0.18508681654930115,0.4754650890827179,0.38066086173057556
"(479, 483)",0.27203304447099086,0.3104053735733032,0.46226102113723755,0.5884836316108704
"(479, 484)",0.06677931503554646,0.10037693381309509,0.131027489900589,0.5096588134765625
"(479, 485)",0.19659117163877227,0.1791391223669052,0.36326223611831665,0.5411825180053711
"(479, 486)",0.15501524091986774,0.16603130102157593,0.28727224469184875,0.5396109223365784
"(479, 487)",0.1178332149240191,0.13002511858940125,0.21102291345596313,0.5583906173706055
"(479, 488)",0.1614824469161249,0.20673950016498566,0.24230501055717468,0.66644287109375
"(479, 489)",0.25340664154782644,0.31188109517097473,0.5039660930633545,0.5028247833251953
"(479, 490)",0.14964141070071335,0.1439763307571411,0.3130679726600647,0.4779837727546692
"(479, 491)",0.26006802327366074,0.20229406654834747,0.4919402599334717,0.5286577343940735
"(479, 492)",0.27265387524195006,0.23790819942951202,0.46150076389312744,0.5907983183860779
"(479, 493)",0.1054472070970629,0.11361196637153625,0.18000730872154236,0.5857940316200256
"(479, 494)",0.30016272209295636,0.273861289024353,0.5448877215385437,0.5508707761764526
"(479, 495)",0.12805798627797138,0.14841222763061523,0.2871841490268707,0.44590896368026733
"(480, 481)",0.21902351266797915,0.14284998178482056,0.4662766754627228,0.46972864866256714
"(480, 482)",0.1709557583977528,0.1648305505514145,0.4705542325973511,0.36330723762512207
"(480, 483)",0.2855297697158221,0.2896348834037781,0.4845848083496094,0.5892255902290344
"(480, 484)",0.06200284547346335,0.07140675187110901,0.1300804316997528,0.47665005922317505
"(480, 485)",0.1663233549347014,0.13711026310920715,0.3363306224346161,0.49452337622642517
"(480, 486)",0.135091111360925,0.12206406891345978,0.26776251196861267,0.5045183897018433
"(480, 487)",0.09469831290314801,0.08994756639003754,0.19160157442092896,0.4942460060119629
"(480, 488)",0.13412776707309604,0.14056426286697388,0.21906214952468872,0.6122817993164062
"(480, 489)",0.2513082049328492,0.2779558002948761,0.525266706943512,0.47843924164772034
"(480, 490)",0.14264011626674744,0.09266671538352966,0.3070480227470398,0.4645531177520752
"(480, 491)",0.22509358009816083,0.1684466451406479,0.4724206328392029,0.476468563079834
"(480, 492)",0.2727605792383869,0.18008831143379211,0.46179234981536865,0.5906563401222229
"(480, 493)",0.07876526467581613,0.06349842250347137,0.1507929563522339,0.5223404765129089
"(480, 494)",0.2668854086910688,0.18467961251735687,0.4838074743747711,0.5516355633735657
"(480, 495)",0.155707185429816,0.13691550493240356,0.3235878646373749,0.4811898171901703
"(496, 502)",0.20509526828527136,0.2859794795513153,0.36759302020072937,0.5579411387443542
"(496, 503)",0.12375507094324334,0.13872021436691284,0.3924626111984253,0.31532958149909973
"(496, 504)",0.2507890322418227,0.3436478078365326,0.598034679889679,0.4193553328514099
"(496, 505)",0.18854881841330773,0.32218068838119507,0.36360964179039,0.5185473561286926
"(496, 506)",0.1795803012623658,0.22534267604351044,0.4289467930793762,0.41865402460098267
"(496, 507)",0.16627601464763053,0.14324630796909332,0.478946715593338,0.3471701741218567
"(496, 508)",0.14883877305304694,0.1366387903690338,0.3424443006515503,0.4346364438533783
"(497, 502)",0.1403444133364644,0.2413918375968933,0.2835003733634949,0.4950413703918457
"(497, 503)",0.16830660810873255,0.21099936962127686,0.37618488073349,0.4474039673805237
"(497, 504)",0.16541663346438362,0.2177983820438385,0.4015957713127136,0.41189834475517273
"(497, 505)",0.1800736279232069,0.2801271378993988,0.3229804039001465,0.557537317276001
"(497, 506)",0.12861605389205888,0.1783701479434967,0.3345729410648346,0.3844185769557953
"(497, 507)",0.14287828939268366,0.1122097298502922,0.34104281663894653,0.4189453125
"(497, 508)",0.09898065984094018,0.10174527019262314,0.21909567713737488,0.4517691135406494
"(498, 502)",0.13118576674694538,0.17222648859024048,0.22306925058364868,0.5880943536758423
"(498, 503)",0.18447993951577146,0.19468912482261658,0.3994348645210266,0.46185237169265747
"(498, 504)",0.17870313872881383,0.14883221685886383,0.4089919924736023,0.43693554401397705
"(498, 505)",0.161892963077662,0.21435651183128357,0.2599107623100281,0.6228790283203125
"(498, 506)",0.1164426374774008,0.11071659624576569,0.2676254212856293,0.43509557843208313
"(498, 507)",0.12246509358402857,0.08244030177593231,0.3046041429042816,0.40204671025276184
"(498, 508)",0.10001822576564212,0.0903095006942749,0.21077731251716614,0.47452083230018616
"(499, 502)",0.14396480730454186,0.14154988527297974,0.2583681344985962,0.5572080612182617
"(499, 503)",0.2015332328137447,0.16536834836006165,0.3987236022949219,0.5054459571838379
"(499, 504)",0.17148074291972115,0.14925280213356018,0.37900394201278687,0.45245108008384705
"(499, 505)",0.17617758019061824,0.20839612185955048,0.28991836309432983,0.6076799631118774
"(499, 506)",0.12174453454185219,0.10107327997684479,0.26288285851478577,0.4631132483482361
"(499, 507)",0.15588410345471004,0.08395653963088989,0.3511403799057007,0.44393670558929443
"(499, 508)",0.14982268554154032,0.09556153416633606,0.2763662040233612,0.5421165227890015
"(500, 502)",0.13327787549144432,0.16231825947761536,0.291339635848999,0.45746564865112305
"(500, 503)",0.16023217572456883,0.18556836247444153,0.39919313788414,0.40139010548591614
"(500, 504)",0.1422400553049652,0.13666465878486633,0.45797377824783325,0.3105855882167816
"(500, 505)",0.14211390575747718,0.16522915661334991,0.2991640865802765,0.4750366508960724
"(500, 506)",0.11789851785968253,0.11414318531751633,0.3396802246570587,0.3470867872238159
"(500, 507)",0.13016085816180123,0.08512523770332336,0.3829314112663269,0.3399064540863037
"(500, 508)",0.0885314003366382,0.07110442966222763,0.23496297001838684,0.3767887353897095
"(501, 502)",0.10216168418992311,0.13425850868225098,0.2121978998184204,0.4814453125
"(501, 503)",0.20822644226532105,0.17405009269714355,0.4569412171840668,0.45569634437561035
"(501, 504)",0.17135033969975666,0.1521064043045044,0.4491576850414276,0.38149261474609375
"(501, 505)",0.1320447697441951,0.18780533969402313,0.2691670358181,0.4905681312084198
"(501, 506)",0.1078550820560622,0.10442404448986053,0.2753520607948303,0.39169883728027344
"(501, 507)",0.1325746877673275,0.09339515119791031,0.3500383794307709,0.3787432909011841
"(501, 508)",0.08082521995845582,0.06763020157814026,0.19696295261383057,0.4103574752807617
"(509, 531)",0.20112065546146773,0.1062895879149437,0.41632765531539917,0.4830826222896576
"(509, 532)",0.124442181274393,0.11882826685905457,0.3966870605945587,0.31370365619659424
"(509, 533)",0.24004450957690437,0.1826043725013733,0.48474472761154175,0.49519777297973633
"(509, 534)",0.17327181661224067,0.1102508082985878,0.2675512731075287,0.6476209759712219
"(509, 535)",0.09723687129798009,0.09997641295194626,0.3757495880126953,0.2587810456752777
"(509, 536)",0.1799133752592752,0.1594359129667282,0.5019044876098633,0.3584613800048828
"(509, 537)",0.1515381791443673,0.13579566776752472,0.3768099546432495,0.40216076374053955
"(509, 538)",0.15302709597544428,0.17724862694740295,0.40403085947036743,0.3787510097026825
"(509, 539)",0.10093112220987077,0.12576764822006226,0.4203912317752838,0.240088552236557
"(509, 540)",0.11051907163487584,0.09504114091396332,0.4291529059410095,0.2575284242630005
"(509, 541)",0.12094374498734517,0.07248058915138245,0.2886947989463806,0.41893288493156433
"(509, 542)",0.1330152308078425,0.09425002336502075,0.408385694026947,0.32570981979370117
"(509, 543)",0.09652330392305686,0.07061029225587845,0.350100576877594,0.275701642036438
"(509, 544)",0.10479603895712941,0.09528874605894089,0.26805379986763,0.3909515142440796
"(509, 545)",0.08552021519067132,0.07545481622219086,0.3601881265640259,0.2374320775270462
"(509, 546)",0.139998854307831,0.1586047261953354,0.5649208426475525,0.24782030284404755
"(509, 547)",0.17214460446247415,0.19022363424301147,0.5734188556671143,0.3002074360847473
"(509, 548)",0.08233122621631672,0.09585347771644592,0.3203933835029602,0.2569691836833954
"(509, 549)",0.1341543556366318,0.13710591197013855,0.502015233039856,0.26723164319992065
"(509, 550)",0.11941217679828853,0.13328680396080017,0.5553168654441833,0.21503430604934692
"(509, 551)",0.17380995071766847,0.13221633434295654,0.5108895301818848,0.3402104377746582
"(509, 552)",0.2277811456740011,0.19870737195014954,0.6518368721008301,0.34944501519203186
"(510, 531)",0.2425213771320358,0.21131524443626404,0.3671802282333374,0.6604968309402466
"(510, 532)",0.19354913592799505,0.2456636130809784,0.3804817795753479,0.5086948871612549
"(510, 533)",0.31087368116988756,0.29374539852142334,0.4591815173625946,0.6770169734954834
"(510, 534)",0.19472977967769545,0.18788734078407288,0.2570342719554901,0.7576023936271667
"(510, 535)",0.21621579261330837,0.19517412781715393,0.3734317719936371,0.5789967775344849
"(510, 536)",0.3113181020232645,0.260280966758728,0.5405905246734619,0.5758852362632751
"(510, 537)",0.1590296075455857,0.17982882261276245,0.2792581021785736,0.5694717764854431
"(510, 538)",0.24460697380953889,0.28429439663887024,0.41300880908966064,0.5922560691833496
"(510, 539)",0.19224338880238356,0.1859031319618225,0.4175672233104706,0.46038907766342163
"(510, 540)",0.22977447007851026,0.19764748215675354,0.4314134418964386,0.5326085090637207
"(510, 541)",0.1676508893858042,0.1409347951412201,0.26182711124420166,0.6403114199638367
"(510, 542)",0.17058831787109696,0.1427944004535675,0.3117264211177826,0.5472372770309448
"(510, 543)",0.1522061474164893,0.12182635068893433,0.33101290464401245,0.45981937646865845
"(510, 544)",0.16284087651573742,0.16081121563911438,0.2508760690689087,0.6490889191627502
"(510, 545)",0.2067227017821054,0.17410694062709808,0.3837515115737915,0.5386889576911926
"(510, 546)",0.344141423448594,0.30246758460998535,0.5603799223899841,0.6141216158866882
"(510, 547)",0.3253628877299164,0.3467040956020355,0.5436778664588928,0.5984479188919067
"(510, 548)",0.16406218906806913,0.16790762543678284,0.33166396617889404,0.49466389417648315
"(510, 549)",0.2829305808808158,0.24821841716766357,0.5122115612030029,0.552370548248291
"(510, 550)",0.27286529590583086,0.2553449273109436,0.5259713530540466,0.5187835693359375
"(510, 551)",0.31669565863171556,0.2513073980808258,0.5293068885803223,0.5983214378356934
"(510, 552)",0.3480857303961358,0.33471745252609253,0.672887921333313,0.5173012018203735
"(511, 531)",0.21873293952141992,0.1466507613658905,0.3800625205039978,0.5755183100700378
"(511, 532)",0.15118607402865525,0.15444546937942505,0.34791800379753113,0.4345451295375824
"(511, 533)",0.2704500835712498,0.2015380561351776,0.4590202867984772,0.5891898274421692
"(511, 534)",0.1828617819750189,0.15214803814888,0.26532039046287537,0.6892111897468567
"(511, 535)",0.13305382594457527,0.12944911420345306,0.36097896099090576,0.36859163641929626
"(511, 536)",0.20243865235259761,0.10598273575305939,0.4761820435523987,0.425128698348999
"(511, 537)",0.20529906332899728,0.1988988220691681,0.38122156262397766,0.5385295152664185
"(511, 538)",0.17877829356890196,0.19427508115768433,0.377187579870224,0.47397714853286743
"(511, 539)",0.17379302647300765,0.15002480149269104,0.4349460303783417,0.39957377314567566
"(511, 540)",0.16616808137496264,0.14566411077976227,0.41370582580566406,0.4016575813293457
"(511, 541)",0.20247847982442124,0.1326669454574585,0.33300694823265076,0.6080307960510254
"(511, 542)",0.24483914065626422,0.16912998259067535,0.444955438375473,0.5502554178237915
"(511, 543)",0.14894979620969728,0.11456320434808731,0.34105947613716125,0.43672674894332886
"(511, 544)",0.18063623087397573,0.16457512974739075,0.2937193512916565,0.6149960160255432
"(511, 545)",0.14170118438867085,0.11511366814374924,0.37328702211380005,0.3796038329601288
"(511, 546)",0.19445365963851913,0.14951738715171814,0.5268887877464294,0.3690601587295532
"(511, 547)",0.2019405970034569,0.174582839012146,0.525375247001648,0.3843740224838257
"(511, 548)",0.1150741527160335,0.09267924726009369,0.3154713213443756,0.36476898193359375
"(511, 549)",0.1708085090263154,0.12656043469905853,0.46109479665756226,0.370441198348999
"(511, 550)",0.15545511934356426,0.12173031270503998,0.5266924500465393,0.29515349864959717
"(511, 551)",0.18354577759588953,0.12611445784568787,0.46989622712135315,0.39060917496681213
"(511, 552)",0.26061879892635886,0.2249504178762436,0.6518750190734863,0.399798721075058
"(512, 531)",0.19712829137122867,0.1788834035396576,0.2870029807090759,0.6868510246276855
"(512, 532)",0.09936333124268781,0.13752160966396332,0.21411274373531342,0.4640701413154602
"(512, 533)",0.28152234433457757,0.22114117443561554,0.39365866780281067,0.7151432633399963
"(512, 534)",0.11826612132772141,0.12383359670639038,0.15189191699028015,0.7786202430725098
"(512, 535)",0.18575038179804437,0.161269873380661,0.3276363015174866,0.5669407844543457
"(512, 536)",0.31408756141966165,0.201591357588768,0.4994686245918274,0.6288434267044067
"(512, 537)",0.14683424649886945,0.19361788034439087,0.23917782306671143,0.6139124631881714
"(512, 538)",0.2747103770193817,0.29640257358551025,0.45032674074172974,0.6100245714187622
"(512, 539)",0.2726014944552446,0.23992058634757996,0.4447444677352905,0.6129395961761475
"(512, 540)",0.1923835605198203,0.14081025123596191,0.38621458411216736,0.4981260895729065
"(512, 541)",0.127881051668556,0.1168426126241684,0.2024913728237152,0.6315382719039917
"(512, 542)",0.13350264659497846,0.13012634217739105,0.2353585660457611,0.5672308802604675
"(512, 543)",0.12086284454314722,0.10225361585617065,0.2539314031600952,0.47596651315689087
"(512, 544)",0.13111950703592612,0.15837398171424866,0.19712001085281372,0.6651760339736938
"(512, 545)",0.19688972770414637,0.1354924738407135,0.3469889760017395,0.5674235820770264
"(512, 546)",0.2882786069983201,0.2699151635169983,0.4946891963481903,0.5827469229698181
"(512, 547)",0.28902008059685613,0.31079521775245667,0.4935150146484375,0.5856358408927917
"(512, 548)",0.23937090681988593,0.18757446110248566,0.3814072608947754,0.6275992393493652
"(512, 549)",0.2567150762967305,0.1935068815946579,0.48178592324256897,0.5328405499458313
"(512, 550)",0.24645425823649703,0.21299919486045837,0.4885838031768799,0.5044257640838623
"(512, 551)",0.24399070146006174,0.16087067127227783,0.42698219418525696,0.5714306235313416
"(512, 552)",0.3581013261162447,0.28240978717803955,0.6285330653190613,0.569741427898407
"(513, 531)",0.1521997338776373,0.126111701130867,0.25709372758865356,0.5920009613037109
"(513, 532)",0.09422135882209659,0.12834236025810242,0.21065568923950195,0.44727659225463867
"(513, 533)",0.19230142441574216,0.15712407231330872,0.3245864510536194,0.5924505591392517
"(513, 534)",0.12422730752149391,0.1332344114780426,0.15785440802574158,0.7869739532470703
"(513, 535)",0.15151770281441657,0.14928176999092102,0.3142746686935425,0.48211872577667236
"(513, 536)",0.183632327961881,0.11849535256624222,0.3985210657119751,0.4607844948768616
"(513, 537)",0.15276182683383155,0.18159155547618866,0.2741438150405884,0.5572324395179749
"(513, 538)",0.13385982428880627,0.1730990707874298,0.27866777777671814,0.4803563058376312
"(513, 539)",0.19360769315403026,0.1807008683681488,0.42603808641433716,0.4544375240802765
"(513, 540)",0.1650987178297605,0.13470780849456787,0.36582934856414795,0.4512998163700104
"(513, 541)",0.11015764072859824,0.09937460720539093,0.18936334550380707,0.5817263126373291
"(513, 542)",0.13417963284186385,0.12362959235906601,0.2731846570968628,0.4911682605743408
"(513, 543)",0.085750391960838,0.07915541529655457,0.21474188566207886,0.3993184268474579
"(513, 544)",0.12345249520561552,0.14618557691574097,0.19864846765995026,0.6214621067047119
"(513, 545)",0.14873802241123002,0.1011003702878952,0.3080873191356659,0.48277878761291504
"(513, 546)",0.18499799983866438,0.1538514494895935,0.43861472606658936,0.4217779040336609
"(513, 547)",0.1960883947370764,0.20365074276924133,0.4457243084907532,0.4399320185184479
"(513, 548)",0.14451639023690177,0.11392545700073242,0.32023143768310547,0.45128732919692993
"(513, 549)",0.18882889521132817,0.1355467140674591,0.4336986243724823,0.43539196252822876
"(513, 550)",0.1618495169931755,0.13311657309532166,0.42452356219291687,0.3812497854232788
"(513, 551)",0.17779659001730153,0.1324629932641983,0.3557549715042114,0.4997726082801819
"(513, 552)",0.25228909264004074,0.21065539121627808,0.5803332328796387,0.4347314238548279
"(514, 531)",0.1184768162279255,0.11962901055812836,0.2259867936372757,0.5242643356323242
"(514, 532)",0.08323400062116537,0.10533883422613144,0.21006855368614197,0.3962230384349823
"(514, 533)",0.2268260393705397,0.1617656946182251,0.4345819056034088,0.5219408273696899
"(514, 534)",0.09040323243573845,0.09677377343177795,0.13821901381015778,0.6540578603744507
"(514, 535)",0.14073394415756368,0.13046814501285553,0.34147021174430847,0.41214120388031006
"(514, 536)",0.15384659643916354,0.09193816781044006,0.4372856318950653,0.35182175040245056
"(514, 537)",0.10742898674357626,0.14255034923553467,0.24253065884113312,0.44295012950897217
"(514, 538)",0.1322264980889587,0.13147076964378357,0.3625124990940094,0.3647501766681671
"(514, 539)",0.2003842283697299,0.1690395176410675,0.45238202810287476,0.44295355677604675
"(514, 540)",0.13598567411023055,0.11120663583278656,0.38866519927978516,0.3498786985874176
"(514, 541)",0.08135950580500362,0.09071666747331619,0.16473616659641266,0.4938776195049286
"(514, 542)",0.11399059644439102,0.11107733100652695,0.2518843114376068,0.45255139470100403
"(514, 543)",0.08104398741428209,0.0784427672624588,0.22462347149848938,0.36079928278923035
"(514, 544)",0.07122287950991346,0.10590984672307968,0.1535477489233017,0.46384841203689575
"(514, 545)",0.1437980440691362,0.10083705186843872,0.3850969076156616,0.37340742349624634
"(514, 546)",0.18345099441640045,0.13617868721485138,0.5275203585624695,0.34776097536087036
"(514, 547)",0.1553483344204949,0.14338982105255127,0.49165356159210205,0.31597113609313965
"(514, 548)",0.1469183177284208,0.10789776593446732,0.35354185104370117,0.415561318397522
"(514, 549)",0.16201923243031047,0.12205711752176285,0.4902482032775879,0.3304840922355652
"(514, 550)",0.16343989209001997,0.12565748393535614,0.5339165329933167,0.306115061044693
"(514, 551)",0.11824833584567784,0.10749495029449463,0.3411983251571655,0.3465677499771118
"(514, 552)",0.21750509149001118,0.19045445322990417,0.5957889556884766,0.3650707006454468
"(515, 531)",0.09419287084892858,0.12320868670940399,0.18104833364486694,0.520263671875
"(515, 532)",0.06305694752713897,0.11056792736053467,0.16144269704818726,0.3905840814113617
"(515, 533)",0.17518569540349205,0.14864586293697357,0.31484973430633545,0.5564104914665222
"(515, 534)",0.06069515708481932,0.09107745438814163,0.09322664886713028,0.6510494351387024
"(515, 535)",0.1105713717588408,0.11872842907905579,0.25554120540618896,0.4326948821544647
"(515, 536)",0.14502832815573186,0.09958286583423615,0.3323829174041748,0.43632906675338745
"(515, 537)",0.06676005067869539,0.11973043531179428,0.15207934379577637,0.43898171186447144
"(515, 538)",0.11435214503004243,0.1521170437335968,0.2898869216442108,0.39447155594825745
"(515, 539)",0.19649000495502378,0.21016855537891388,0.3911299705505371,0.502364993095398
"(515, 540)",0.11091166324018786,0.10093957185745239,0.3012518882751465,0.3681691884994507
"(515, 541)",0.06557355872562809,0.09233330190181732,0.13662239909172058,0.47996199131011963
"(515, 542)",0.08432441326303675,0.10264894366264343,0.19167935848236084,0.43992432951927185
"(515, 543)",0.06497947100005064,0.08599279820919037,0.17486423254013062,0.37159955501556396
"(515, 544)",0.06345143653499496,0.11653532087802887,0.12364266067743301,0.5131840109825134
"(515, 545)",0.1299248646708442,0.10185450315475464,0.2902595102787018,0.44761621952056885
"(515, 546)",0.17053151974173453,0.1279890090227127,0.4067348539829254,0.41926950216293335
"(515, 547)",0.1611089748166581,0.16387775540351868,0.4298122823238373,0.37483566999435425
"(515, 548)",0.148596293760356,0.12511450052261353,0.31133997440338135,0.4772798418998718
"(515, 549)",0.16173638631276255,0.14503929018974304,0.4136582911014557,0.39099031686782837
"(515, 550)",0.15135291350607094,0.12569880485534668,0.44344767928123474,0.341309517621994
"(515, 551)",0.08939745361435136,0.09012415260076523,0.2502428889274597,0.35724273324012756
"(515, 552)",0.1917228518624441,0.19030871987342834,0.48994582891464233,0.39131438732147217
"(516, 531)",0.18877601106299835,0.11296980082988739,0.3170245289802551,0.5954618453979492
"(516, 532)",0.1536914266377707,0.13460353016853333,0.3018549680709839,0.5091565251350403
"(516, 533)",0.17188947504597607,0.13921448588371277,0.31332382559776306,0.5486000776290894
"(516, 534)",0.1204957349514757,0.09387701004743576,0.19188642501831055,0.6279534101486206
"(516, 535)",0.13256879436537972,0.11659114062786102,0.2937725782394409,0.45126333832740784
"(516, 536)",0.14898442264113498,0.10814076662063599,0.3459432125091553,0.43066149950027466
"(516, 537)",0.15588831338397569,0.13497675955295563,0.29687273502349854,0.5251014828681946
"(516, 538)",0.1052810334166745,0.12195542454719543,0.2540392577648163,0.4144282042980194
"(516, 539)",0.1132176584287663,0.11532904207706451,0.2921653985977173,0.38751220703125
"(516, 540)",0.11919499942700362,0.08550695329904556,0.30007556080818176,0.3972166180610657
"(516, 541)",0.1451677912919962,0.09794635325670242,0.27057957649230957,0.5365068316459656
"(516, 542)",0.19302120644918475,0.1231699213385582,0.3579300045967102,0.53927081823349
"(516, 543)",0.12067868128538173,0.08639267086982727,0.2681184411048889,0.45009467005729675
"(516, 544)",0.13974199182102076,0.12062421441078186,0.243966206908226,0.5727924108505249
"(516, 545)",0.10109692509309376,0.077381432056427,0.26504167914390564,0.38143783807754517
"(516, 546)",0.14655027762573525,0.13029471039772034,0.39678049087524414,0.3693484961986542
"(516, 547)",0.14945274161097544,0.1405099332332611,0.39968663454055786,0.37392479181289673
"(516, 548)",0.10963283118738332,0.10127914696931839,0.2690788507461548,0.4074375629425049
"(516, 549)",0.1223353708356889,0.11115224659442902,0.3404492139816284,0.35933515429496765
"(516, 550)",0.13357427877725758,0.1122569888830185,0.41204044222831726,0.3241775929927826
"(516, 551)",0.14426174086653276,0.11551782488822937,0.37105196714401245,0.38879120349884033
"(516, 552)",0.21210569441041116,0.16806849837303162,0.5125446319580078,0.4138287305831909
"(517, 531)",0.19454308850568758,0.19437114894390106,0.3119297921657562,0.6236758828163147
"(517, 532)",0.1065290684751874,0.18520522117614746,0.25004467368125916,0.4260401427745819
"(517, 533)",0.2904298867331825,0.26943016052246094,0.42679136991500854,0.6804961562156677
"(517, 534)",0.1746123070609098,0.1734854131937027,0.22625456750392914,0.7717515230178833
"(517, 535)",0.14510140588038567,0.17661279439926147,0.30401867628097534,0.477277934551239
"(517, 536)",0.30172451487878504,0.24016445875167847,0.5241544246673584,0.5756404995918274
"(517, 537)",0.13276305831825574,0.19194218516349792,0.24244187772274017,0.5476077795028687
"(517, 538)",0.2410472453373469,0.32220321893692017,0.3857205808162689,0.6249271035194397
"(517, 539)",0.17531975171817749,0.20963141322135925,0.3934316635131836,0.44561678171157837
"(517, 540)",0.18574778362982514,0.1694333851337433,0.41889509558677673,0.44342315196990967
"(517, 541)",0.15390122185926103,0.17003202438354492,0.2523697018623352,0.6098244786262512
"(517, 542)",0.17410522837152698,0.1691531538963318,0.3213867247104645,0.5417312383651733
"(517, 543)",0.09886995778624463,0.12159623205661774,0.2622568905353546,0.37699660658836365
"(517, 544)",0.14091349565024114,0.18196040391921997,0.22448845207691193,0.6277093291282654
"(517, 545)",0.14276819000981789,0.1382984220981598,0.30790144205093384,0.4636814594268799
"(517, 546)",0.2697304085878933,0.32513153553009033,0.4995465576648712,0.5399504899978638
"(517, 547)",0.25738882157702037,0.3403106927871704,0.45794159173965454,0.5620560050010681
"(517, 548)",0.14136726065038374,0.1865447759628296,0.3045065402984619,0.4642503261566162
"(517, 549)",0.22905645042919787,0.24631819128990173,0.46602022647857666,0.49151611328125
"(517, 550)",0.2004957372625089,0.24763193726539612,0.4812164902687073,0.41664353013038635
"(517, 551)",0.259956748203237,0.23139521479606628,0.47407859563827515,0.5483410358428955
"(517, 552)",0.320799868223812,0.3179132342338562,0.6375933289527893,0.5031418204307556
"(518, 531)",0.192825595659734,0.16829738020896912,0.29686781764030457,0.6495335102081299
"(518, 532)",0.12392054557847754,0.18897290527820587,0.26676908135414124,0.46452364325523376
"(518, 533)",0.24396113387666674,0.20701651275157928,0.36686110496520996,0.6649959087371826
"(518, 534)",0.1059242775141378,0.10310198366641998,0.1362372785806656,0.7774984836578369
"(518, 535)",0.15998643490456743,0.18371592462062836,0.33384132385253906,0.4792289733886719
"(518, 536)",0.20126628598368512,0.15529382228851318,0.3879796266555786,0.518754780292511
"(518, 537)",0.17220920887592683,0.2121698558330536,0.302750825881958,0.5688149929046631
"(518, 538)",0.19821193351506494,0.20731161534786224,0.3308520019054413,0.5990954637527466
"(518, 539)",0.2290930082027529,0.22750192880630493,0.4321635961532593,0.5301071405410767
"(518, 540)",0.1777142730828185,0.14854982495307922,0.4059202969074249,0.43780583143234253
"(518, 541)",0.13107570721100892,0.11540038883686066,0.22057142853736877,0.5942551493644714
"(518, 542)",0.1798705386738959,0.14813591539859772,0.3167807459831238,0.567807674407959
"(518, 543)",0.12215900840836902,0.10801747441291809,0.2578200399875641,0.47381502389907837
"(518, 544)",0.1422519202957817,0.16894561052322388,0.22651232779026031,0.6280096173286438
"(518, 545)",0.18527877826772432,0.13082024455070496,0.37471216917037964,0.4944562613964081
"(518, 546)",0.21949654926132212,0.24518141150474548,0.45086634159088135,0.486832857131958
"(518, 547)",0.23966480659499467,0.2516220510005951,0.46477943658828735,0.5156527757644653
"(518, 548)",0.16555301589929883,0.17144592106342316,0.3340723216533661,0.4955604076385498
"(518, 549)",0.19566570681042084,0.18686552345752716,0.4355463683605194,0.44924196600914
"(518, 550)",0.16713189724057997,0.1779898852109909,0.4200100898742676,0.3979235291481018
"(518, 551)",0.1589314047347301,0.13783682882785797,0.34155353903770447,0.4653191566467285
"(518, 552)",0.2929097781595651,0.2586367726325989,0.588912844657898,0.4973737299442291
"(519, 531)",0.14129197742139255,0.10963401198387146,0.23896601796150208,0.5912638902664185
"(519, 532)",0.09403197941949415,0.10620158910751343,0.19779151678085327,0.4754095673561096
"(519, 533)",0.2351553288648578,0.15722006559371948,0.390767902135849,0.6017774939537048
"(519, 534)",0.07382509383189184,0.07528649270534515,0.11051394790410995,0.6680160760879517
"(519, 535)",0.11212091373810296,0.08742348849773407,0.2607095539569855,0.43006062507629395
"(519, 536)",0.13680771541976,0.09728322923183441,0.35789042711257935,0.3822614550590515
"(519, 537)",0.08451156859913667,0.09234432876110077,0.17835992574691772,0.47382599115371704
"(519, 538)",0.12131753910118004,0.13790543377399445,0.2934238612651825,0.41345492005348206
"(519, 539)",0.20938797485223404,0.13583490252494812,0.3995232582092285,0.5240945816040039
"(519, 540)",0.12077339168376966,0.07992547005414963,0.3223915100097656,0.37461715936660767
"(519, 541)",0.08199519813256018,0.06754546612501144,0.1602928638458252,0.5115336775779724
"(519, 542)",0.10648621368878342,0.07466114312410355,0.2067718654870987,0.5149937272071838
"(519, 543)",0.09248187528587293,0.06866875290870667,0.21911542117595673,0.4220692217350006
"(519, 544)",0.07343730920965186,0.07141914963722229,0.13945914804935455,0.5265865325927734
"(519, 545)",0.1533283956213154,0.09779571741819382,0.3424515724182129,0.447737455368042
"(519, 546)",0.1786500533015456,0.13817140460014343,0.4731789827346802,0.3775528073310852
"(519, 547)",0.13873573946849582,0.13453756272792816,0.4320788085460663,0.321088969707489
"(519, 548)",0.16665723830625367,0.1144537553191185,0.3431585431098938,0.4856566786766052
"(519, 549)",0.1299177133033016,0.1066557988524437,0.39990392327308655,0.32487231492996216
"(519, 550)",0.14354193141401517,0.11459764838218689,0.4602827727794647,0.3118559718132019
"(519, 551)",0.10234940657549885,0.0927070900797844,0.27632248401641846,0.3703984022140503
"(519, 552)",0.22627849255513866,0.18715694546699524,0.54656982421875,0.4139974117279053
"(520, 531)",0.19060365190638429,0.17561125755310059,0.29028090834617615,0.6566179394721985
"(520, 532)",0.12476119579030787,0.17773506045341492,0.2529814541339874,0.49316340684890747
"(520, 533)",0.2696132897740533,0.2368057519197464,0.38328424096107483,0.703429102897644
"(520, 534)",0.15762813348028004,0.137970432639122,0.20673510432243347,0.7624642848968506
"(520, 535)",0.14825744205571567,0.13882429897785187,0.29270297288894653,0.5065115690231323
"(520, 536)",0.25436931812358665,0.21395182609558105,0.42515885829925537,0.5982924103736877
"(520, 537)",0.1495255180282964,0.19677743315696716,0.24870213866233826,0.6012232899665833
"(520, 538)",0.20707182065984853,0.2528005540370941,0.33937597274780273,0.6101546287536621
"(520, 539)",0.19431434444496354,0.21227896213531494,0.37937894463539124,0.5121906399726868
"(520, 540)",0.15710113281828697,0.12650929391384125,0.34336358308792114,0.4575358033180237
"(520, 541)",0.12987080810838947,0.11421456933021545,0.21203848719596863,0.6124869585037231
"(520, 542)",0.1473959293334346,0.12262369692325592,0.28625714778900146,0.5149074196815491
"(520, 543)",0.10629998736084723,0.10644546896219254,0.23455291986465454,0.45320257544517517
"(520, 544)",0.13079103825205785,0.15067993104457855,0.20665428042411804,0.6328977942466736
"(520, 545)",0.1362249961706965,0.11593890190124512,0.2874050736427307,0.473982572555542
"(520, 546)",0.24826029763678648,0.2930286228656769,0.4360339045524597,0.569360077381134
"(520, 547)",0.2771814018829275,0.3333527147769928,0.46327537298202515,0.5983080863952637
"(520, 548)",0.15683114256062503,0.17320416867733002,0.29597070813179016,0.5298873782157898
"(520, 549)",0.2543606027301273,0.24553465843200684,0.4487531781196594,0.5668162703514099
"(520, 550)",0.21668769893645035,0.23145821690559387,0.44592511653900146,0.4859284460544586
"(520, 551)",0.24683544256813406,0.19294491410255432,0.4357181787490845,0.5665025115013123
"(520, 552)",0.3403362247681301,0.32413455843925476,0.606974720954895,0.5607090592384338
"(521, 531)",0.20299156471544144,0.16043514013290405,0.29275742173194885,0.6933780312538147
"(521, 532)",0.09304744130764675,0.12193526327610016,0.20738352835178375,0.4486732482910156
"(521, 533)",0.29859427477454403,0.19542041420936584,0.43372035026550293,0.6884488463401794
"(521, 534)",0.11178598910903759,0.10351613909006119,0.14763963222503662,0.7571543455123901
"(521, 535)",0.16220962184752352,0.11701285094022751,0.3076709508895874,0.5272178649902344
"(521, 536)",0.2654227737081847,0.16506513953208923,0.4664019048213959,0.569085955619812
"(521, 537)",0.13823328707668736,0.14769650995731354,0.23054563999176025,0.599591851234436
"(521, 538)",0.19471956630801301,0.1889793872833252,0.378937304019928,0.5138569474220276
"(521, 539)",0.30309538518790546,0.21008388698101044,0.5052596926689148,0.5998803973197937
"(521, 540)",0.1924382971026617,0.11040666699409485,0.38763242959976196,0.49644529819488525
"(521, 541)",0.10507365230948551,0.08885848522186279,0.1826774626970291,0.5751867294311523
"(521, 542)",0.1383106498364377,0.09876222908496857,0.24996188282966614,0.5533269643783569
"(521, 543)",0.09744650465286497,0.08109397441148758,0.21098315715789795,0.46186864376068115
"(521, 544)",0.11554429104479169,0.12478917837142944,0.18657782673835754,0.6192820072174072
"(521, 545)",0.17067190227862739,0.10672291368246078,0.3475151062011719,0.4911208152770996
"(521, 546)",0.28183908046184314,0.21712490916252136,0.5228453874588013,0.5390486121177673
"(521, 547)",0.3025235166992246,0.28846991062164307,0.5538931488990784,0.5461766719818115
"(521, 548)",0.2454907885588149,0.1654532551765442,0.4159831404685974,0.590146005153656
"(521, 549)",0.2648243033191555,0.18647629022598267,0.5360597372055054,0.49402013421058655
"(521, 550)",0.24185173959476813,0.19354347884655,0.5381601452827454,0.449404776096344
"(521, 551)",0.19428392002441086,0.13597965240478516,0.3852750062942505,0.5042733550071716
"(521, 552)",0.3655221523990235,0.26323771476745605,0.6447515487670898,0.5669193863868713
"(522, 531)",0.12023635002291311,0.12705565989017487,0.24298933148384094,0.4948215186595917
"(522, 532)",0.06407246023942914,0.09750692546367645,0.19466379284858704,0.3291442096233368
"(522, 533)",0.20743123545311448,0.15627256035804749,0.3819772005081177,0.5430461168289185
"(522, 534)",0.08102773759133441,0.08340708166360855,0.12908700108528137,0.6276986598968506
"(522, 535)",0.12256619102579691,0.10552981495857239,0.31825900077819824,0.3851146101951599
"(522, 536)",0.16504648215228013,0.1066894456744194,0.4399525225162506,0.37514612078666687
"(522, 537)",0.09850950821624682,0.1457068920135498,0.21931596100330353,0.44916707277297974
"(522, 538)",0.1256076065255911,0.15313127636909485,0.3079848885536194,0.4078369140625
"(522, 539)",0.25634557501665967,0.22352491319179535,0.5089533925056458,0.5036720037460327
"(522, 540)",0.10814686070222734,0.09543236345052719,0.3244006633758545,0.33337435126304626
"(522, 541)",0.08015008429093307,0.0841585248708725,0.16659826040267944,0.4810979664325714
"(522, 542)",0.08854596976678986,0.09545833617448807,0.22722099721431732,0.38969096541404724
"(522, 543)",0.07078749121262717,0.0729110985994339,0.20038986206054688,0.35324886441230774
"(522, 544)",0.09588922044495973,0.12194448709487915,0.18175047636032104,0.5275871753692627
"(522, 545)",0.12046650588522034,0.08791269361972809,0.32469651103019714,0.3710126280784607
"(522, 546)",0.16332961430497583,0.13791686296463013,0.4791383147239685,0.34088197350502014
"(522, 547)",0.15430911465983854,0.14404860138893127,0.4800858497619629,0.3214198350906372
"(522, 548)",0.1616639075476174,0.11294795572757721,0.35859963297843933,0.45082005858421326
"(522, 549)",0.1391651489976775,0.11433304101228714,0.4239114820957184,0.3282882273197174
"(522, 550)",0.14980343820486297,0.11971017718315125,0.4923527240753174,0.30426040291786194
"(522, 551)",0.11252252276680252,0.09116285294294357,0.3370368480682373,0.3338582217693329
"(522, 552)",0.20927310272131194,0.18641281127929688,0.5618112087249756,0.37249720096588135
"(523, 531)",0.2037080040403625,0.12288479506969452,0.45969894528388977,0.44313350319862366
"(523, 532)",0.14385832620768113,0.1555631011724472,0.45329082012176514,0.31736430525779724
"(523, 533)",0.2551844893805537,0.20400598645210266,0.54864501953125,0.4651176631450653
"(523, 534)",0.23350031782949543,0.15754112601280212,0.3583190441131592,0.6516547799110413
"(523, 535)",0.10469243660168637,0.12878254055976868,0.4106981158256531,0.2549133598804474
"(523, 536)",0.16001314383493082,0.138734832406044,0.5991611480712891,0.2670619487762451
"(523, 537)",0.14460862302439992,0.13628637790679932,0.4019339680671692,0.35978204011917114
"(523, 538)",0.12693824141751975,0.18270128965377808,0.4291696548461914,0.2957763671875
"(523, 539)",0.11857523125038494,0.126994788646698,0.5025691390037537,0.2359381467103958
"(523, 540)",0.12780953998906064,0.11433257162570953,0.5086864829063416,0.25125405192375183
"(523, 541)",0.16688383469037404,0.10441681742668152,0.38851726055145264,0.42954033613204956
"(523, 542)",0.17774228585552088,0.12660175561904907,0.5088931918144226,0.3492722809314728
"(523, 543)",0.104557611099942,0.09248187392950058,0.3881377875804901,0.2693827152252197
"(523, 544)",0.1289903135833903,0.12472843378782272,0.30436545610427856,0.4238007664680481
"(523, 545)",0.1104386702338287,0.10209190845489502,0.4473712146282196,0.24686136841773987
"(523, 546)",0.1498151638357612,0.16758057475090027,0.6634830236434937,0.22580105066299438
"(523, 547)",0.14388787817442594,0.2059323638677597,0.6598832011222839,0.2180505245923996
"(523, 548)",0.0841668468504082,0.09685498476028442,0.370133638381958,0.22739583253860474
"(523, 549)",0.10678076186976782,0.139943927526474,0.5737515687942505,0.1861097514629364
"(523, 550)",0.11974598904336364,0.13583722710609436,0.6328348517417908,0.1892215460538864
"(523, 551)",0.18306867194280585,0.1589708775281906,0.5774508714675903,0.3170289993286133
"(523, 552)",0.22100337775728107,0.20622575283050537,0.7324336171150208,0.301738440990448
"(524, 531)",0.1803492841295622,0.12537173926830292,0.301530122756958,0.5981136560440063
"(524, 532)",0.14907771995193642,0.16270576417446136,0.27823904156684875,0.5357900857925415
"(524, 533)",0.13421476554336387,0.14322316646575928,0.2294916808605194,0.5848349928855896
"(524, 534)",0.12743228554680908,0.13853749632835388,0.16447173058986664,0.7747974991798401
"(524, 535)",0.09565420231954747,0.10872544348239899,0.23627793788909912,0.40483763813972473
"(524, 536)",0.08875934083624415,0.0866890400648117,0.21273982524871826,0.4172201454639435
"(524, 537)",0.15485823398100607,0.16177287697792053,0.28113728761672974,0.5508278012275696
"(524, 538)",0.07160362951367816,0.11564188450574875,0.15594302117824554,0.4591653347015381
"(524, 539)",0.09129375773282788,0.11781620979309082,0.26101160049438477,0.3497689664363861
"(524, 540)",0.12889448767382206,0.10839755088090897,0.2908830940723419,0.44311439990997314
"(524, 541)",0.12102037832195123,0.09259647876024246,0.22155800461769104,0.5462243556976318
"(524, 542)",0.19744074931183953,0.136799156665802,0.36932000517845154,0.5346061587333679
"(524, 543)",0.11698562497445852,0.09393301606178284,0.2599007785320282,0.45011648535728455
"(524, 544)",0.15374662474962975,0.14264079928398132,0.25131773948669434,0.6117619276046753
"(524, 545)",0.09871316602416869,0.08675187081098557,0.2329190969467163,0.4238088130950928
"(524, 546)",0.1129407515582681,0.1025732085108757,0.3362099826335907,0.3359232544898987
"(524, 547)",0.13603686965235884,0.14000257849693298,0.4018109142780304,0.33855941891670227
"(524, 548)",0.08342158306753067,0.08841218799352646,0.2267773300409317,0.36785680055618286
"(524, 549)",0.09853128675425182,0.10768620669841766,0.3082628846168518,0.31963396072387695
"(524, 550)",0.12454784557698062,0.1062411516904831,0.3756173551082611,0.331581711769104
"(524, 551)",0.11440078083305494,0.10209155827760696,0.311458557844162,0.36730659008026123
"(524, 552)",0.15752607675982233,0.16477088630199432,0.4289586544036865,0.36722904443740845
"(525, 531)",0.18768019019456972,0.18468081951141357,0.27485620975494385,0.6828304529190063
"(525, 532)",0.10579023736664839,0.16311150789260864,0.21270741522312164,0.4973509609699249
"(525, 533)",0.2816708681705862,0.2380887269973755,0.41239702701568604,0.6830089688301086
"(525, 534)",0.13079338375746374,0.12665417790412903,0.16264498233795166,0.8041648864746094
"(525, 535)",0.17193584861003153,0.1749134063720703,0.3393557369709015,0.5066537261009216
"(525, 536)",0.2134249028554791,0.16200926899909973,0.42591142654418945,0.5011016130447388
"(525, 537)",0.16679512259725016,0.2243967056274414,0.2723846435546875,0.6123514175415039
"(525, 538)",0.19330169062370928,0.21487858891487122,0.3507176339626312,0.551160454750061
"(525, 539)",0.3134766782293994,0.2753807306289673,0.49371597170829773,0.6349332332611084
"(525, 540)",0.1565701064477052,0.1589864194393158,0.3337292969226837,0.4691530168056488
"(525, 541)",0.13207285149121617,0.13319119811058044,0.21080511808395386,0.6265163421630859
"(525, 542)",0.139603172323147,0.14234735071659088,0.24018387496471405,0.5812345743179321
"(525, 543)",0.10493154583115505,0.11975057423114777,0.21714039146900177,0.48324286937713623
"(525, 544)",0.1267453688089617,0.1634937822818756,0.1955186128616333,0.6482521891593933
"(525, 545)",0.16148103441318185,0.1407267153263092,0.3631615936756134,0.44465339183807373
"(525, 546)",0.23397713244573737,0.2352786362171173,0.5092513561248779,0.45945313572883606
"(525, 547)",0.23950391812725869,0.2564873695373535,0.4976155161857605,0.4813031554222107
"(525, 548)",0.2131545690854253,0.16928817331790924,0.3803035020828247,0.5604854226112366
"(525, 549)",0.2209102995031742,0.20610281825065613,0.4695286750793457,0.47049373388290405
"(525, 550)",0.20070616905496763,0.2034670114517212,0.5258529186248779,0.38167738914489746
"(525, 551)",0.18877127320595832,0.15485841035842896,0.40413159132003784,0.4671034812927246
"(525, 552)",0.32435638326774097,0.2909599840641022,0.6184197664260864,0.5244922637939453
"(526, 531)",0.1539281964676178,0.1204095110297203,0.2917520999908447,0.5275992751121521
"(526, 532)",0.0683696532118061,0.08855505287647247,0.2251526266336441,0.3036591410636902
"(526, 533)",0.1990486058090113,0.16010499000549316,0.3523191213607788,0.5649667978286743
"(526, 534)",0.12023986001054254,0.10355821251869202,0.19054889678955078,0.6310184001922607
"(526, 535)",0.12459600683696337,0.1183067262172699,0.2927452325820923,0.4256124198436737
"(526, 536)",0.1740903705289769,0.1215210109949112,0.37388381361961365,0.46562692523002625
"(526, 537)",0.10472692334552036,0.11624494194984436,0.23744088411331177,0.44106525182724
"(526, 538)",0.1442972400546978,0.13348916172981262,0.33616018295288086,0.42925143241882324
"(526, 539)",0.15874063664917415,0.12385952472686768,0.3744267225265503,0.4239564836025238
"(526, 540)",0.1193982338101165,0.10685233026742935,0.34409093856811523,0.34699615836143494
"(526, 541)",0.10264019745016739,0.08170612901449203,0.21731649339199066,0.4723074436187744
"(526, 542)",0.1042627702826957,0.10031471401453018,0.283071905374527,0.3683260977268219
"(526, 543)",0.083208152461971,0.07049956917762756,0.23901522159576416,0.3481290936470032
"(526, 544)",0.10633304161822643,0.10976282507181168,0.20647993683815002,0.5149800181388855
"(526, 545)",0.10154166804636766,0.08026199787855148,0.27870312333106995,0.3643363118171692
"(526, 546)",0.19692889983303985,0.13087496161460876,0.4496645927429199,0.4379462003707886
"(526, 547)",0.18164073993915153,0.14990118145942688,0.43634045124053955,0.41628214716911316
"(526, 548)",0.12018831249434925,0.08528059720993042,0.2727932929992676,0.44058382511138916
"(526, 549)",0.15328266021919568,0.1038414016366005,0.3977530598640442,0.3853714168071747
"(526, 550)",0.14597839475247198,0.11690923571586609,0.4401093125343323,0.33168667554855347
"(526, 551)",0.14739500551360862,0.11168774962425232,0.3575243353843689,0.4122656583786011
"(526, 552)",0.2540895585332894,0.17087306082248688,0.559543788433075,0.4541012942790985
"(527, 531)",0.19978385693992173,0.1470726728439331,0.3093737065792084,0.6457687020301819
"(527, 532)",0.11652531461219695,0.1305258721113205,0.2680251896381378,0.4347550868988037
"(527, 533)",0.2518889149319392,0.17935985326766968,0.3833807706832886,0.6570202112197876
"(527, 534)",0.1802833768873171,0.1446036845445633,0.2585618495941162,0.6972543597221375
"(527, 535)",0.1560876942048317,0.13503581285476685,0.30922144651412964,0.5047764182090759
"(527, 536)",0.22176494110230038,0.130340576171875,0.4129393398761749,0.5370399951934814
"(527, 537)",0.13932935471229513,0.14157287776470184,0.26016107201576233,0.5355503559112549
"(527, 538)",0.17962142107282375,0.15619030594825745,0.3552340865135193,0.5056424140930176
"(527, 539)",0.21228112727038706,0.14864912629127502,0.376124769449234,0.5643901824951172
"(527, 540)",0.1839381148465158,0.12542733550071716,0.3733709454536438,0.49264174699783325
"(527, 541)",0.1599820053700327,0.1299365609884262,0.2657549977302551,0.6019905805587769
"(527, 542)",0.1899470296434025,0.12448327243328094,0.32675328850746155,0.581316351890564
"(527, 543)",0.1267765584699525,0.09717585146427155,0.27651074528694153,0.4584869146347046
"(527, 544)",0.1647043590489332,0.15518519282341003,0.26713472604751587,0.6165591478347778
"(527, 545)",0.15511253562533867,0.10463466495275497,0.31870925426483154,0.4866897761821747
"(527, 546)",0.22684587186862437,0.15876343846321106,0.440367192029953,0.5151289105415344
"(527, 547)",0.2218326540856097,0.1713024377822876,0.43600112199783325,0.5087891817092896
"(527, 548)",0.15160823425744496,0.12011738121509552,0.30167561769485474,0.5025538206100464
"(527, 549)",0.19523284439216582,0.13439218699932098,0.415533185005188,0.469836950302124
"(527, 550)",0.20052668282968522,0.13563264906406403,0.4468461573123932,0.4487600028514862
"(527, 551)",0.19107558073354625,0.1483129858970642,0.3861587643623352,0.49481093883514404
"(527, 552)",0.2899531500024999,0.2272948920726776,0.5453833937644958,0.5316501259803772
"(528, 531)",0.11287229883665262,0.11248140782117844,0.19564315676689148,0.5769294500350952
"(528, 532)",0.10120767499892658,0.13144993782043457,0.2148464322090149,0.4710698425769806
"(528, 533)",0.16601145964181185,0.14586731791496277,0.2817327082157135,0.5892516374588013
"(528, 534)",0.08016220384195138,0.08197295665740967,0.11841457337141037,0.6769623160362244
"(528, 535)",0.078494421554268,0.08025573194026947,0.19757938385009766,0.39728042483329773
"(528, 536)",0.14567318938819263,0.1260918825864792,0.30771711468696594,0.47339969873428345
"(528, 537)",0.10082120726707444,0.11364710330963135,0.1922590732574463,0.5244028568267822
"(528, 538)",0.13419818033429287,0.13687916100025177,0.2561257779598236,0.5239542126655579
"(528, 539)",0.1245375881394466,0.12216737866401672,0.2829160690307617,0.44019269943237305
"(528, 540)",0.10210987860208576,0.07643462717533112,0.25392526388168335,0.4021257162094116
"(528, 541)",0.07581980558414969,0.0681617483496666,0.14349684119224548,0.5283726453781128
"(528, 542)",0.0923811129920642,0.07941937446594238,0.18710651993751526,0.4937354028224945
"(528, 543)",0.09287591522256866,0.07818462699651718,0.20769403874874115,0.44717660546302795
"(528, 544)",0.08255535343667386,0.09262419492006302,0.1499454528093338,0.5505692362785339
"(528, 545)",0.09615575918189379,0.08270116150379181,0.23800116777420044,0.40401381254196167
"(528, 546)",0.15875964059231862,0.17286238074302673,0.3631788492202759,0.43713900446891785
"(528, 547)",0.15745302665889938,0.1737944632768631,0.35854029655456543,0.4391501545906067
"(528, 548)",0.1324998861389961,0.1518423855304718,0.273843377828598,0.4838528037071228
"(528, 549)",0.1363330101108744,0.12585555016994476,0.3398439884185791,0.4011635184288025
"(528, 550)",0.14613682485335389,0.1528092920780182,0.3760286569595337,0.3886321485042572
"(528, 551)",0.11732301646212306,0.1032167375087738,0.2939223051071167,0.3991633653640747
"(528, 552)",0.19905607006460002,0.1969124972820282,0.45564723014831543,0.43686443567276
"(529, 531)",0.3145591929528493,0.1748190075159073,0.5243749022483826,0.5998746156692505
"(529, 532)",0.2005580853261435,0.15998460352420807,0.4506441056728363,0.44504761695861816
"(529, 533)",0.35288919751442904,0.2384900003671646,0.5661286115646362,0.6233375072479248
"(529, 534)",0.25759220507589475,0.15089192986488342,0.3585858941078186,0.718355655670166
"(529, 535)",0.15872234355657433,0.12322991341352463,0.4230502247810364,0.3751855790615082
"(529, 536)",0.2259584056464803,0.12326978147029877,0.5551254749298096,0.40704023838043213
"(529, 537)",0.29509584151796275,0.2243494987487793,0.4940754175186157,0.59726881980896
"(529, 538)",0.2543422505093318,0.18967124819755554,0.5181890726089478,0.4908290505409241
"(529, 539)",0.22155310045992138,0.17056387662887573,0.5400073528289795,0.41027793288230896
"(529, 540)",0.24051668405455473,0.1540389508008957,0.5381399393081665,0.4469407796859741
"(529, 541)",0.21455419659395147,0.11307841539382935,0.3857795000076294,0.5561575889587402
"(529, 542)",0.26590703805104,0.1394573599100113,0.5160520076751709,0.515271782875061
"(529, 543)",0.1778644381814587,0.0990763008594513,0.4151231050491333,0.4284619092941284
"(529, 544)",0.20872372028903463,0.14143505692481995,0.36555811762809753,0.570972740650177
"(529, 545)",0.20716552710825198,0.132219597697258,0.5127806067466736,0.40400421619415283
"(529, 546)",0.23938774794822848,0.16964006423950195,0.6203885078430176,0.38586747646331787
"(529, 547)",0.2505133130838999,0.21684671938419342,0.6171882152557373,0.40589451789855957
"(529, 548)",0.13797274175791507,0.09674645960330963,0.36010947823524475,0.38314110040664673
"(529, 549)",0.18861177161966225,0.1365823596715927,0.5414485931396484,0.3483465909957886
"(529, 550)",0.1933798731915033,0.14605824649333954,0.6039209365844727,0.32020726799964905
"(529, 551)",0.20838385716188412,0.1204562857747078,0.5433853268623352,0.3834918737411499
"(529, 552)",0.32301893293697503,0.24336028099060059,0.7288723587989807,0.44317626953125
"(530, 531)",0.2497778871173466,0.13470424711704254,0.6261374354362488,0.39891862869262695
"(530, 532)",0.1535211170866262,0.11897091567516327,0.5603036880493164,0.2739962637424469
"(530, 533)",0.2834408795087029,0.19500765204429626,0.6807593107223511,0.41635990142822266
"(530, 534)",0.31032595461846313,0.15656401216983795,0.5552175045013428,0.5589268207550049
"(530, 535)",0.1140439961898343,0.10126875340938568,0.5395624041557312,0.21136386692523956
"(530, 536)",0.16459959525722923,0.10394918918609619,0.6880513429641724,0.23922574520111084
"(530, 537)",0.21457334809988282,0.1567573845386505,0.5958603620529175,0.36010676622390747
"(530, 538)",0.1913888044066212,0.15628373622894287,0.6314704418182373,0.3030843436717987
"(530, 539)",0.12321269632777643,0.12097051739692688,0.6173052787780762,0.19959767162799835
"(530, 540)",0.15933518587515394,0.13129986822605133,0.651631236076355,0.24451741576194763
"(530, 541)",0.2248467868009314,0.1196436882019043,0.546421229839325,0.4114898443222046
"(530, 542)",0.21022321678474043,0.12559442222118378,0.6460185050964355,0.32541361451148987
"(530, 543)",0.14126566671338736,0.08586364984512329,0.5372483730316162,0.26294293999671936
"(530, 544)",0.1977002823781504,0.13165831565856934,0.5087919235229492,0.38856804370880127
"(530, 545)",0.12497451981746366,0.09060452878475189,0.6240030527114868,0.20027869939804077
"(530, 546)",0.13977263555268848,0.11461779475212097,0.7135465145111084,0.19588440656661987
"(530, 547)",0.1564165853661592,0.15161600708961487,0.7208901643753052,0.21697700023651123
"(530, 548)",0.1001851763725714,0.06648504734039307,0.477355420589447,0.2098754346370697
"(530, 549)",0.1245528510684224,0.09971202164888382,0.656411349773407,0.18974816799163818
"(530, 550)",0.10764504170751721,0.09463585913181305,0.6744178533554077,0.1596117913722992
"(530, 551)",0.1584885921634438,0.1064441129565239,0.6726021766662598,0.2356349676847458
"(530, 552)",0.2081149555177575,0.1766364574432373,0.7503405213356018,0.2773606777191162
